gbifID	datasetKey	occurrenceID	kingdom	phylum	class	order	family	genus	species	infraspecificEpithet	taxonRank	scientificName	verbatimScientificName	verbatimScientificNameAuthorship	countryCode	locality	stateProvince	occurrenceStatus	individualCount	publishingOrgKey	decimalLatitude	decimalLongitude	coordinateUncertaintyInMeters	coordinatePrecision	elevation	elevationAccuracy	depth	depthAccuracy	eventDate	day	month	year	taxonKey	speciesKey	basisOfRecord	institutionCode	collectionCode	catalogNumber	recordNumber	identifiedBy	dateIdentified	license	rightsHolder	recordedBy	typeStatus	establishmentMeans	lastInterpreted	mediaType	issue
4913120259	040c5662-da76-4782-a48e-cdea1892d14c	TCICR169-24	Animalia	Echinodermata	Echinoidea	Camarodonta	Echinometridae	Echinometra	Echinometra lucunter		UNRANKED	BOLD:ABA2440	BOLD:ABA2440		TC	Only Fans	Turks and Caicos Islands	PRESENT		b3bf3a83-1f68-4541-a03f-330d30d567f5	21.892	-72.115					5.2	0.0	2022-08-08	8	8	2022	10804266	2278861	MATERIAL_SAMPLE	Natural History Museum of Los Angeles County				Michelle E Taylor		CC_BY_4_0		Michelle Taylor			2025-07-20T08:41:35.795Z	StillImage	GEODETIC_DATUM_ASSUMED_WGS84;COUNTRY_DERIVED_FROM_COORDINATES;CONTINENT_DERIVED_FROM_COORDINATES;TAXON_CONCEPT_ID_NOT_FOUND;TAXON_ID_NOT_FOUND;COLLECTION_MATCH_NONE;INSTITUTION_MATCH_FUZZY
4870037745	038f4398-50d3-4643-86f3-a0dceba96125	Invemar:MHNMC:Consec.80845:INVEQU5182	Animalia	Echinodermata	Echinoidea	Camarodonta	Echinometridae	Echinometra	Echinometra lucunter	lucunter	SUBSPECIES	Echinometra lucunter lucunter (Linnaeus, 1758)	Echinometra lucunter lucunter	(Linnaeus, 1758)	CO	Litoral externo a la bahía Tukakas - costado nororiental. Área 2 - Formaciones coralinas	La Guajira	PRESENT	1	f072f648-b8a4-47a0-9e1c-89d790645b5a	11.90638	-71.28148	30.0				2.5	0.5	2023-04-20	20	4	2023	7189075	2278861	HUMAN_OBSERVATION	Instituto de Investigaciones Marinas y Costeras José Benito Vives de Andreis (INVEMAR)	MHNMC	INV EQU5182	2CE720	Giomar Helena Borrero Pérez	2023-08-28T00:00:00	CC_BY_NC_4_0	INVEMAR	Cristina Maria Cedeño Posso;Vanessa Yepes Narváez;Juliana Valentina Sánchez Muñoz			2025-08-01T01:36:45.154Z		
4870037683	038f4398-50d3-4643-86f3-a0dceba96125	Invemar:MHNMC:Consec.80843:INVEQU5180	Animalia	Echinodermata	Echinoidea	Camarodonta	Echinometridae	Echinometra	Echinometra lucunter	lucunter	SUBSPECIES	Echinometra lucunter lucunter (Linnaeus, 1758)	Echinometra lucunter lucunter	(Linnaeus, 1758)	CO	Litoral externo a la bahía Tukakas - costado nororiental. Área 2 - Formaciones coralinas	La Guajira	PRESENT	1	f072f648-b8a4-47a0-9e1c-89d790645b5a	11.90638	-71.28148	30.0				2.5	0.5	2023-04-20	20	4	2023	7189075	2278861	HUMAN_OBSERVATION	Instituto de Investigaciones Marinas y Costeras José Benito Vives de Andreis (INVEMAR)	MHNMC	INV EQU5180	2CE420-Ind2	Giomar Helena Borrero Pérez	2023-08-28T00:00:00	CC_BY_NC_4_0	INVEMAR	Cristina Maria Cedeño Posso;Vanessa Yepes Narváez;Juliana Valentina Sánchez Muñoz			2025-08-01T01:36:44.286Z		
4870037529	038f4398-50d3-4643-86f3-a0dceba96125	Invemar:MHNMC:Consec.80844:INVEQU5181	Animalia	Echinodermata	Echinoidea	Camarodonta	Echinometridae	Echinometra	Echinometra lucunter	lucunter	SUBSPECIES	Echinometra lucunter lucunter (Linnaeus, 1758)	Echinometra lucunter lucunter	(Linnaeus, 1758)	CO	Litoral externo a la bahía Tukakas - costado nororiental. Área 2 - Formaciones coralinas	La Guajira	PRESENT	1	f072f648-b8a4-47a0-9e1c-89d790645b5a	11.90638	-71.28148	30.0				2.5	0.5	2023-04-20	20	4	2023	7189075	2278861	HUMAN_OBSERVATION	Instituto de Investigaciones Marinas y Costeras José Benito Vives de Andreis (INVEMAR)	MHNMC	INV EQU5181	2CE620	Giomar Helena Borrero Pérez	2023-08-28T00:00:00	CC_BY_NC_4_0	INVEMAR	Cristina Maria Cedeño Posso;Vanessa Yepes Narváez;Juliana Valentina Sánchez Muñoz			2025-08-01T01:36:41.579Z		
4870037309	038f4398-50d3-4643-86f3-a0dceba96125	Invemar:MHNMC:Consec.80842:INVEQU5179	Animalia	Echinodermata	Echinoidea	Camarodonta	Echinometridae	Echinometra	Echinometra lucunter	lucunter	SUBSPECIES	Echinometra lucunter lucunter (Linnaeus, 1758)	Echinometra lucunter lucunter	(Linnaeus, 1758)	CO	Litoral externo a la bahía Tukakas - costado nororiental. Área 2 - Formaciones coralinas	La Guajira	PRESENT	1	f072f648-b8a4-47a0-9e1c-89d790645b5a	11.90638	-71.28148	30.0				2.5	0.5	2023-04-20	20	4	2023	7189075	2278861	HUMAN_OBSERVATION	Instituto de Investigaciones Marinas y Costeras José Benito Vives de Andreis (INVEMAR)	MHNMC	INV EQU5179	2CE420-Ind1	Giomar Helena Borrero Pérez	2023-08-28T00:00:00	CC_BY_NC_4_0	INVEMAR	Cristina Maria Cedeño Posso;Vanessa Yepes Narváez;Juliana Valentina Sánchez Muñoz			2025-08-01T01:36:37.547Z		
4400815374	1eaa9e1b-cb70-4ee5-a29e-31e2b5021cc2	UDEA:CEMUA:ECHI:000091	Animalia	Echinodermata	Echinoidea	Camarodonta	Echinometridae	Echinometra	Echinometra lucunter		SPECIES	Echinometra lucunter (Linnaeus, 1758)	Echinometra lucunter	Linnaeus, 1758	CO	Canales de Tio Kike	Bolívar	PRESENT	2	cccff716-2694-4209-9f9e-2f7a484465a0	9.7963	-75.858					4.0	0.0	2012-06-24	24	6	2012	2278861	2278861	PRESERVED_SPECIMEN	Universidad de Antioquia (UDEA)	CEMUA	ECHI:000091		Daniela Yepes Gaurisas	2012-06-24T00:00:00	CC_BY_4_0	Universidad de Antioquia	Mario Hernán Londoño Mesa;Daniela Yepes Gaurisas			2025-08-01T12:28:31.972Z		INSTITUTION_MATCH_NONE
4400815371	1eaa9e1b-cb70-4ee5-a29e-31e2b5021cc2	UDEA:CEMUA:ECHI:000092	Animalia	Echinodermata	Echinoidea	Camarodonta	Echinometridae	Echinometra	Echinometra lucunter		SPECIES	Echinometra lucunter (Linnaeus, 1758)	Echinometra lucunter	Linnaeus, 1758	CO	El Latal	Bolívar	PRESENT	2	cccff716-2694-4209-9f9e-2f7a484465a0	9.3829	-74.8112					2.0	0.0	2011-09-25	25	9	2011	2278861	2278861	PRESERVED_SPECIMEN	Universidad de Antioquia (UDEA)	CEMUA	ECHI:000092		Daniela Yepes Gaurisas	2011-09-25T00:00:00	CC_BY_4_0	Universidad de Antioquia	Daniela Yepes Gaurisas			2025-08-01T12:28:31.966Z		INSTITUTION_MATCH_NONE
4400815364	1eaa9e1b-cb70-4ee5-a29e-31e2b5021cc2	UDEA:CEMUA:ECHI:000085	Animalia	Echinodermata	Echinoidea	Camarodonta	Echinometridae	Echinometra	Echinometra lucunter		SPECIES	Echinometra lucunter (Linnaeus, 1758)	Echinometra lucunter	Linnaeus, 1758	CO	El Latal	Bolívar	PRESENT	2	cccff716-2694-4209-9f9e-2f7a484465a0	9.3829	-74.8112					1.0	0.0	2012-04-22	22	4	2012	2278861	2278861	PRESERVED_SPECIMEN	Universidad de Antioquia (UDEA)	CEMUA	ECHI:000085		Daniela Yepes Gaurisas	2012-04-22T00:00:00	CC_BY_4_0	Universidad de Antioquia	Daniela Yepes Gaurisas			2025-08-01T12:28:31.949Z		INSTITUTION_MATCH_NONE
4168515954	a4305468-d94d-4244-b146-738e52d8a6e9	0ee0ac7cb7d3194dc3d4313633093bd0	Animalia	Echinodermata	Echinoidea	Camarodonta	Echinometridae	Echinometra	Echinometra lucunter		SPECIES	Echinometra lucunter (Linnaeus, 1758)	Echinometra lucunter	(Linnaeus, 1758)	MX	Transecto 1		PRESENT	1	ff90b050-c256-11db-b71b-b8a03c50a862	20.219222	-91.972778			0.0	0.0	2.5	2.5	2016-04-23	23	4	2016	2278861	2278861	PRESERVED_SPECIMEN	ICML-UNAM	CNE	ICML-UNAM 18033		Hernández-Díaz, Y. Q.		CC_BY_4_0	Comisión Nacional para el Conocimiento y Uso de la Biodiversidad (CONABIO)	Hernández-Díaz, Y. Q.	NotAType		2025-07-05T01:58:40.316Z		COORDINATE_ROUNDED;CONTINENT_DERIVED_FROM_COORDINATES;SCIENTIFIC_NAME_ID_NOT_FOUND;TAXON_ID_NOT_FOUND;DEPTH_MIN_MAX_SWAPPED;OCCURRENCE_STATUS_INFERRED_FROM_INDIVIDUAL_COUNT;INSTITUTION_MATCH_NONE
4168515738	a4305468-d94d-4244-b146-738e52d8a6e9	2054524bc99a813c314e7a25ae926d27	Animalia	Echinodermata	Echinoidea	Camarodonta	Echinometridae	Echinometra	Echinometra lucunter		SPECIES	Echinometra lucunter (Linnaeus, 1758)	Echinometra lucunter	(Linnaeus, 1758)	MX	Punta Norte		PRESENT	1	ff90b050-c256-11db-b71b-b8a03c50a862	20.207694	-91.960667			0.0	0.0	2.5	2.5	2016-04-24	24	4	2016	2278861	2278861	PRESERVED_SPECIMEN	ICML-UNAM	CNE	ICML-UNAM 18056		Hernández-Díaz, Y. Q.		CC_BY_4_0	Comisión Nacional para el Conocimiento y Uso de la Biodiversidad (CONABIO)	Hernández-Díaz, Y. Q.	NotAType		2025-07-05T01:58:38.449Z		COORDINATE_ROUNDED;CONTINENT_DERIVED_FROM_COORDINATES;SCIENTIFIC_NAME_ID_NOT_FOUND;TAXON_ID_NOT_FOUND;DEPTH_MIN_MAX_SWAPPED;OCCURRENCE_STATUS_INFERRED_FROM_INDIVIDUAL_COUNT;INSTITUTION_MATCH_NONE
4168515488	a4305468-d94d-4244-b146-738e52d8a6e9	4aba45b0b3dd71becfa6ce7794dca40f	Animalia	Echinodermata	Echinoidea	Camarodonta	Echinometridae	Echinometra	Echinometra lucunter		SPECIES	Echinometra lucunter (Linnaeus, 1758)	Echinometra lucunter	(Linnaeus, 1758)	MX	Transecto 2		PRESENT	1	ff90b050-c256-11db-b71b-b8a03c50a862	20.216139	-91.966111			0.0	0.0	2.0	2.0	2016-04-24	24	4	2016	2278861	2278861	PRESERVED_SPECIMEN	ICML-UNAM	CNE	ICML-UNAM 18049		Hernández-Díaz, Y. Q.		CC_BY_4_0	Comisión Nacional para el Conocimiento y Uso de la Biodiversidad (CONABIO)	Hernández-Díaz, Y. Q.	NotAType		2025-07-05T01:58:37.646Z		COORDINATE_ROUNDED;CONTINENT_DERIVED_FROM_COORDINATES;SCIENTIFIC_NAME_ID_NOT_FOUND;TAXON_ID_NOT_FOUND;DEPTH_MIN_MAX_SWAPPED;OCCURRENCE_STATUS_INFERRED_FROM_INDIVIDUAL_COUNT;INSTITUTION_MATCH_NONE
4168515379	a4305468-d94d-4244-b146-738e52d8a6e9	4d88cc2c4c821f119854c7d8d16a0797	Animalia	Echinodermata	Echinoidea	Camarodonta	Echinometridae	Echinometra	Echinometra lucunter	lucunter	SUBSPECIES	Echinometra lucunter lucunter (Linnaeus, 1758)	Echinometra lucunter subsp. lucunter	(Linnaeus, 1758)	MX	Transecto 3		PRESENT	1	ff90b050-c256-11db-b71b-b8a03c50a862	20.204806	-91.959389			0.0	0.0	2.5	2.5	2016-04-21	21	4	2016	7189075	2278861	PRESERVED_SPECIMEN	ICML-UNAM	CNE	ICML-UNAM 18011		Hernández-Díaz, Y. Q.		CC_BY_4_0	Comisión Nacional para el Conocimiento y Uso de la Biodiversidad (CONABIO)	Hernández-Díaz, Y. Q.	NotAType		2025-07-05T01:58:41.518Z		COORDINATE_ROUNDED;CONTINENT_DERIVED_FROM_COORDINATES;SCIENTIFIC_NAME_ID_NOT_FOUND;TAXON_ID_NOT_FOUND;DEPTH_MIN_MAX_SWAPPED;OCCURRENCE_STATUS_INFERRED_FROM_INDIVIDUAL_COUNT;INSTITUTION_MATCH_NONE
3306394835	a4305468-d94d-4244-b146-738e52d8a6e9	e05d50cb25865797c14d6f178098f564	Animalia	Echinodermata	Echinoidea	Camarodonta	Echinometridae	Echinometra	Echinometra lucunter		SPECIES	Echinometra lucunter (Linnaeus, 1758)	Echinometra lucunter	(Linnaeus, 1758)	MX	Punto 05		PRESENT	1	ff90b050-c256-11db-b71b-b8a03c50a862	20.214806	-91.968917			2.6	2.6	2.65	2.65	2017-04-02	2	4	2017	2278861	2278861	PRESERVED_SPECIMEN	UMDI-FC-UNAM	COREPY	COREPY-0016		Márquez, F.		CC_BY_4_0	Comisión Nacional para el Conocimiento y Uso de la Biodiversidad (CONABIO)	Hernández-Díaz, Y. Q.	NotAType		2025-07-05T01:58:40.896Z		COORDINATE_ROUNDED;CONTINENT_DERIVED_FROM_COORDINATES;SCIENTIFIC_NAME_ID_NOT_FOUND;TAXON_ID_NOT_FOUND;DEPTH_MIN_MAX_SWAPPED;ELEVATION_MIN_MAX_SWAPPED;OCCURRENCE_STATUS_INFERRED_FROM_INDIVIDUAL_COUNT;DIFFERENT_OWNER_INSTITUTION
3306391044	a4305468-d94d-4244-b146-738e52d8a6e9	66d2865fceb716be45eb530e695babb0	Animalia	Echinodermata	Echinoidea	Camarodonta	Echinometridae	Echinometra	Echinometra lucunter		SPECIES	Echinometra lucunter (Linnaeus, 1758)	Echinometra lucunter	(Linnaeus, 1758)	MX	12_TW_A		PRESENT	1	ff90b050-c256-11db-b71b-b8a03c50a862	20.96073	-92.30751			0.0	0.0	8.0	8.0	2017-09-10	10	9	2017	2278861	2278861	PRESERVED_SPECIMEN	UMDI-FC-UNAM	COREPY	COREPY-0248		Márquez, F.		CC_BY_4_0	Comisión Nacional para el Conocimiento y Uso de la Biodiversidad (CONABIO)	Márquez, F.	NotAType		2025-07-05T01:58:39.795Z		CONTINENT_DERIVED_FROM_COORDINATES;SCIENTIFIC_NAME_ID_NOT_FOUND;TAXON_ID_NOT_FOUND;DEPTH_MIN_MAX_SWAPPED;OCCURRENCE_STATUS_INFERRED_FROM_INDIVIDUAL_COUNT;DIFFERENT_OWNER_INSTITUTION
3028117912	26098c25-8f7f-4c71-97ac-1d3db181c65e	http://n2t.net/ark:/65665/3c014c21b-fdc4-41b0-82a4-5739e5a02364	Animalia	Echinodermata	Echinoidea	Camarodonta	Echinometridae	Echinometra	Echinometra lucunter		SPECIES	Echinometra lucunter (Linnaeus, 1758)	Echinometra lucunter	(Linnaeus)	BZ	Belize, Stann Creek, Pelican Cays, back reef lagoon, reef rubble	Stann Creek District	PRESENT	1	bc092ff0-02e4-11dc-991f-b8a03c50a862	16.8021	-88.0811					1.0	0.0	2014-07-07	7	7	2014	2278861	2278861	MATERIAL_SAMPLE	USNM	IZ	USNM 1439098	BCBC_325			CC0_1_0		S. McKeon, A. Windsor, C. Weber, S. Harris, T. Yockachonis, M. Jones & J. Boehm			2025-08-01T10:30:28.650Z		GEODETIC_DATUM_ASSUMED_WGS84;CONTINENT_INVALID;CONTINENT_DERIVED_FROM_COORDINATES
2993588690	f13e2caf-5093-4f9a-9de6-e38775b5a737	INVEMAR:SIMAC:InvVag:TIO-1:2008:M1:002097	Animalia	Echinodermata	Echinoidea	Camarodonta	Echinometridae	Echinometra	Echinometra lucunter		SPECIES	Echinometra lucunter (Linnaeus, 1758)	Echinometra lucunter	(Linnaeus, 1758)	CO	Parque Nacional Natural Corales del Rosario y San Bernardo, Noroeste de Isla Tintipan Tiosolda Estación TIO 1	Bolívar	PRESENT		f072f648-b8a4-47a0-9e1c-89d790645b5a	9.821944	-75.890833					10.5	1.5	2008-09-30	30	9	2008	2278861	2278861	HUMAN_OBSERVATION	Instituto de Investigaciones Marinas y Costeras “José Benito Vives de Andréis” (Invemar)						CC_BY_4_0		Catalina Casas;Johanna Carolina Vega Sequeda			2025-08-02T11:49:05.451Z		COORDINATE_ROUNDED
2993588681	f13e2caf-5093-4f9a-9de6-e38775b5a737	INVEMAR:SIMAC:InvVag:IGU-1:2005:S3:001463	Animalia	Echinodermata	Echinoidea	Camarodonta	Echinometridae	Echinometra	Echinometra lucunter		SPECIES	Echinometra lucunter (Linnaeus, 1758)	Echinometra lucunter	(Linnaeus, 1758)	CO	Reserva de Biosfera Sea Flower, Iguana Estación IGU 1	Archipiélago de San Andrés, Providencia y Santa Catalina	PRESENT		f072f648-b8a4-47a0-9e1c-89d790645b5a	12.500417	-81.733333					10.5	7.5	2005-09-13	13	9	2005	2278861	2278861	HUMAN_OBSERVATION	Instituto de Investigaciones Marinas y Costeras “José Benito Vives de Andréis” (Invemar)						CC_BY_4_0		Carlos Andrés Orozco;Julian Olaya			2025-08-02T11:49:05.448Z		COORDINATE_ROUNDED;CONTINENT_COORDINATE_MISMATCH
2993588668	f13e2caf-5093-4f9a-9de6-e38775b5a737	INVEMAR:SIMAC:InvVag:PAV-1:2013:M3:003053	Animalia	Echinodermata	Echinoidea	Camarodonta	Echinometridae	Echinometra	Echinometra lucunter		SPECIES	Echinometra lucunter (Linnaeus, 1758)	Echinometra lucunter	(Linnaeus, 1758)	CO	Parque Nacional Natural Corales del Rosario y San Bernardo, Isla Pavitos Estación PAV 1	Bolívar	PRESENT		f072f648-b8a4-47a0-9e1c-89d790645b5a	10.174861	-75.770639					14.0	5.0	2013-12-05	5	12	2013	2278861	2278861	HUMAN_OBSERVATION	Instituto de Investigaciones Marinas y Costeras “José Benito Vives de Andréis” (Invemar)						CC_BY_4_0		Laura Muñoz Escobar;Diana Carolina Ballesteros Contreras			2025-08-02T11:49:05.453Z		COORDINATE_ROUNDED
2993588666	f13e2caf-5093-4f9a-9de6-e38775b5a737	INVEMAR:SIMAC:InvVag:MAN-1:2012:S1:002919	Animalia	Echinodermata	Echinoidea	Camarodonta	Echinometridae	Echinometra	Echinometra lucunter		SPECIES	Echinometra lucunter (Linnaeus, 1758)	Echinometra lucunter	(Linnaeus, 1758)	CO	Parque Nacional Natural Corales del Rosario y San Bernardo, Frente a Isla Mangle Estación MAN 1	Bolívar	PRESENT		f072f648-b8a4-47a0-9e1c-89d790645b5a	9.777417	-75.785389					5.0	1.0	2012-12-05	5	12	2012	2278861	2278861	HUMAN_OBSERVATION	Instituto de Investigaciones Marinas y Costeras “José Benito Vives de Andréis” (Invemar)						CC_BY_4_0		Raul Navas Camacho;Johanna Carolina Vega Sequeda			2025-08-02T11:49:05.442Z		COORDINATE_ROUNDED
2993588662	f13e2caf-5093-4f9a-9de6-e38775b5a737	INVEMAR:SIMAC:InvVag:IGU-1:2017:M1:003278	Animalia	Echinodermata	Echinoidea	Camarodonta	Echinometridae	Echinometra	Echinometra lucunter		SPECIES	Echinometra lucunter (Linnaeus, 1758)	Echinometra lucunter	(Linnaeus, 1758)	CO	Reserva de Biosfera Sea Flower, Iguana Estación IGU 1	Archipiélago de San Andrés, Providencia y Santa Catalina	PRESENT		f072f648-b8a4-47a0-9e1c-89d790645b5a	12.500417	-81.733333					10.5	7.5	2017-08-31	31	8	2017	2278861	2278861	HUMAN_OBSERVATION	Instituto de Investigaciones Marinas y Costeras “José Benito Vives de Andréis” (Invemar)						CC_BY_4_0		Laura Sanchez Valencia			2025-08-02T11:49:05.446Z		COORDINATE_ROUNDED;CONTINENT_COORDINATE_MISMATCH
2993588661	f13e2caf-5093-4f9a-9de6-e38775b5a737	INVEMAR:SIMAC:InvVag:MAN-2:2017:M2:003207	Animalia	Echinodermata	Echinoidea	Camarodonta	Echinometridae	Echinometra	Echinometra lucunter		SPECIES	Echinometra lucunter (Linnaeus, 1758)	Echinometra lucunter	(Linnaeus, 1758)	CO	Parque Nacional Natural Corales del Rosario y San Bernardo, Isla Mangle Estación Mangle 2	Bolívar	PRESENT		f072f648-b8a4-47a0-9e1c-89d790645b5a	9.779444	-75.785556					11.5	2.5	2017-07-21	21	7	2017	2278861	2278861	HUMAN_OBSERVATION	Instituto de Investigaciones Marinas y Costeras “José Benito Vives de Andréis” (Invemar)						CC_BY_4_0		Juan David González Corredor			2025-08-02T11:49:05.445Z		COORDINATE_ROUNDED
2993588654	f13e2caf-5093-4f9a-9de6-e38775b5a737	INVEMAR:SIMAC:InvVag:CTI-1:2004:S2:001232	Animalia	Echinodermata	Echinoidea	Camarodonta	Echinometridae	Echinometra	Echinometra lucunter		SPECIES	Echinometra lucunter (Linnaeus, 1758)	Echinometra lucunter	(Linnaeus, 1758)	CO	Ensenada Sapzurro, Cabo Tiburón S Estación CTI 1	Chocó	PRESENT		f072f648-b8a4-47a0-9e1c-89d790645b5a	8.670417	-77.358667					2.5	0.5	2004-06-07	7	6	2004	2278861	2278861	HUMAN_OBSERVATION	Instituto de Investigaciones Marinas y Costeras “José Benito Vives de Andréis” (Invemar)						CC_BY_4_0		Sonia Bejarano;Martha Alejandra Ortiz Del Rio			2025-08-02T11:49:05.446Z		COORDINATE_ROUNDED
2993588647	f13e2caf-5093-4f9a-9de6-e38775b5a737	INVEMAR:SIMAC:InvVag:IGU-1:2011:S1:002663	Animalia	Echinodermata	Echinoidea	Camarodonta	Echinometridae	Echinometra	Echinometra lucunter		SPECIES	Echinometra lucunter (Linnaeus, 1758)	Echinometra lucunter	(Linnaeus, 1758)	CO	Reserva de Biosfera Sea Flower, Iguana Estación IGU 1	Archipiélago de San Andrés, Providencia y Santa Catalina	PRESENT		f072f648-b8a4-47a0-9e1c-89d790645b5a	12.500417	-81.733333					10.5	7.5	2011-08-01	1	8	2011	2278861	2278861	HUMAN_OBSERVATION	Instituto de Investigaciones Marinas y Costeras “José Benito Vives de Andréis” (Invemar)						CC_BY_4_0		Luis Alfonso Gómez;Cindy Melissa Montero			2025-08-02T11:49:05.441Z		COORDINATE_ROUNDED;CONTINENT_COORDINATE_MISMATCH
2993588621	f13e2caf-5093-4f9a-9de6-e38775b5a737	INVEMAR:SIMAC:InvVag:IGU-1:2011:M5:002687	Animalia	Echinodermata	Echinoidea	Camarodonta	Echinometridae	Echinometra	Echinometra lucunter		SPECIES	Echinometra lucunter (Linnaeus, 1758)	Echinometra lucunter	(Linnaeus, 1758)	CO	Reserva de Biosfera Sea Flower, Iguana Estación IGU 1	Archipiélago de San Andrés, Providencia y Santa Catalina	PRESENT		f072f648-b8a4-47a0-9e1c-89d790645b5a	12.500417	-81.733333					10.5	7.5	2011-08-31	31	8	2011	2278861	2278861	HUMAN_OBSERVATION	Instituto de Investigaciones Marinas y Costeras “José Benito Vives de Andréis” (Invemar)						CC_BY_4_0		Luis Alfonso Gómez;Cindy Melissa Montero			2025-08-02T11:49:05.439Z		COORDINATE_ROUNDED;CONTINENT_COORDINATE_MISMATCH
2993588600	f13e2caf-5093-4f9a-9de6-e38775b5a737	INVEMAR:SIMAC:InvVag:WLF-1:2011:S5:002690	Animalia	Echinodermata	Echinoidea	Camarodonta	Echinometridae	Echinometra	Echinometra lucunter		SPECIES	Echinometra lucunter (Linnaeus, 1758)	Echinometra lucunter	(Linnaeus, 1758)	CO	Reserva de Biosfera Sea Flower, Wild Life Estación WLF 1	Archipiélago de San Andrés, Providencia y Santa Catalina	PRESENT		f072f648-b8a4-47a0-9e1c-89d790645b5a	12.513133	-81.731233					10.5	7.5	2011-09-01	1	9	2011	2278861	2278861	HUMAN_OBSERVATION	Instituto de Investigaciones Marinas y Costeras “José Benito Vives de Andréis” (Invemar)						CC_BY_4_0		Luis Alfonso Gómez;Tomás López Londoño			2025-08-02T11:49:05.430Z		COORDINATE_ROUNDED;CONTINENT_COORDINATE_MISMATCH
2993588591	f13e2caf-5093-4f9a-9de6-e38775b5a737	INVEMAR:SIMAC:InvVag:CAP-1:2012:S1:002901	Animalia	Echinodermata	Echinoidea	Camarodonta	Echinometridae	Echinometra	Echinometra lucunter		SPECIES	Echinometra lucunter (Linnaeus, 1758)	Echinometra lucunter	(Linnaeus, 1758)	CO	Ensenada Capurganá Estación CAP 1	Chocó	PRESENT		f072f648-b8a4-47a0-9e1c-89d790645b5a	8.639	-77.344667					2.5	0.5	2012-11-21	21	11	2012	2278861	2278861	HUMAN_OBSERVATION	Instituto de Investigaciones Marinas y Costeras “José Benito Vives de Andréis” (Invemar)						CC_BY_4_0		Kelly Gómez Campo;Raul Navas Camacho			2025-08-02T11:49:05.430Z		COORDINATE_ROUNDED
2993588584	f13e2caf-5093-4f9a-9de6-e38775b5a737	INVEMAR:SIMAC:InvVag:IGU-1:2011:S4:002672	Animalia	Echinodermata	Echinoidea	Camarodonta	Echinometridae	Echinometra	Echinometra lucunter		SPECIES	Echinometra lucunter (Linnaeus, 1758)	Echinometra lucunter	(Linnaeus, 1758)	CO	Reserva de Biosfera Sea Flower, Iguana Estación IGU 1	Archipiélago de San Andrés, Providencia y Santa Catalina	PRESENT		f072f648-b8a4-47a0-9e1c-89d790645b5a	12.500417	-81.733333					10.5	7.5	2011-08-01	1	8	2011	2278861	2278861	HUMAN_OBSERVATION	Instituto de Investigaciones Marinas y Costeras “José Benito Vives de Andréis” (Invemar)						CC_BY_4_0		Luis Alfonso Gómez;Cindy Melissa Montero			2025-08-02T11:49:05.432Z		COORDINATE_ROUNDED;CONTINENT_COORDINATE_MISMATCH
2993588552	f13e2caf-5093-4f9a-9de6-e38775b5a737	INVEMAR:SIMAC:InvVag:TIO-1:2002:M3:000411	Animalia	Echinodermata	Echinoidea	Camarodonta	Echinometridae	Echinometra	Echinometra lucunter		SPECIES	Echinometra lucunter (Linnaeus, 1758)	Echinometra lucunter	(Linnaeus, 1758)	CO	Parque Nacional Natural Corales del Rosario y San Bernardo, Noroeste de Isla Tintipan Tiosolda Estación TIO 1	Bolívar	PRESENT		f072f648-b8a4-47a0-9e1c-89d790645b5a	9.821944	-75.890833					10.5	1.5	2002-05-04	4	5	2002	2278861	2278861	HUMAN_OBSERVATION	Instituto de Investigaciones Marinas y Costeras “José Benito Vives de Andréis” (Invemar)						CC_BY_4_0		Raul Navas Camacho;Nelson Manrique			2025-08-02T11:49:05.368Z		COORDINATE_ROUNDED
2993588549	f13e2caf-5093-4f9a-9de6-e38775b5a737	INVEMAR:SIMAC:InvVag:IGU-1:2001:P5:000123	Animalia	Echinodermata	Echinoidea	Camarodonta	Echinometridae	Echinometra	Echinometra lucunter		SPECIES	Echinometra lucunter (Linnaeus, 1758)	Echinometra lucunter	(Linnaeus, 1758)	CO	Reserva de Biosfera Sea Flower, Iguana Estación IGU 1	Archipiélago de San Andrés, Providencia y Santa Catalina	PRESENT		f072f648-b8a4-47a0-9e1c-89d790645b5a	12.500417	-81.733333					10.5	7.5	2001-09-27	27	9	2001	2278861	2278861	HUMAN_OBSERVATION	Instituto de Investigaciones Marinas y Costeras “José Benito Vives de Andréis” (Invemar)						CC_BY_4_0		Sonia Bejarano;Nelson Manrique			2025-08-02T11:49:05.382Z		COORDINATE_ROUNDED;CONTINENT_COORDINATE_MISMATCH
2993588547	f13e2caf-5093-4f9a-9de6-e38775b5a737	INVEMAR:SIMAC:InvVag:CHE-2:2009:S3:002369	Animalia	Echinodermata	Echinoidea	Camarodonta	Echinometridae	Echinometra	Echinometra lucunter		SPECIES	Echinometra lucunter (Linnaeus, 1758)	Echinometra lucunter	(Linnaeus, 1758)	CO	Parque Nacional Natural Tayrona, Bahía Chengue C2 Estación CHE 2	Magdalena	PRESENT		f072f648-b8a4-47a0-9e1c-89d790645b5a	11.329861	-74.128611					10.0	7.0	2009-11-04	4	11	2009	2278861	2278861	HUMAN_OBSERVATION	Instituto de Investigaciones Marinas y Costeras “José Benito Vives de Andréis” (Invemar)						CC_BY_4_0		Angelica Batista;Raul Navas Camacho			2025-08-02T11:49:05.360Z		COORDINATE_ROUNDED
2993588527	f13e2caf-5093-4f9a-9de6-e38775b5a737	INVEMAR:SIMAC:InvVag:WLF-1:2017:S4:003276	Animalia	Echinodermata	Echinoidea	Camarodonta	Echinometridae	Echinometra	Echinometra lucunter		SPECIES	Echinometra lucunter (Linnaeus, 1758)	Echinometra lucunter	(Linnaeus, 1758)	CO	Reserva de Biosfera Sea Flower, Wild Life Estación WLF 1	Archipiélago de San Andrés, Providencia y Santa Catalina	PRESENT		f072f648-b8a4-47a0-9e1c-89d790645b5a	12.513133	-81.731233					10.5	7.5	2017-08-30	30	8	2017	2278861	2278861	HUMAN_OBSERVATION	Instituto de Investigaciones Marinas y Costeras “José Benito Vives de Andréis” (Invemar)						CC_BY_4_0		Laura Sanchez Valencia			2025-08-02T11:49:05.353Z		COORDINATE_ROUNDED;CONTINENT_COORDINATE_MISMATCH
2993588522	f13e2caf-5093-4f9a-9de6-e38775b5a737	INVEMAR:SIMAC:InvVag:CTI-2:2006:M3:001640	Animalia	Echinodermata	Echinoidea	Camarodonta	Echinometridae	Echinometra	Echinometra lucunter		SPECIES	Echinometra lucunter (Linnaeus, 1758)	Echinometra lucunter	(Linnaeus, 1758)	CO	Ensenada Sapzurro, Cabo Tiburón M Estación CTI 2	Chocó	PRESENT		f072f648-b8a4-47a0-9e1c-89d790645b5a	8.672167	-77.356667					10.5	1.5	2006-07-27	27	7	2006	2278861	2278861	HUMAN_OBSERVATION	Instituto de Investigaciones Marinas y Costeras “José Benito Vives de Andréis” (Invemar)						CC_BY_4_0		Katherine Bernal			2025-08-02T11:49:05.350Z		COORDINATE_ROUNDED
2993588513	f13e2caf-5093-4f9a-9de6-e38775b5a737	INVEMAR:SIMAC:InvVag:CEY-2:2008:M2:002144	Animalia	Echinodermata	Echinoidea	Camarodonta	Echinometridae	Echinometra	Echinometra lucunter		SPECIES	Echinometra lucunter (Linnaeus, 1758)	Echinometra lucunter	(Linnaeus, 1758)	CO	Parque Nacional Natural Corales del Rosario y San Bernardo, Isla Ceycen Estación CEY 2	Bolívar	PRESENT		f072f648-b8a4-47a0-9e1c-89d790645b5a	9.705833	-75.865833					10.5	1.5	2008-10-02	2	10	2008	2278861	2278861	HUMAN_OBSERVATION	Instituto de Investigaciones Marinas y Costeras “José Benito Vives de Andréis” (Invemar)						CC_BY_4_0		Catalina Casas;Tomás López Londoño			2025-08-02T11:49:05.351Z		COORDINATE_ROUNDED
2993588479	f13e2caf-5093-4f9a-9de6-e38775b5a737	INVEMAR:SIMAC:InvVag:CEY-2:2011:M3:002729	Animalia	Echinodermata	Echinoidea	Camarodonta	Echinometridae	Echinometra	Echinometra lucunter		SPECIES	Echinometra lucunter (Linnaeus, 1758)	Echinometra lucunter	(Linnaeus, 1758)	CO	Parque Nacional Natural Corales del Rosario y San Bernardo, Isla Ceycen Estación CEY 2	Bolívar	PRESENT		f072f648-b8a4-47a0-9e1c-89d790645b5a	9.705833	-75.865833					10.5	1.5	2011-11-19	19	11	2011	2278861	2278861	HUMAN_OBSERVATION	Instituto de Investigaciones Marinas y Costeras “José Benito Vives de Andréis” (Invemar)						CC_BY_4_0		Johanna Carolina Vega Sequeda;Cindy Melissa Montero			2025-08-02T11:49:05.346Z		COORDINATE_ROUNDED
2993588477	f13e2caf-5093-4f9a-9de6-e38775b5a737	INVEMAR:SIMAC:InvVag:TES-1:2009:M5:002310	Animalia	Echinodermata	Echinoidea	Camarodonta	Echinometridae	Echinometra	Echinometra lucunter		SPECIES	Echinometra lucunter (Linnaeus, 1758)	Echinometra lucunter	(Linnaeus, 1758)	CO	Parque Nacional Natural Corales del Rosario y San Bernardo, El Tesoro Estación TES 1	Bolívar	PRESENT		f072f648-b8a4-47a0-9e1c-89d790645b5a	10.234194	-75.746444					12.0	7.0	2009-05-22	22	5	2009	2278861	2278861	HUMAN_OBSERVATION	Instituto de Investigaciones Marinas y Costeras “José Benito Vives de Andréis” (Invemar)						CC_BY_4_0		Gloria Castro;Raul Navas Camacho			2025-08-02T11:49:05.331Z		COORDINATE_ROUNDED
2993588476	f13e2caf-5093-4f9a-9de6-e38775b5a737	INVEMAR:SIMAC:InvVag:CHE-1:2009:S3:002355	Animalia	Echinodermata	Echinoidea	Camarodonta	Echinometridae	Echinometra	Echinometra lucunter		SPECIES	Echinometra lucunter (Linnaeus, 1758)	Echinometra lucunter	(Linnaeus, 1758)	CO	Parque Nacional Natural Tayrona, Bahía Chengue C1 Estación CHE 1	Magdalena	PRESENT		f072f648-b8a4-47a0-9e1c-89d790645b5a	11.325611	-74.128361					9.5	6.5	2009-11-04	4	11	2009	2278861	2278861	HUMAN_OBSERVATION	Instituto de Investigaciones Marinas y Costeras “José Benito Vives de Andréis” (Invemar)						CC_BY_4_0		Angelica Batista;Raul Navas Camacho			2025-08-02T11:49:05.336Z		COORDINATE_ROUNDED
2993588468	f13e2caf-5093-4f9a-9de6-e38775b5a737	INVEMAR:SIMAC:InvVag:COC-1:2011:M3:002590	Animalia	Echinodermata	Echinoidea	Camarodonta	Echinometridae	Echinometra	Echinometra lucunter		SPECIES	Echinometra lucunter (Linnaeus, 1758)	Echinometra lucunter	(Linnaeus, 1758)	CO	Parque Nacional Natural Corales del Rosario y San Bernardo, La Coca Estación COC 1	Bolívar	PRESENT		f072f648-b8a4-47a0-9e1c-89d790645b5a	10.170889	-75.788861					8.5	3.5	2011-05-11	11	5	2011	2278861	2278861	HUMAN_OBSERVATION	Instituto de Investigaciones Marinas y Costeras “José Benito Vives de Andréis” (Invemar)						CC_BY_4_0		Raul Navas Camacho;Tomás López Londoño			2025-08-02T11:49:05.345Z		COORDINATE_ROUNDED
2993588460	f13e2caf-5093-4f9a-9de6-e38775b5a737	INVEMAR:SIMAC:InvVag:CTI-1:2006:S2:001631	Animalia	Echinodermata	Echinoidea	Camarodonta	Echinometridae	Echinometra	Echinometra lucunter		SPECIES	Echinometra lucunter (Linnaeus, 1758)	Echinometra lucunter	(Linnaeus, 1758)	CO	Ensenada Sapzurro, Cabo Tiburón S Estación CTI 1	Chocó	PRESENT		f072f648-b8a4-47a0-9e1c-89d790645b5a	8.670417	-77.358667					2.5	0.5	2006-07-26	26	7	2006	2278861	2278861	HUMAN_OBSERVATION	Instituto de Investigaciones Marinas y Costeras “José Benito Vives de Andréis” (Invemar)						CC_BY_4_0		Alexander Taborda;Katherine Bernal			2025-08-02T11:49:05.330Z		COORDINATE_ROUNDED
2993588451	f13e2caf-5093-4f9a-9de6-e38775b5a737	INVEMAR:SIMAC:InvVag:MAN-1:2002:S3:000391	Animalia	Echinodermata	Echinoidea	Camarodonta	Echinometridae	Echinometra	Echinometra lucunter		SPECIES	Echinometra lucunter (Linnaeus, 1758)	Echinometra lucunter	(Linnaeus, 1758)	CO	Parque Nacional Natural Corales del Rosario y San Bernardo, Frente a Isla Mangle Estación MAN 1	Bolívar	PRESENT		f072f648-b8a4-47a0-9e1c-89d790645b5a	9.777417	-75.785389					5.0	1.0	2002-05-03	3	5	2002	2278861	2278861	HUMAN_OBSERVATION	Instituto de Investigaciones Marinas y Costeras “José Benito Vives de Andréis” (Invemar)						CC_BY_4_0		Raul Navas Camacho;Nelson Manrique			2025-08-02T11:49:05.325Z		COORDINATE_ROUNDED
2993588448	f13e2caf-5093-4f9a-9de6-e38775b5a737	INVEMAR:SIMAC:InvVag:COC-1:2010:S4:002519	Animalia	Echinodermata	Echinoidea	Camarodonta	Echinometridae	Echinometra	Echinometra lucunter		SPECIES	Echinometra lucunter (Linnaeus, 1758)	Echinometra lucunter	(Linnaeus, 1758)	CO	Parque Nacional Natural Corales del Rosario y San Bernardo, La Coca Estación COC 1	Bolívar	PRESENT		f072f648-b8a4-47a0-9e1c-89d790645b5a	10.170889	-75.788861					8.5	3.5	2010-08-14	14	8	2010	2278861	2278861	HUMAN_OBSERVATION	Instituto de Investigaciones Marinas y Costeras “José Benito Vives de Andréis” (Invemar)						CC_BY_4_0		Kelly Gómez Campo;Cindy Melissa Montero			2025-08-02T11:49:05.324Z		COORDINATE_ROUNDED
2993588444	f13e2caf-5093-4f9a-9de6-e38775b5a737	INVEMAR:SIMAC:InvVag:LIT-1:2007:S5:001962	Animalia	Echinodermata	Echinoidea	Camarodonta	Echinometridae	Echinometra	Echinometra lucunter		SPECIES	Echinometra lucunter (Linnaeus, 1758)	Echinometra lucunter	(Linnaeus, 1758)	CO	Reserva de Biosfera Sea Flower, little Reef Estación LIT 1	Archipiélago de San Andrés, Providencia y Santa Catalina	PRESENT		f072f648-b8a4-47a0-9e1c-89d790645b5a	12.584717	-81.686283					4.5	1.5	2007-07-18	18	7	2007	2278861	2278861	HUMAN_OBSERVATION	Instituto de Investigaciones Marinas y Costeras “José Benito Vives de Andréis” (Invemar)						CC_BY_4_0		Alfredo Abril;Raul Navas Camacho			2025-08-02T11:49:05.326Z		COORDINATE_ROUNDED;CONTINENT_COORDINATE_MISMATCH
2993588434	f13e2caf-5093-4f9a-9de6-e38775b5a737	INVEMAR:SIMAC:InvVag:CHE-1:2002:S1:000642	Animalia	Echinodermata	Echinoidea	Camarodonta	Echinometridae	Echinometra	Echinometra lucunter		SPECIES	Echinometra lucunter (Linnaeus, 1758)	Echinometra lucunter	(Linnaeus, 1758)	CO	Parque Nacional Natural Tayrona, Bahía Chengue C1 Estación CHE 1	Magdalena	PRESENT		f072f648-b8a4-47a0-9e1c-89d790645b5a	11.325611	-74.128361					9.5	6.5	2002-10-25	25	10	2002	2278861	2278861	HUMAN_OBSERVATION	Instituto de Investigaciones Marinas y Costeras “José Benito Vives de Andréis” (Invemar)						CC_BY_4_0		Nelson Manrique;Sonia Bejarano			2025-08-02T11:49:05.320Z		COORDINATE_ROUNDED
2993588398	f13e2caf-5093-4f9a-9de6-e38775b5a737	INVEMAR:SIMAC:InvVag:CTI-1:2012:S3:002889	Animalia	Echinodermata	Echinoidea	Camarodonta	Echinometridae	Echinometra	Echinometra lucunter		SPECIES	Echinometra lucunter (Linnaeus, 1758)	Echinometra lucunter	(Linnaeus, 1758)	CO	Ensenada Sapzurro, Cabo Tiburón S Estación CTI 1	Chocó	PRESENT		f072f648-b8a4-47a0-9e1c-89d790645b5a	8.670417	-77.358667					2.5	0.5	2012-11-20	20	11	2012	2278861	2278861	HUMAN_OBSERVATION	Instituto de Investigaciones Marinas y Costeras “José Benito Vives de Andréis” (Invemar)						CC_BY_4_0		Tomás López Londoño;Raul Navas Camacho			2025-08-02T11:49:05.308Z		COORDINATE_ROUNDED
2993588396	f13e2caf-5093-4f9a-9de6-e38775b5a737	INVEMAR:SIMAC:InvVag:IGU-1:2002:S5:000573	Animalia	Echinodermata	Echinoidea	Camarodonta	Echinometridae	Echinometra	Echinometra lucunter		SPECIES	Echinometra lucunter (Linnaeus, 1758)	Echinometra lucunter	(Linnaeus, 1758)	CO	Reserva de Biosfera Sea Flower, Iguana Estación IGU 1	Archipiélago de San Andrés, Providencia y Santa Catalina	PRESENT		f072f648-b8a4-47a0-9e1c-89d790645b5a	12.500417	-81.733333					10.5	7.5	2002-09-05	5	9	2002	2278861	2278861	HUMAN_OBSERVATION	Instituto de Investigaciones Marinas y Costeras “José Benito Vives de Andréis” (Invemar)						CC_BY_4_0		María Catalina Reyes Nivia;Sonia Bejarano			2025-08-02T11:49:05.307Z		COORDINATE_ROUNDED;CONTINENT_COORDINATE_MISMATCH
2993588388	f13e2caf-5093-4f9a-9de6-e38775b5a737	INVEMAR:SIMAC:InvVag:PAV-1:2009:S1:002327	Animalia	Echinodermata	Echinoidea	Camarodonta	Echinometridae	Echinometra	Echinometra lucunter		SPECIES	Echinometra lucunter (Linnaeus, 1758)	Echinometra lucunter	(Linnaeus, 1758)	CO	Parque Nacional Natural Corales del Rosario y San Bernardo, Isla Pavitos Estación PAV 1	Bolívar	PRESENT		f072f648-b8a4-47a0-9e1c-89d790645b5a	10.174861	-75.770639					14.0	5.0	2009-05-24	24	5	2009	2278861	2278861	HUMAN_OBSERVATION	Instituto de Investigaciones Marinas y Costeras “José Benito Vives de Andréis” (Invemar)						CC_BY_4_0		Gloria Castro;Tomás López Londoño			2025-08-02T11:49:05.307Z		COORDINATE_ROUNDED
2993588344	f13e2caf-5093-4f9a-9de6-e38775b5a737	INVEMAR:SIMAC:InvVag:CHE-1:2002:S4:000649	Animalia	Echinodermata	Echinoidea	Camarodonta	Echinometridae	Echinometra	Echinometra lucunter		SPECIES	Echinometra lucunter (Linnaeus, 1758)	Echinometra lucunter	(Linnaeus, 1758)	CO	Parque Nacional Natural Tayrona, Bahía Chengue C1 Estación CHE 1	Magdalena	PRESENT		f072f648-b8a4-47a0-9e1c-89d790645b5a	11.325611	-74.128361					9.5	6.5	2002-10-25	25	10	2002	2278861	2278861	HUMAN_OBSERVATION	Instituto de Investigaciones Marinas y Costeras “José Benito Vives de Andréis” (Invemar)						CC_BY_4_0		Nelson Manrique;Sonia Bejarano			2025-08-02T11:49:05.301Z		COORDINATE_ROUNDED
2993588341	f13e2caf-5093-4f9a-9de6-e38775b5a737	INVEMAR:SIMAC:InvVag:LIT-1:2007:S2:001954	Animalia	Echinodermata	Echinoidea	Camarodonta	Echinometridae	Echinometra	Echinometra lucunter		SPECIES	Echinometra lucunter (Linnaeus, 1758)	Echinometra lucunter	(Linnaeus, 1758)	CO	Reserva de Biosfera Sea Flower, little Reef Estación LIT 1	Archipiélago de San Andrés, Providencia y Santa Catalina	PRESENT		f072f648-b8a4-47a0-9e1c-89d790645b5a	12.584717	-81.686283					4.5	1.5	2007-07-18	18	7	2007	2278861	2278861	HUMAN_OBSERVATION	Instituto de Investigaciones Marinas y Costeras “José Benito Vives de Andréis” (Invemar)						CC_BY_4_0		Nacor Bolaños;Raul Navas Camacho			2025-08-02T11:49:05.347Z		COORDINATE_ROUNDED;CONTINENT_COORDINATE_MISMATCH
2993588329	f13e2caf-5093-4f9a-9de6-e38775b5a737	INVEMAR:SIMAC:InvVag:PAV-1:2009:S4:002338	Animalia	Echinodermata	Echinoidea	Camarodonta	Echinometridae	Echinometra	Echinometra lucunter		SPECIES	Echinometra lucunter (Linnaeus, 1758)	Echinometra lucunter	(Linnaeus, 1758)	CO	Parque Nacional Natural Corales del Rosario y San Bernardo, Isla Pavitos Estación PAV 1	Bolívar	PRESENT		f072f648-b8a4-47a0-9e1c-89d790645b5a	10.174861	-75.770639					14.0	5.0	2009-05-24	24	5	2009	2278861	2278861	HUMAN_OBSERVATION	Instituto de Investigaciones Marinas y Costeras “José Benito Vives de Andréis” (Invemar)						CC_BY_4_0		Gloria Castro;Tomás López Londoño			2025-08-02T11:49:05.298Z		COORDINATE_ROUNDED
2993588328	f13e2caf-5093-4f9a-9de6-e38775b5a737	INVEMAR:SIMAC:InvVag:IGU-1:2002:S2:000565	Animalia	Echinodermata	Echinoidea	Camarodonta	Echinometridae	Echinometra	Echinometra lucunter		SPECIES	Echinometra lucunter (Linnaeus, 1758)	Echinometra lucunter	(Linnaeus, 1758)	CO	Reserva de Biosfera Sea Flower, Iguana Estación IGU 1	Archipiélago de San Andrés, Providencia y Santa Catalina	PRESENT		f072f648-b8a4-47a0-9e1c-89d790645b5a	12.500417	-81.733333					10.5	7.5	2002-09-05	5	9	2002	2278861	2278861	HUMAN_OBSERVATION	Instituto de Investigaciones Marinas y Costeras “José Benito Vives de Andréis” (Invemar)						CC_BY_4_0		Sonia Bejarano			2025-08-02T11:49:05.344Z		COORDINATE_ROUNDED;CONTINENT_COORDINATE_MISMATCH
2993588277	f13e2caf-5093-4f9a-9de6-e38775b5a737	INVEMAR:SIMAC:InvVag:ACU-2:2017:S5:003311	Animalia	Echinodermata	Echinoidea	Camarodonta	Echinometridae	Echinometra	Echinometra lucunter		SPECIES	Echinometra lucunter (Linnaeus, 1758)	Echinometra lucunter	(Linnaeus, 1758)	CO	Reserva de Biosfera Sea Flower, Acuario Estación ACU 2	Archipiélago de San Andrés, Providencia y Santa Catalina	PRESENT		f072f648-b8a4-47a0-9e1c-89d790645b5a	12.548917	-81.69695					4.5	1.5	2017-09-02	2	9	2017	2278861	2278861	HUMAN_OBSERVATION	Instituto de Investigaciones Marinas y Costeras “José Benito Vives de Andréis” (Invemar)						CC_BY_4_0		Laura Sanchez Valencia			2025-08-02T11:49:05.260Z		COORDINATE_ROUNDED;CONTINENT_COORDINATE_MISMATCH
2993588275	f13e2caf-5093-4f9a-9de6-e38775b5a737	INVEMAR:SIMAC:InvVag:TES-1:2009:M2:002303	Animalia	Echinodermata	Echinoidea	Camarodonta	Echinometridae	Echinometra	Echinometra lucunter		SPECIES	Echinometra lucunter (Linnaeus, 1758)	Echinometra lucunter	(Linnaeus, 1758)	CO	Parque Nacional Natural Corales del Rosario y San Bernardo, El Tesoro Estación TES 1	Bolívar	PRESENT		f072f648-b8a4-47a0-9e1c-89d790645b5a	10.234194	-75.746444					12.0	7.0	2009-05-22	22	5	2009	2278861	2278861	HUMAN_OBSERVATION	Instituto de Investigaciones Marinas y Costeras “José Benito Vives de Andréis” (Invemar)						CC_BY_4_0		Gloria Castro;Raul Navas Camacho			2025-08-02T11:49:05.291Z		COORDINATE_ROUNDED
2993588263	f13e2caf-5093-4f9a-9de6-e38775b5a737	INVEMAR:SIMAC:InvVag:ACU-2:2006:S3:001712	Animalia	Echinodermata	Echinoidea	Camarodonta	Echinometridae	Echinometra	Echinometra lucunter		SPECIES	Echinometra lucunter (Linnaeus, 1758)	Echinometra lucunter	(Linnaeus, 1758)	CO	Reserva de Biosfera Sea Flower, Acuario Estación ACU 2	Archipiélago de San Andrés, Providencia y Santa Catalina	PRESENT		f072f648-b8a4-47a0-9e1c-89d790645b5a	12.548917	-81.69695					4.5	1.5	2006-09-22	22	9	2006	2278861	2278861	HUMAN_OBSERVATION	Instituto de Investigaciones Marinas y Costeras “José Benito Vives de Andréis” (Invemar)						CC_BY_4_0		Nadiezhda Santodomingo Aguilar;Kelly Gómez Campo			2025-08-02T11:49:05.287Z		COORDINATE_ROUNDED;CONTINENT_COORDINATE_MISMATCH
2993588262	f13e2caf-5093-4f9a-9de6-e38775b5a737	INVEMAR:SIMAC:InvVag:CEY-1:2002:S2:000370	Animalia	Echinodermata	Echinoidea	Camarodonta	Echinometridae	Echinometra	Echinometra lucunter		SPECIES	Echinometra lucunter (Linnaeus, 1758)	Echinometra lucunter	(Linnaeus, 1758)	CO	Parque Nacional Natural Corales del Rosario y San Bernardo, Ceycen Estación CEY 1	Bolívar	PRESENT		f072f648-b8a4-47a0-9e1c-89d790645b5a	9.705528	-75.866139					4.5	1.5	2002-05-03	3	5	2002	2278861	2278861	HUMAN_OBSERVATION	Instituto de Investigaciones Marinas y Costeras “José Benito Vives de Andréis” (Invemar)						CC_BY_4_0		Sonia Bejarano;Nelson Manrique			2025-08-02T11:49:05.291Z		COORDINATE_ROUNDED
2993588211	f13e2caf-5093-4f9a-9de6-e38775b5a737	INVEMAR:SIMAC:InvVag:CEY-2:2002:M3:000385	Animalia	Echinodermata	Echinoidea	Camarodonta	Echinometridae	Echinometra	Echinometra lucunter		SPECIES	Echinometra lucunter (Linnaeus, 1758)	Echinometra lucunter	(Linnaeus, 1758)	CO	Parque Nacional Natural Corales del Rosario y San Bernardo, Isla Ceycen Estación CEY 2	Bolívar	PRESENT		f072f648-b8a4-47a0-9e1c-89d790645b5a	9.705833	-75.865833					10.5	1.5	2002-05-03	3	5	2002	2278861	2278861	HUMAN_OBSERVATION	Instituto de Investigaciones Marinas y Costeras “José Benito Vives de Andréis” (Invemar)						CC_BY_4_0		Raul Navas Camacho;Nelson Manrique			2025-08-02T11:49:05.260Z		COORDINATE_ROUNDED
2993588203	f13e2caf-5093-4f9a-9de6-e38775b5a737	INVEMAR:SIMAC:InvVag:BAR-1:2006:S2:001758	Animalia	Echinodermata	Echinoidea	Camarodonta	Echinometridae	Echinometra	Echinometra lucunter		SPECIES	Echinometra lucunter (Linnaeus, 1758)	Echinometra lucunter	(Linnaeus, 1758)	CO	Reserva de Biosfera Sea Flower, The Bar Estación BAR 1	Archipiélago de San Andrés, Providencia y Santa Catalina	PRESENT		f072f648-b8a4-47a0-9e1c-89d790645b5a	13.367233	-81.396967					10.5	1.5	2006-09-29	29	9	2006	2278861	2278861	HUMAN_OBSERVATION	Instituto de Investigaciones Marinas y Costeras “José Benito Vives de Andréis” (Invemar)						CC_BY_4_0		Nicasio Howard;Katherine Bernal			2025-08-02T11:49:05.283Z		COORDINATE_ROUNDED;CONTINENT_COORDINATE_MISMATCH
2993588192	f13e2caf-5093-4f9a-9de6-e38775b5a737	INVEMAR:SIMAC:InvVag:AGU-1:2002:S3:000449	Animalia	Echinodermata	Echinoidea	Camarodonta	Echinometridae	Echinometra	Echinometra lucunter		SPECIES	Echinometra lucunter (Linnaeus, 1758)	Echinometra lucunter	(Linnaeus, 1758)	CO	Ensenada Capurganá, Punta del Aguacate, al fondo de la ensenada, Aguacate S Estación AGU 1	Chocó	PRESENT		f072f648-b8a4-47a0-9e1c-89d790645b5a	8.616722	-77.326861					4.5	1.5	2002-07-02	2	7	2002	2278861	2278861	HUMAN_OBSERVATION	Instituto de Investigaciones Marinas y Costeras “José Benito Vives de Andréis” (Invemar)						CC_BY_4_0		Jaime Garzón Ferreira;Nelson Manrique			2025-08-02T11:49:05.287Z		COORDINATE_ROUNDED
2993588171	f13e2caf-5093-4f9a-9de6-e38775b5a737	INVEMAR:SIMAC:InvVag:CHE-1:2017:S5:003350	Animalia	Echinodermata	Echinoidea	Camarodonta	Echinometridae	Echinometra	Echinometra lucunter		SPECIES	Echinometra lucunter (Linnaeus, 1758)	Echinometra lucunter	(Linnaeus, 1758)	CO	Parque Nacional Natural Tayrona, Bahía Chengue C1 Estación CHE 1	Magdalena	PRESENT		f072f648-b8a4-47a0-9e1c-89d790645b5a	11.325611	-74.128361					9.5	6.5	2017-11-28	28	11	2017	2278861	2278861	HUMAN_OBSERVATION	Instituto de Investigaciones Marinas y Costeras “José Benito Vives de Andréis” (Invemar)						CC_BY_4_0		Simon Robledo Cardona			2025-08-02T11:49:05.251Z		COORDINATE_ROUNDED
2993588170	f13e2caf-5093-4f9a-9de6-e38775b5a737	INVEMAR:SIMAC:InvVag:IGU-1:2006:M5:001677	Animalia	Echinodermata	Echinoidea	Camarodonta	Echinometridae	Echinometra	Echinometra lucunter		SPECIES	Echinometra lucunter (Linnaeus, 1758)	Echinometra lucunter	(Linnaeus, 1758)	CO	Reserva de Biosfera Sea Flower, Iguana Estación IGU 1	Archipiélago de San Andrés, Providencia y Santa Catalina	PRESENT		f072f648-b8a4-47a0-9e1c-89d790645b5a	12.500417	-81.733333					10.5	7.5	2006-09-20	20	9	2006	2278861	2278861	HUMAN_OBSERVATION	Instituto de Investigaciones Marinas y Costeras “José Benito Vives de Andréis” (Invemar)						CC_BY_4_0		Kelly Gómez Campo			2025-08-02T11:49:05.251Z		COORDINATE_ROUNDED;CONTINENT_COORDINATE_MISMATCH
2993588136	f13e2caf-5093-4f9a-9de6-e38775b5a737	INVEMAR:SIMAC:InvVag:CTI-1:2003:S1:000842	Animalia	Echinodermata	Echinoidea	Camarodonta	Echinometridae	Echinometra	Echinometra lucunter		SPECIES	Echinometra lucunter (Linnaeus, 1758)	Echinometra lucunter	(Linnaeus, 1758)	CO	Ensenada Sapzurro, Cabo Tiburón S Estación CTI 1	Chocó	PRESENT		f072f648-b8a4-47a0-9e1c-89d790645b5a	8.670417	-77.358667					2.5	0.5	2003-06-11	11	6	2003	2278861	2278861	HUMAN_OBSERVATION	Instituto de Investigaciones Marinas y Costeras “José Benito Vives de Andréis” (Invemar)						CC_BY_4_0		Raul Navas Camacho;María Catalina Reyes Nivia			2025-08-02T11:49:05.249Z		COORDINATE_ROUNDED
2993588130	f13e2caf-5093-4f9a-9de6-e38775b5a737	INVEMAR:SIMAC:InvVag:IGU-1:2002:M1:000520	Animalia	Echinodermata	Echinoidea	Camarodonta	Echinometridae	Echinometra	Echinometra lucunter		SPECIES	Echinometra lucunter (Linnaeus, 1758)	Echinometra lucunter	(Linnaeus, 1758)	CO	Reserva de Biosfera Sea Flower, Iguana Estación IGU 1	Archipiélago de San Andrés, Providencia y Santa Catalina	PRESENT		f072f648-b8a4-47a0-9e1c-89d790645b5a	12.500417	-81.733333					10.5	7.5	2002-09-04	4	9	2002	2278861	2278861	HUMAN_OBSERVATION	Instituto de Investigaciones Marinas y Costeras “José Benito Vives de Andréis” (Invemar)						CC_BY_4_0		Raul Navas Camacho;Sonia Bejarano			2025-08-02T11:49:05.243Z		COORDINATE_ROUNDED;CONTINENT_COORDINATE_MISMATCH
2993588090	f13e2caf-5093-4f9a-9de6-e38775b5a737	INVEMAR:SIMAC:InvVag:IGU-1:2017:S3:003284	Animalia	Echinodermata	Echinoidea	Camarodonta	Echinometridae	Echinometra	Echinometra lucunter		SPECIES	Echinometra lucunter (Linnaeus, 1758)	Echinometra lucunter	(Linnaeus, 1758)	CO	Reserva de Biosfera Sea Flower, Iguana Estación IGU 1	Archipiélago de San Andrés, Providencia y Santa Catalina	PRESENT		f072f648-b8a4-47a0-9e1c-89d790645b5a	12.500417	-81.733333					10.5	7.5	2017-08-31	31	8	2017	2278861	2278861	HUMAN_OBSERVATION	Instituto de Investigaciones Marinas y Costeras “José Benito Vives de Andréis” (Invemar)						CC_BY_4_0		Laura Sanchez Valencia			2025-08-02T11:49:05.227Z		COORDINATE_ROUNDED;CONTINENT_COORDINATE_MISMATCH
2993588088	f13e2caf-5093-4f9a-9de6-e38775b5a737	INVEMAR:SIMAC:InvVag:TIO-1:2010:M1:002550	Animalia	Echinodermata	Echinoidea	Camarodonta	Echinometridae	Echinometra	Echinometra lucunter		SPECIES	Echinometra lucunter (Linnaeus, 1758)	Echinometra lucunter	(Linnaeus, 1758)	CO	Parque Nacional Natural Corales del Rosario y San Bernardo, Noroeste de Isla Tintipan Tiosolda Estación TIO 1	Bolívar	PRESENT		f072f648-b8a4-47a0-9e1c-89d790645b5a	9.821944	-75.890833					10.5	1.5	2010-11-23	23	11	2010	2278861	2278861	HUMAN_OBSERVATION	Instituto de Investigaciones Marinas y Costeras “José Benito Vives de Andréis” (Invemar)						CC_BY_4_0		Kelly Gómez Campo;Raul Navas Camacho			2025-08-02T11:49:05.229Z		COORDINATE_ROUNDED
2993588086	f13e2caf-5093-4f9a-9de6-e38775b5a737	INVEMAR:SIMAC:InvVag:CTI-1:2011:S2:002755	Animalia	Echinodermata	Echinoidea	Camarodonta	Echinometridae	Echinometra	Echinometra lucunter		SPECIES	Echinometra lucunter (Linnaeus, 1758)	Echinometra lucunter	(Linnaeus, 1758)	CO	Ensenada Sapzurro, Cabo Tiburón S Estación CTI 1	Chocó	PRESENT		f072f648-b8a4-47a0-9e1c-89d790645b5a	8.670417	-77.358667					2.5	0.5	2011-12-15	15	12	2011	2278861	2278861	HUMAN_OBSERVATION	Instituto de Investigaciones Marinas y Costeras “José Benito Vives de Andréis” (Invemar)						CC_BY_4_0		Raul Navas Camacho;Maura Maruri Cruz			2025-08-02T11:49:05.229Z		COORDINATE_ROUNDED
2993588076	f13e2caf-5093-4f9a-9de6-e38775b5a737	INVEMAR:SIMAC:InvVag:IGU-1:2006:S4:001694	Animalia	Echinodermata	Echinoidea	Camarodonta	Echinometridae	Echinometra	Echinometra lucunter		SPECIES	Echinometra lucunter (Linnaeus, 1758)	Echinometra lucunter	(Linnaeus, 1758)	CO	Reserva de Biosfera Sea Flower, Iguana Estación IGU 1	Archipiélago de San Andrés, Providencia y Santa Catalina	PRESENT		f072f648-b8a4-47a0-9e1c-89d790645b5a	12.500417	-81.733333					10.5	7.5	2006-09-21	21	9	2006	2278861	2278861	HUMAN_OBSERVATION	Instituto de Investigaciones Marinas y Costeras “José Benito Vives de Andréis” (Invemar)						CC_BY_4_0		Alfredo Abril;Kelly Gómez Campo			2025-08-02T11:49:05.225Z		COORDINATE_ROUNDED;CONTINENT_COORDINATE_MISMATCH
2993588051	f13e2caf-5093-4f9a-9de6-e38775b5a737	INVEMAR:SIMAC:InvVag:IGU-1:2001:M4:000111	Animalia	Echinodermata	Echinoidea	Camarodonta	Echinometridae	Echinometra	Echinometra lucunter		SPECIES	Echinometra lucunter (Linnaeus, 1758)	Echinometra lucunter	(Linnaeus, 1758)	CO	Reserva de Biosfera Sea Flower, Iguana Estación IGU 1	Archipiélago de San Andrés, Providencia y Santa Catalina	PRESENT		f072f648-b8a4-47a0-9e1c-89d790645b5a	12.500417	-81.733333					10.5	7.5	2001-09-27	27	9	2001	2278861	2278861	HUMAN_OBSERVATION	Instituto de Investigaciones Marinas y Costeras “José Benito Vives de Andréis” (Invemar)						CC_BY_4_0		Pilar Herrón;Nelson Manrique			2025-08-02T11:49:05.219Z		COORDINATE_ROUNDED;CONTINENT_COORDINATE_MISMATCH
2993588046	f13e2caf-5093-4f9a-9de6-e38775b5a737	INVEMAR:SIMAC:InvVag:WLF-1:2011:S3:002700	Animalia	Echinodermata	Echinoidea	Camarodonta	Echinometridae	Echinometra	Echinometra lucunter		SPECIES	Echinometra lucunter (Linnaeus, 1758)	Echinometra lucunter	(Linnaeus, 1758)	CO	Reserva de Biosfera Sea Flower, Wild Life Estación WLF 1	Archipiélago de San Andrés, Providencia y Santa Catalina	PRESENT		f072f648-b8a4-47a0-9e1c-89d790645b5a	12.513133	-81.731233					10.5	7.5	2011-09-01	1	9	2011	2278861	2278861	HUMAN_OBSERVATION	Instituto de Investigaciones Marinas y Costeras “José Benito Vives de Andréis” (Invemar)						CC_BY_4_0		Luis Alfonso Gómez;Tomás López Londoño			2025-08-02T11:49:05.217Z		COORDINATE_ROUNDED;CONTINENT_COORDINATE_MISMATCH
2993588027	f13e2caf-5093-4f9a-9de6-e38775b5a737	INVEMAR:SIMAC:InvVag:CHE-2:2002:S1:000636	Animalia	Echinodermata	Echinoidea	Camarodonta	Echinometridae	Echinometra	Echinometra lucunter		SPECIES	Echinometra lucunter (Linnaeus, 1758)	Echinometra lucunter	(Linnaeus, 1758)	CO	Parque Nacional Natural Tayrona, Bahía Chengue C2 Estación CHE 2	Magdalena	PRESENT		f072f648-b8a4-47a0-9e1c-89d790645b5a	11.329861	-74.128611					10.0	7.0	2002-10-25	25	10	2002	2278861	2278861	HUMAN_OBSERVATION	Instituto de Investigaciones Marinas y Costeras “José Benito Vives de Andréis” (Invemar)						CC_BY_4_0		Nelson Manrique;Sonia Bejarano			2025-08-02T11:49:05.212Z		COORDINATE_ROUNDED
2993588020	f13e2caf-5093-4f9a-9de6-e38775b5a737	INVEMAR:SIMAC:InvVag:CAP-1:2002:S3:000459	Animalia	Echinodermata	Echinoidea	Camarodonta	Echinometridae	Echinometra	Echinometra lucunter		SPECIES	Echinometra lucunter (Linnaeus, 1758)	Echinometra lucunter	(Linnaeus, 1758)	CO	Ensenada Capurganá Estación CAP 1	Chocó	PRESENT		f072f648-b8a4-47a0-9e1c-89d790645b5a	8.639	-77.344667					2.5	0.5	2002-07-04	4	7	2002	2278861	2278861	HUMAN_OBSERVATION	Instituto de Investigaciones Marinas y Costeras “José Benito Vives de Andréis” (Invemar)						CC_BY_4_0		Alberto Rodríguez Ramirez;Nelson Manrique			2025-08-02T11:49:05.212Z		COORDINATE_ROUNDED
2993587999	f13e2caf-5093-4f9a-9de6-e38775b5a737	INVEMAR:SIMAC:InvVag:PAV-1:2009:M2:002316	Animalia	Echinodermata	Echinoidea	Camarodonta	Echinometridae	Echinometra	Echinometra lucunter		SPECIES	Echinometra lucunter (Linnaeus, 1758)	Echinometra lucunter	(Linnaeus, 1758)	CO	Parque Nacional Natural Corales del Rosario y San Bernardo, Isla Pavitos Estación PAV 1	Bolívar	PRESENT		f072f648-b8a4-47a0-9e1c-89d790645b5a	10.174861	-75.770639					14.0	5.0	2009-05-23	23	5	2009	2278861	2278861	HUMAN_OBSERVATION	Instituto de Investigaciones Marinas y Costeras “José Benito Vives de Andréis” (Invemar)						CC_BY_4_0		Gloria Castro;Kelly Gómez Campo			2025-08-02T11:49:05.211Z		COORDINATE_ROUNDED
2993587988	f13e2caf-5093-4f9a-9de6-e38775b5a737	INVEMAR:SIMAC:InvVag:CTI-2:2002:M1:000428	Animalia	Echinodermata	Echinoidea	Camarodonta	Echinometridae	Echinometra	Echinometra lucunter		SPECIES	Echinometra lucunter (Linnaeus, 1758)	Echinometra lucunter	(Linnaeus, 1758)	CO	Ensenada Sapzurro, Cabo Tiburón M Estación CTI 2	Chocó	PRESENT		f072f648-b8a4-47a0-9e1c-89d790645b5a	8.672167	-77.356667					10.5	1.5	2002-06-29	29	6	2002	2278861	2278861	HUMAN_OBSERVATION	Instituto de Investigaciones Marinas y Costeras “José Benito Vives de Andréis” (Invemar)						CC_BY_4_0		Raul Navas Camacho;Nelson Manrique			2025-08-02T11:49:05.209Z		COORDINATE_ROUNDED
2993587982	f13e2caf-5093-4f9a-9de6-e38775b5a737	INVEMAR:SIMAC:InvVag:CHE-1:2002:P3:000655	Animalia	Echinodermata	Echinoidea	Camarodonta	Echinometridae	Echinometra	Echinometra lucunter		SPECIES	Echinometra lucunter (Linnaeus, 1758)	Echinometra lucunter	(Linnaeus, 1758)	CO	Parque Nacional Natural Tayrona, Bahía Chengue C1 Estación CHE 1	Magdalena	PRESENT		f072f648-b8a4-47a0-9e1c-89d790645b5a	11.325611	-74.128361					9.5	6.5	2002-10-25	25	10	2002	2278861	2278861	HUMAN_OBSERVATION	Instituto de Investigaciones Marinas y Costeras “José Benito Vives de Andréis” (Invemar)						CC_BY_4_0		Nelson Manrique;Sonia Bejarano			2025-08-02T11:49:05.245Z		COORDINATE_ROUNDED
2993587967	f13e2caf-5093-4f9a-9de6-e38775b5a737	INVEMAR:SIMAC:InvVag:IGU-1:2006:S1:001682	Animalia	Echinodermata	Echinoidea	Camarodonta	Echinometridae	Echinometra	Echinometra lucunter		SPECIES	Echinometra lucunter (Linnaeus, 1758)	Echinometra lucunter	(Linnaeus, 1758)	CO	Reserva de Biosfera Sea Flower, Iguana Estación IGU 1	Archipiélago de San Andrés, Providencia y Santa Catalina	PRESENT		f072f648-b8a4-47a0-9e1c-89d790645b5a	12.500417	-81.733333					10.5	7.5	2006-09-21	21	9	2006	2278861	2278861	HUMAN_OBSERVATION	Instituto de Investigaciones Marinas y Costeras “José Benito Vives de Andréis” (Invemar)						CC_BY_4_0		Mauricio Casas;Kelly Gómez Campo			2025-08-02T11:49:05.207Z		COORDINATE_ROUNDED;CONTINENT_COORDINATE_MISMATCH
2993587961	f13e2caf-5093-4f9a-9de6-e38775b5a737	INVEMAR:SIMAC:InvVag:MAN-1:2008:S1:002112	Animalia	Echinodermata	Echinoidea	Camarodonta	Echinometridae	Echinometra	Echinometra lucunter		SPECIES	Echinometra lucunter (Linnaeus, 1758)	Echinometra lucunter	(Linnaeus, 1758)	CO	Parque Nacional Natural Corales del Rosario y San Bernardo, Frente a Isla Mangle Estación MAN 1	Bolívar	PRESENT		f072f648-b8a4-47a0-9e1c-89d790645b5a	9.777417	-75.785389					5.0	1.0	2008-10-01	1	10	2008	2278861	2278861	HUMAN_OBSERVATION	Instituto de Investigaciones Marinas y Costeras “José Benito Vives de Andréis” (Invemar)						CC_BY_4_0		Catalina Casas;Johanna Carolina Vega Sequeda			2025-08-02T11:49:05.159Z		COORDINATE_ROUNDED
2993587940	f13e2caf-5093-4f9a-9de6-e38775b5a737	INVEMAR:SIMAC:InvVag:IFU-2:2009:S3:002237	Animalia	Echinodermata	Echinoidea	Camarodonta	Echinometridae	Echinometra	Echinometra lucunter		SPECIES	Echinometra lucunter (Linnaeus, 1758)	Echinometra lucunter	(Linnaeus, 1758)	CO	Isla Fuerte, Los Boyones Estación IFU 2	Bolívar	PRESENT		f072f648-b8a4-47a0-9e1c-89d790645b5a	9.371444	-76.202278					8.0	1.0	2009-03-19	19	3	2009	2278861	2278861	HUMAN_OBSERVATION	Instituto de Investigaciones Marinas y Costeras “José Benito Vives de Andréis” (Invemar)						CC_BY_4_0		Johanna Carolina Vega Sequeda			2025-08-02T11:49:05.153Z		COORDINATE_ROUNDED
2993587936	f13e2caf-5093-4f9a-9de6-e38775b5a737	INVEMAR:SIMAC:InvVag:PAV-1:2001:S3:000341	Animalia	Echinodermata	Echinoidea	Camarodonta	Echinometridae	Echinometra	Echinometra lucunter		SPECIES	Echinometra lucunter (Linnaeus, 1758)	Echinometra lucunter	(Linnaeus, 1758)	CO	Parque Nacional Natural Corales del Rosario y San Bernardo, Isla Pavitos Estación PAV 1	Bolívar	PRESENT		f072f648-b8a4-47a0-9e1c-89d790645b5a	10.174861	-75.770639					14.0	5.0	2001-12-09	9	12	2001	2278861	2278861	HUMAN_OBSERVATION	Instituto de Investigaciones Marinas y Costeras “José Benito Vives de Andréis” (Invemar)						CC_BY_4_0		Raul Navas Camacho;Nelson Manrique			2025-08-02T11:49:05.155Z		COORDINATE_ROUNDED
2993587934	f13e2caf-5093-4f9a-9de6-e38775b5a737	INVEMAR:SIMAC:InvVag:MAZ-2:2007:M3:001889	Animalia	Echinodermata	Echinoidea	Camarodonta	Echinometridae	Echinometra	Echinometra lucunter		SPECIES	Echinometra lucunter (Linnaeus, 1758)	Echinometra lucunter	(Linnaeus, 1758)	CO	Reserva de Biosfera Sea Flower, Manzanillo Estación 2	Archipiélago de San Andrés, Providencia y Santa Catalina	PRESENT		f072f648-b8a4-47a0-9e1c-89d790645b5a	13.313639	-81.375278					10.0	0.0	2007-07-08	8	7	2007	2278861	2278861	HUMAN_OBSERVATION	Instituto de Investigaciones Marinas y Costeras “José Benito Vives de Andréis” (Invemar)						CC_BY_4_0		Raul Navas Camacho			2025-08-02T11:49:05.151Z		COORDINATE_ROUNDED;CONTINENT_COORDINATE_MISMATCH
2993587856	f13e2caf-5093-4f9a-9de6-e38775b5a737	INVEMAR:SIMAC:InvVag:WLF-1:2017:M2:003269	Animalia	Echinodermata	Echinoidea	Camarodonta	Echinometridae	Echinometra	Echinometra lucunter		SPECIES	Echinometra lucunter (Linnaeus, 1758)	Echinometra lucunter	(Linnaeus, 1758)	CO	Reserva de Biosfera Sea Flower, Wild Life Estación WLF 1	Archipiélago de San Andrés, Providencia y Santa Catalina	PRESENT		f072f648-b8a4-47a0-9e1c-89d790645b5a	12.513133	-81.731233					10.5	7.5	2017-08-30	30	8	2017	2278861	2278861	HUMAN_OBSERVATION	Instituto de Investigaciones Marinas y Costeras “José Benito Vives de Andréis” (Invemar)						CC_BY_4_0		Laura Sanchez Valencia			2025-08-02T11:49:05.133Z		COORDINATE_ROUNDED;CONTINENT_COORDINATE_MISMATCH
2993587845	f13e2caf-5093-4f9a-9de6-e38775b5a737	INVEMAR:SIMAC:InvVag:IFU-1:2009:M3:002252	Animalia	Echinodermata	Echinoidea	Camarodonta	Echinometridae	Echinometra	Echinometra lucunter		SPECIES	Echinometra lucunter (Linnaeus, 1758)	Echinometra lucunter	(Linnaeus, 1758)	CO	Isla Fuerte, Fondo Loco Estación IFU 1	Bolívar	PRESENT		f072f648-b8a4-47a0-9e1c-89d790645b5a	9.380111	-76.207639					11.0	1.0	2009-03-20	20	3	2009	2278861	2278861	HUMAN_OBSERVATION	Instituto de Investigaciones Marinas y Costeras “José Benito Vives de Andréis” (Invemar)						CC_BY_4_0		Johanna Carolina Vega Sequeda			2025-08-02T11:49:05.130Z		COORDINATE_ROUNDED
2993587816	f13e2caf-5093-4f9a-9de6-e38775b5a737	INVEMAR:SIMAC:InvVag:CHE-2:2009:S5:002375	Animalia	Echinodermata	Echinoidea	Camarodonta	Echinometridae	Echinometra	Echinometra lucunter		SPECIES	Echinometra lucunter (Linnaeus, 1758)	Echinometra lucunter	(Linnaeus, 1758)	CO	Parque Nacional Natural Tayrona, Bahía Chengue C2 Estación CHE 2	Magdalena	PRESENT		f072f648-b8a4-47a0-9e1c-89d790645b5a	11.329861	-74.128611					10.0	7.0	2009-11-04	4	11	2009	2278861	2278861	HUMAN_OBSERVATION	Instituto de Investigaciones Marinas y Costeras “José Benito Vives de Andréis” (Invemar)						CC_BY_4_0		Angelica Batista;Raul Navas Camacho			2025-08-02T11:49:05.128Z		COORDINATE_ROUNDED
2993587774	f13e2caf-5093-4f9a-9de6-e38775b5a737	INVEMAR:SIMAC:InvVag:TIO-1:2008:M2:002100	Animalia	Echinodermata	Echinoidea	Camarodonta	Echinometridae	Echinometra	Echinometra lucunter		SPECIES	Echinometra lucunter (Linnaeus, 1758)	Echinometra lucunter	(Linnaeus, 1758)	CO	Parque Nacional Natural Corales del Rosario y San Bernardo, Noroeste de Isla Tintipan Tiosolda Estación TIO 1	Bolívar	PRESENT		f072f648-b8a4-47a0-9e1c-89d790645b5a	9.821944	-75.890833					10.5	1.5	2008-09-30	30	9	2008	2278861	2278861	HUMAN_OBSERVATION	Instituto de Investigaciones Marinas y Costeras “José Benito Vives de Andréis” (Invemar)						CC_BY_4_0		Catalina Casas;Johanna Carolina Vega Sequeda			2025-08-02T11:49:05.125Z		COORDINATE_ROUNDED
2993587755	f13e2caf-5093-4f9a-9de6-e38775b5a737	INVEMAR:SIMAC:InvVag:IGU-1:2002:S3:000568	Animalia	Echinodermata	Echinoidea	Camarodonta	Echinometridae	Echinometra	Echinometra lucunter		SPECIES	Echinometra lucunter (Linnaeus, 1758)	Echinometra lucunter	(Linnaeus, 1758)	CO	Reserva de Biosfera Sea Flower, Iguana Estación IGU 1	Archipiélago de San Andrés, Providencia y Santa Catalina	PRESENT		f072f648-b8a4-47a0-9e1c-89d790645b5a	12.500417	-81.733333					10.5	7.5	2002-09-05	5	9	2002	2278861	2278861	HUMAN_OBSERVATION	Instituto de Investigaciones Marinas y Costeras “José Benito Vives de Andréis” (Invemar)						CC_BY_4_0		Pilar Herrón;Sonia Bejarano			2025-08-02T11:49:05.095Z		COORDINATE_ROUNDED;CONTINENT_COORDINATE_MISMATCH
2993587753	f13e2caf-5093-4f9a-9de6-e38775b5a737	INVEMAR:SIMAC:InvVag:CTI-1:2002:S3:000422	Animalia	Echinodermata	Echinoidea	Camarodonta	Echinometridae	Echinometra	Echinometra lucunter		SPECIES	Echinometra lucunter (Linnaeus, 1758)	Echinometra lucunter	(Linnaeus, 1758)	CO	Ensenada Sapzurro, Cabo Tiburón S Estación CTI 1	Chocó	PRESENT		f072f648-b8a4-47a0-9e1c-89d790645b5a	8.670417	-77.358667					2.5	0.5	2002-06-29	29	6	2002	2278861	2278861	HUMAN_OBSERVATION	Instituto de Investigaciones Marinas y Costeras “José Benito Vives de Andréis” (Invemar)						CC_BY_4_0		Oscar Caucali;Nelson Manrique			2025-08-02T11:49:05.093Z		COORDINATE_ROUNDED
2993587720	f13e2caf-5093-4f9a-9de6-e38775b5a737	INVEMAR:SIMAC:InvVag:MAN-2:2010:M3:002543	Animalia	Echinodermata	Echinoidea	Camarodonta	Echinometridae	Echinometra	Echinometra lucunter		SPECIES	Echinometra lucunter (Linnaeus, 1758)	Echinometra lucunter	(Linnaeus, 1758)	CO	Parque Nacional Natural Corales del Rosario y San Bernardo, Isla Mangle Estación Mangle 2	Bolívar	PRESENT		f072f648-b8a4-47a0-9e1c-89d790645b5a	9.779444	-75.785556					11.5	2.5	2010-11-21	21	11	2010	2278861	2278861	HUMAN_OBSERVATION	Instituto de Investigaciones Marinas y Costeras “José Benito Vives de Andréis” (Invemar)						CC_BY_4_0		Kelly Gómez Campo			2025-08-02T11:49:05.090Z		COORDINATE_ROUNDED
2993587713	f13e2caf-5093-4f9a-9de6-e38775b5a737	INVEMAR:SIMAC:InvVag:GAY-2:2003:M5:001078	Animalia	Echinodermata	Echinoidea	Camarodonta	Echinometridae	Echinometra	Echinometra lucunter		SPECIES	Echinometra lucunter (Linnaeus, 1758)	Echinometra lucunter	(Linnaeus, 1758)	CO	Parque Nacional Natural Tayrona, Bahía Granate Estación GRA 2	Magdalena	PRESENT		f072f648-b8a4-47a0-9e1c-89d790645b5a	11.331361	-74.116944					13.5	1.5	2003-10-29	29	10	2003	2278861	2278861	HUMAN_OBSERVATION	Instituto de Investigaciones Marinas y Costeras “José Benito Vives de Andréis” (Invemar)						CC_BY_4_0		Isabel Cristina Chacón Gómez			2025-08-02T11:49:05.086Z		COORDINATE_ROUNDED
2993587676	f13e2caf-5093-4f9a-9de6-e38775b5a737	INVEMAR:SIMAC:InvVag:MIN-1:2008:S3:002107	Animalia	Echinodermata	Echinoidea	Camarodonta	Echinometridae	Echinometra	Echinometra lucunter		SPECIES	Echinometra lucunter (Linnaeus, 1758)	Echinometra lucunter	(Linnaeus, 1758)	CO	Parque Nacional Natural Corales del Rosario y San Bernardo, Noroeste Isla Mucura Minalta Estación MIN 1	Bolívar	PRESENT		f072f648-b8a4-47a0-9e1c-89d790645b5a	9.790583	-75.923389					6.5	0.5	2008-09-30	30	9	2008	2278861	2278861	HUMAN_OBSERVATION	Instituto de Investigaciones Marinas y Costeras “José Benito Vives de Andréis” (Invemar)						CC_BY_4_0		Catalina Casas;Laura Muñoz Escobar			2025-08-02T11:49:05.066Z		COORDINATE_ROUNDED
2993587669	f13e2caf-5093-4f9a-9de6-e38775b5a737	INVEMAR:SIMAC:InvVag:CAP-1:2003:S3:000866	Animalia	Echinodermata	Echinoidea	Camarodonta	Echinometridae	Echinometra	Echinometra lucunter		SPECIES	Echinometra lucunter (Linnaeus, 1758)	Echinometra lucunter	(Linnaeus, 1758)	CO	Ensenada Capurganá Estación CAP 1	Chocó	PRESENT		f072f648-b8a4-47a0-9e1c-89d790645b5a	8.639	-77.344667					2.5	0.5	2003-06-12	12	6	2003	2278861	2278861	HUMAN_OBSERVATION	Instituto de Investigaciones Marinas y Costeras “José Benito Vives de Andréis” (Invemar)						CC_BY_4_0		Jairo Zapata;María Catalina Reyes Nivia			2025-08-02T11:49:05.060Z		COORDINATE_ROUNDED
2993587659	f13e2caf-5093-4f9a-9de6-e38775b5a737	INVEMAR:SIMAC:InvVag:PAV-1:2009:M3:002318	Animalia	Echinodermata	Echinoidea	Camarodonta	Echinometridae	Echinometra	Echinometra lucunter		SPECIES	Echinometra lucunter (Linnaeus, 1758)	Echinometra lucunter	(Linnaeus, 1758)	CO	Parque Nacional Natural Corales del Rosario y San Bernardo, Isla Pavitos Estación PAV 1	Bolívar	PRESENT		f072f648-b8a4-47a0-9e1c-89d790645b5a	10.174861	-75.770639					14.0	5.0	2009-05-23	23	5	2009	2278861	2278861	HUMAN_OBSERVATION	Instituto de Investigaciones Marinas y Costeras “José Benito Vives de Andréis” (Invemar)						CC_BY_4_0		Gloria Castro;Kelly Gómez Campo			2025-08-02T11:49:05.058Z		COORDINATE_ROUNDED
2993587629	f13e2caf-5093-4f9a-9de6-e38775b5a737	INVEMAR:SIMAC:InvVag:MAN-1:2013:S1:002943	Animalia	Echinodermata	Echinoidea	Camarodonta	Echinometridae	Echinometra	Echinometra lucunter		SPECIES	Echinometra lucunter (Linnaeus, 1758)	Echinometra lucunter	(Linnaeus, 1758)	CO	Parque Nacional Natural Corales del Rosario y San Bernardo, Frente a Isla Mangle Estación MAN 1	Bolívar	PRESENT		f072f648-b8a4-47a0-9e1c-89d790645b5a	9.777417	-75.785389					5.0	1.0	2013-05-04	4	5	2013	2278861	2278861	HUMAN_OBSERVATION	Instituto de Investigaciones Marinas y Costeras “José Benito Vives de Andréis” (Invemar)						CC_BY_4_0		Angelica Maria Rodriguez Rincon			2025-08-02T11:49:05.047Z		COORDINATE_ROUNDED
2993587627	f13e2caf-5093-4f9a-9de6-e38775b5a737	INVEMAR:SIMAC:InvVag:IGU-1:2002:P5:000519	Animalia	Echinodermata	Echinoidea	Camarodonta	Echinometridae	Echinometra	Echinometra lucunter		SPECIES	Echinometra lucunter (Linnaeus, 1758)	Echinometra lucunter	(Linnaeus, 1758)	CO	Reserva de Biosfera Sea Flower, Iguana Estación IGU 1	Archipiélago de San Andrés, Providencia y Santa Catalina	PRESENT		f072f648-b8a4-47a0-9e1c-89d790645b5a	12.500417	-81.733333					10.5	7.5	2002-09-03	3	9	2002	2278861	2278861	HUMAN_OBSERVATION	Instituto de Investigaciones Marinas y Costeras “José Benito Vives de Andréis” (Invemar)						CC_BY_4_0		Sacha Lozano;Sonia Bejarano			2025-08-02T11:49:05.046Z		COORDINATE_ROUNDED;CONTINENT_COORDINATE_MISMATCH
2993587609	f13e2caf-5093-4f9a-9de6-e38775b5a737	INVEMAR:SIMAC:InvVag:CAN-2:2006:M5:001733	Animalia	Echinodermata	Echinoidea	Camarodonta	Echinometridae	Echinometra	Echinometra lucunter		SPECIES	Echinometra lucunter (Linnaeus, 1758)	Echinometra lucunter	(Linnaeus, 1758)	CO	Reserva de Biosfera Sea Flower, El Canal Estación CAN 2	Archipiélago de San Andrés, Providencia y Santa Catalina	PRESENT		f072f648-b8a4-47a0-9e1c-89d790645b5a	13.398717	-81.397067					15.0	3.0	2006-09-27	27	9	2006	2278861	2278861	HUMAN_OBSERVATION	Instituto de Investigaciones Marinas y Costeras “José Benito Vives de Andréis” (Invemar)						CC_BY_4_0		Nicasio Howard;Katherine Bernal			2025-08-02T11:49:05.042Z		COORDINATE_ROUNDED;CONTINENT_COORDINATE_MISMATCH
2993587607	f13e2caf-5093-4f9a-9de6-e38775b5a737	INVEMAR:SIMAC:InvVag:MAN-1:2010:S2:002533	Animalia	Echinodermata	Echinoidea	Camarodonta	Echinometridae	Echinometra	Echinometra lucunter		SPECIES	Echinometra lucunter (Linnaeus, 1758)	Echinometra lucunter	(Linnaeus, 1758)	CO	Parque Nacional Natural Corales del Rosario y San Bernardo, Frente a Isla Mangle Estación MAN 1	Bolívar	PRESENT		f072f648-b8a4-47a0-9e1c-89d790645b5a	9.777417	-75.785389					5.0	1.0	2010-11-21	21	11	2010	2278861	2278861	HUMAN_OBSERVATION	Instituto de Investigaciones Marinas y Costeras “José Benito Vives de Andréis” (Invemar)						CC_BY_4_0		Raul Navas Camacho;Tomás López Londoño			2025-08-02T11:49:05.041Z		COORDINATE_ROUNDED
2993587555	f13e2caf-5093-4f9a-9de6-e38775b5a737	INVEMAR:SIMAC:InvVag:WLF-1:2017:S3:003275	Animalia	Echinodermata	Echinoidea	Camarodonta	Echinometridae	Echinometra	Echinometra lucunter		SPECIES	Echinometra lucunter (Linnaeus, 1758)	Echinometra lucunter	(Linnaeus, 1758)	CO	Reserva de Biosfera Sea Flower, Wild Life Estación WLF 1	Archipiélago de San Andrés, Providencia y Santa Catalina	PRESENT		f072f648-b8a4-47a0-9e1c-89d790645b5a	12.513133	-81.731233					10.5	7.5	2017-08-30	30	8	2017	2278861	2278861	HUMAN_OBSERVATION	Instituto de Investigaciones Marinas y Costeras “José Benito Vives de Andréis” (Invemar)						CC_BY_4_0		Laura Sanchez Valencia			2025-08-02T11:49:05.028Z		COORDINATE_ROUNDED;CONTINENT_COORDINATE_MISMATCH
2993587536	f13e2caf-5093-4f9a-9de6-e38775b5a737	INVEMAR:SIMAC:InvVag:AGU-1:2004:S1:001216	Animalia	Echinodermata	Echinoidea	Camarodonta	Echinometridae	Echinometra	Echinometra lucunter		SPECIES	Echinometra lucunter (Linnaeus, 1758)	Echinometra lucunter	(Linnaeus, 1758)	CO	Ensenada Capurganá, Punta del Aguacate, al fondo de la ensenada, Aguacate S Estación AGU 1	Chocó	PRESENT		f072f648-b8a4-47a0-9e1c-89d790645b5a	8.616722	-77.326861					4.5	1.5	2004-06-06	6	6	2004	2278861	2278861	HUMAN_OBSERVATION	Instituto de Investigaciones Marinas y Costeras “José Benito Vives de Andréis” (Invemar)						CC_BY_4_0		Sonia Bejarano;Martha Alejandra Ortiz Del Rio			2025-08-02T11:49:05.025Z		COORDINATE_ROUNDED
2993587534	f13e2caf-5093-4f9a-9de6-e38775b5a737	INVEMAR:SIMAC:InvVag:WLF-1:2002:S4:000545	Animalia	Echinodermata	Echinoidea	Camarodonta	Echinometridae	Echinometra	Echinometra lucunter		SPECIES	Echinometra lucunter (Linnaeus, 1758)	Echinometra lucunter	(Linnaeus, 1758)	CO	Reserva de Biosfera Sea Flower, Wild Life Estación WLF 1	Archipiélago de San Andrés, Providencia y Santa Catalina	PRESENT		f072f648-b8a4-47a0-9e1c-89d790645b5a	12.513133	-81.731233					10.5	7.5	2002-09-04	4	9	2002	2278861	2278861	HUMAN_OBSERVATION	Instituto de Investigaciones Marinas y Costeras “José Benito Vives de Andréis” (Invemar)						CC_BY_4_0		María Catalina Reyes Nivia;Sonia Bejarano			2025-08-02T11:49:05.026Z		COORDINATE_ROUNDED;CONTINENT_COORDINATE_MISMATCH
2993587527	f13e2caf-5093-4f9a-9de6-e38775b5a737	INVEMAR:SIMAC:InvVag:AGU-1:2012:S3:002899	Animalia	Echinodermata	Echinoidea	Camarodonta	Echinometridae	Echinometra	Echinometra lucunter		SPECIES	Echinometra lucunter (Linnaeus, 1758)	Echinometra lucunter	(Linnaeus, 1758)	CO	Ensenada Capurganá, Punta del Aguacate, al fondo de la ensenada, Aguacate S Estación AGU 1	Chocó	PRESENT		f072f648-b8a4-47a0-9e1c-89d790645b5a	8.616722	-77.326861					4.5	1.5	2012-11-20	20	11	2012	2278861	2278861	HUMAN_OBSERVATION	Instituto de Investigaciones Marinas y Costeras “José Benito Vives de Andréis” (Invemar)						CC_BY_4_0		Tomás López Londoño;Johanna Carolina Vega Sequeda			2025-08-02T11:49:05.024Z		COORDINATE_ROUNDED
2993587506	f13e2caf-5093-4f9a-9de6-e38775b5a737	INVEMAR:SIMAC:InvVag:IGU-1:2001:M5:000116	Animalia	Echinodermata	Echinoidea	Camarodonta	Echinometridae	Echinometra	Echinometra lucunter		SPECIES	Echinometra lucunter (Linnaeus, 1758)	Echinometra lucunter	(Linnaeus, 1758)	CO	Reserva de Biosfera Sea Flower, Iguana Estación IGU 1	Archipiélago de San Andrés, Providencia y Santa Catalina	PRESENT		f072f648-b8a4-47a0-9e1c-89d790645b5a	12.500417	-81.733333					10.5	7.5	2001-09-27	27	9	2001	2278861	2278861	HUMAN_OBSERVATION	Instituto de Investigaciones Marinas y Costeras “José Benito Vives de Andréis” (Invemar)						CC_BY_4_0		Juan Camilo Martinez;Nelson Manrique			2025-08-02T11:49:05.016Z		COORDINATE_ROUNDED;CONTINENT_COORDINATE_MISMATCH
2993587481	f13e2caf-5093-4f9a-9de6-e38775b5a737	INVEMAR:SIMAC:InvVag:ACU-2:2017:S4:003308	Animalia	Echinodermata	Echinoidea	Camarodonta	Echinometridae	Echinometra	Echinometra lucunter		SPECIES	Echinometra lucunter (Linnaeus, 1758)	Echinometra lucunter	(Linnaeus, 1758)	CO	Reserva de Biosfera Sea Flower, Acuario Estación ACU 2	Archipiélago de San Andrés, Providencia y Santa Catalina	PRESENT		f072f648-b8a4-47a0-9e1c-89d790645b5a	12.548917	-81.69695					4.5	1.5	2017-09-02	2	9	2017	2278861	2278861	HUMAN_OBSERVATION	Instituto de Investigaciones Marinas y Costeras “José Benito Vives de Andréis” (Invemar)						CC_BY_4_0		Laura Sanchez Valencia			2025-08-02T11:49:04.993Z		COORDINATE_ROUNDED;CONTINENT_COORDINATE_MISMATCH
2993587467	f13e2caf-5093-4f9a-9de6-e38775b5a737	INVEMAR:SIMAC:InvVag:CHE-2:2005:S1:001549	Animalia	Echinodermata	Echinoidea	Camarodonta	Echinometridae	Echinometra	Echinometra lucunter		SPECIES	Echinometra lucunter (Linnaeus, 1758)	Echinometra lucunter	(Linnaeus, 1758)	CO	Parque Nacional Natural Tayrona, Bahía Chengue C2 Estación CHE 2	Magdalena	PRESENT		f072f648-b8a4-47a0-9e1c-89d790645b5a	11.329861	-74.128611					10.0	7.0	2005-11-23	23	11	2005	2278861	2278861	HUMAN_OBSERVATION	Instituto de Investigaciones Marinas y Costeras “José Benito Vives de Andréis” (Invemar)						CC_BY_4_0		Rodrigo Andrés Gamba Blanco;Julian Olaya			2025-08-02T11:49:04.990Z		COORDINATE_ROUNDED
2993587453	f13e2caf-5093-4f9a-9de6-e38775b5a737	INVEMAR:SIMAC:InvVag:IGU-1:2004:M2:001302	Animalia	Echinodermata	Echinoidea	Camarodonta	Echinometridae	Echinometra	Echinometra lucunter		SPECIES	Echinometra lucunter (Linnaeus, 1758)	Echinometra lucunter	(Linnaeus, 1758)	CO	Reserva de Biosfera Sea Flower, Iguana Estación IGU 1	Archipiélago de San Andrés, Providencia y Santa Catalina	PRESENT		f072f648-b8a4-47a0-9e1c-89d790645b5a	12.500417	-81.733333					10.5	7.5	2004-09-28	28	9	2004	2278861	2278861	HUMAN_OBSERVATION	Instituto de Investigaciones Marinas y Costeras “José Benito Vives de Andréis” (Invemar)						CC_BY_4_0		Sonia Bejarano;Adriana Aguirre Aguirre			2025-08-02T11:49:05.006Z		COORDINATE_ROUNDED;CONTINENT_COORDINATE_MISMATCH
2993587430	f13e2caf-5093-4f9a-9de6-e38775b5a737	INVEMAR:SIMAC:InvVag:CHE-2:2002:S3:000638	Animalia	Echinodermata	Echinoidea	Camarodonta	Echinometridae	Echinometra	Echinometra lucunter		SPECIES	Echinometra lucunter (Linnaeus, 1758)	Echinometra lucunter	(Linnaeus, 1758)	CO	Parque Nacional Natural Tayrona, Bahía Chengue C2 Estación CHE 2	Magdalena	PRESENT		f072f648-b8a4-47a0-9e1c-89d790645b5a	11.329861	-74.128611					10.0	7.0	2002-10-25	25	10	2002	2278861	2278861	HUMAN_OBSERVATION	Instituto de Investigaciones Marinas y Costeras “José Benito Vives de Andréis” (Invemar)						CC_BY_4_0		Nelson Manrique;Sonia Bejarano			2025-08-02T11:49:05.003Z		COORDINATE_ROUNDED
2993587416	f13e2caf-5093-4f9a-9de6-e38775b5a737	INVEMAR:SIMAC:InvVag:CAP-1:2004:S2:001224	Animalia	Echinodermata	Echinoidea	Camarodonta	Echinometridae	Echinometra	Echinometra lucunter		SPECIES	Echinometra lucunter (Linnaeus, 1758)	Echinometra lucunter	(Linnaeus, 1758)	CO	Ensenada Capurganá Estación CAP 1	Chocó	PRESENT		f072f648-b8a4-47a0-9e1c-89d790645b5a	8.639	-77.344667					2.5	0.5	2004-06-06	6	6	2004	2278861	2278861	HUMAN_OBSERVATION	Instituto de Investigaciones Marinas y Costeras “José Benito Vives de Andréis” (Invemar)						CC_BY_4_0		Sonia Bejarano;Martha Alejandra Ortiz Del Rio			2025-08-02T11:49:04.994Z		COORDINATE_ROUNDED
2993587398	f13e2caf-5093-4f9a-9de6-e38775b5a737	INVEMAR:SIMAC:InvVag:MAN-1:2008:S2:002116	Animalia	Echinodermata	Echinoidea	Camarodonta	Echinometridae	Echinometra	Echinometra lucunter		SPECIES	Echinometra lucunter (Linnaeus, 1758)	Echinometra lucunter	(Linnaeus, 1758)	CO	Parque Nacional Natural Corales del Rosario y San Bernardo, Frente a Isla Mangle Estación MAN 1	Bolívar	PRESENT		f072f648-b8a4-47a0-9e1c-89d790645b5a	9.777417	-75.785389					5.0	1.0	2008-10-01	1	10	2008	2278861	2278861	HUMAN_OBSERVATION	Instituto de Investigaciones Marinas y Costeras “José Benito Vives de Andréis” (Invemar)						CC_BY_4_0		Catalina Casas;Johanna Carolina Vega Sequeda			2025-08-02T11:49:04.990Z		COORDINATE_ROUNDED
2993587379	f13e2caf-5093-4f9a-9de6-e38775b5a737	INVEMAR:SIMAC:InvVag:MAN-1:2002:S1:000387	Animalia	Echinodermata	Echinoidea	Camarodonta	Echinometridae	Echinometra	Echinometra lucunter		SPECIES	Echinometra lucunter (Linnaeus, 1758)	Echinometra lucunter	(Linnaeus, 1758)	CO	Parque Nacional Natural Corales del Rosario y San Bernardo, Frente a Isla Mangle Estación MAN 1	Bolívar	PRESENT		f072f648-b8a4-47a0-9e1c-89d790645b5a	9.777417	-75.785389					5.0	1.0	2002-05-03	3	5	2002	2278861	2278861	HUMAN_OBSERVATION	Instituto de Investigaciones Marinas y Costeras “José Benito Vives de Andréis” (Invemar)						CC_BY_4_0		María Catalina Reyes Nivia;Nelson Manrique			2025-08-02T11:49:04.989Z		COORDINATE_ROUNDED
2993587372	f13e2caf-5093-4f9a-9de6-e38775b5a737	INVEMAR:SIMAC:InvVag:TES-1:2006:M1:001562	Animalia	Echinodermata	Echinoidea	Camarodonta	Echinometridae	Echinometra	Echinometra lucunter		SPECIES	Echinometra lucunter (Linnaeus, 1758)	Echinometra lucunter	(Linnaeus, 1758)	CO	Parque Nacional Natural Corales del Rosario y San Bernardo, El Tesoro Estación TES 1	Bolívar	PRESENT		f072f648-b8a4-47a0-9e1c-89d790645b5a	10.234194	-75.746444					12.0	7.0	2006-02-06	6	2	2006	2278861	2278861	HUMAN_OBSERVATION	Instituto de Investigaciones Marinas y Costeras “José Benito Vives de Andréis” (Invemar)						CC_BY_4_0		Diego Duque;Carolina Gutierrez			2025-08-02T11:49:04.986Z		COORDINATE_ROUNDED
2993587358	f13e2caf-5093-4f9a-9de6-e38775b5a737	INVEMAR:SIMAC:InvVag:PAV-1:2009:M4:002322	Animalia	Echinodermata	Echinoidea	Camarodonta	Echinometridae	Echinometra	Echinometra lucunter		SPECIES	Echinometra lucunter (Linnaeus, 1758)	Echinometra lucunter	(Linnaeus, 1758)	CO	Parque Nacional Natural Corales del Rosario y San Bernardo, Isla Pavitos Estación PAV 1	Bolívar	PRESENT		f072f648-b8a4-47a0-9e1c-89d790645b5a	10.174861	-75.770639					14.0	5.0	2009-05-23	23	5	2009	2278861	2278861	HUMAN_OBSERVATION	Instituto de Investigaciones Marinas y Costeras “José Benito Vives de Andréis” (Invemar)						CC_BY_4_0		Gloria Castro;Kelly Gómez Campo			2025-08-02T11:49:04.985Z		COORDINATE_ROUNDED
2993587329	f13e2caf-5093-4f9a-9de6-e38775b5a737	INVEMAR:SIMAC:InvVag:CEY-2:2013:M2:002962	Animalia	Echinodermata	Echinoidea	Camarodonta	Echinometridae	Echinometra	Echinometra lucunter		SPECIES	Echinometra lucunter (Linnaeus, 1758)	Echinometra lucunter	(Linnaeus, 1758)	CO	Parque Nacional Natural Corales del Rosario y San Bernardo, Isla Ceycen Estación CEY 2	Bolívar	PRESENT		f072f648-b8a4-47a0-9e1c-89d790645b5a	9.705833	-75.865833					10.5	1.5	2013-05-05	5	5	2013	2278861	2278861	HUMAN_OBSERVATION	Instituto de Investigaciones Marinas y Costeras “José Benito Vives de Andréis” (Invemar)						CC_BY_4_0		Angelica Maria Rodriguez Rincon;Diana Carolina Ballesteros Contreras			2025-08-02T11:49:04.982Z		COORDINATE_ROUNDED
2993587321	f13e2caf-5093-4f9a-9de6-e38775b5a737	INVEMAR:SIMAC:InvVag:CEY-2:2011:M2:002727	Animalia	Echinodermata	Echinoidea	Camarodonta	Echinometridae	Echinometra	Echinometra lucunter		SPECIES	Echinometra lucunter (Linnaeus, 1758)	Echinometra lucunter	(Linnaeus, 1758)	CO	Parque Nacional Natural Corales del Rosario y San Bernardo, Isla Ceycen Estación CEY 2	Bolívar	PRESENT		f072f648-b8a4-47a0-9e1c-89d790645b5a	9.705833	-75.865833					10.5	1.5	2011-11-19	19	11	2011	2278861	2278861	HUMAN_OBSERVATION	Instituto de Investigaciones Marinas y Costeras “José Benito Vives de Andréis” (Invemar)						CC_BY_4_0		Johanna Calle Triviño;Cindy Melissa Montero			2025-08-02T11:49:04.968Z		COORDINATE_ROUNDED
2993587305	f13e2caf-5093-4f9a-9de6-e38775b5a737	INVEMAR:SIMAC:InvVag:CEY-2:2002:M1:000378	Animalia	Echinodermata	Echinoidea	Camarodonta	Echinometridae	Echinometra	Echinometra lucunter		SPECIES	Echinometra lucunter (Linnaeus, 1758)	Echinometra lucunter	(Linnaeus, 1758)	CO	Parque Nacional Natural Corales del Rosario y San Bernardo, Isla Ceycen Estación CEY 2	Bolívar	PRESENT		f072f648-b8a4-47a0-9e1c-89d790645b5a	9.705833	-75.865833					10.5	1.5	2002-05-03	3	5	2002	2278861	2278861	HUMAN_OBSERVATION	Instituto de Investigaciones Marinas y Costeras “José Benito Vives de Andréis” (Invemar)						CC_BY_4_0		María Catalina Reyes Nivia;Nelson Manrique			2025-08-02T11:49:04.963Z		COORDINATE_ROUNDED
2993587293	f13e2caf-5093-4f9a-9de6-e38775b5a737	INVEMAR:SIMAC:InvVag:MAN-1:2010:S3:002538	Animalia	Echinodermata	Echinoidea	Camarodonta	Echinometridae	Echinometra	Echinometra lucunter		SPECIES	Echinometra lucunter (Linnaeus, 1758)	Echinometra lucunter	(Linnaeus, 1758)	CO	Parque Nacional Natural Corales del Rosario y San Bernardo, Frente a Isla Mangle Estación MAN 1	Bolívar	PRESENT		f072f648-b8a4-47a0-9e1c-89d790645b5a	9.777417	-75.785389					5.0	1.0	2010-11-21	21	11	2010	2278861	2278861	HUMAN_OBSERVATION	Instituto de Investigaciones Marinas y Costeras “José Benito Vives de Andréis” (Invemar)						CC_BY_4_0		Kelly Gómez Campo;Tomás López Londoño			2025-08-02T11:49:04.963Z		COORDINATE_ROUNDED
2993587252	f13e2caf-5093-4f9a-9de6-e38775b5a737	INVEMAR:SIMAC:InvVag:ACU-1:2017:S3:003302	Animalia	Echinodermata	Echinoidea	Camarodonta	Echinometridae	Echinometra	Echinometra lucunter		SPECIES	Echinometra lucunter (Linnaeus, 1758)	Echinometra lucunter	(Linnaeus, 1758)	CO	Reserva de Biosfera Sea Flower, Acuario Estación ACU 1	Archipiélago de San Andrés, Providencia y Santa Catalina	PRESENT		f072f648-b8a4-47a0-9e1c-89d790645b5a	12.555183	-81.695617					4.5	1.5	2017-09-02	2	9	2017	2278861	2278861	HUMAN_OBSERVATION	Instituto de Investigaciones Marinas y Costeras “José Benito Vives de Andréis” (Invemar)						CC_BY_4_0		Laura Sanchez Valencia			2025-08-02T11:49:04.952Z		COORDINATE_ROUNDED;CONTINENT_COORDINATE_MISMATCH
2993587241	f13e2caf-5093-4f9a-9de6-e38775b5a737	INVEMAR:SIMAC:InvVag:CAP-1:2013:S3:003003	Animalia	Echinodermata	Echinoidea	Camarodonta	Echinometridae	Echinometra	Echinometra lucunter		SPECIES	Echinometra lucunter (Linnaeus, 1758)	Echinometra lucunter	(Linnaeus, 1758)	CO	Ensenada Capurganá Estación CAP 1	Chocó	PRESENT		f072f648-b8a4-47a0-9e1c-89d790645b5a	8.639	-77.344667					2.5	0.5	2013-08-23	23	8	2013	2278861	2278861	HUMAN_OBSERVATION	Instituto de Investigaciones Marinas y Costeras “José Benito Vives de Andréis” (Invemar)						CC_BY_4_0		Christian Michael Diaz Sanchez;Diana Carolina Casas Figueroa			2025-08-02T11:49:04.951Z		COORDINATE_ROUNDED
2993587239	f13e2caf-5093-4f9a-9de6-e38775b5a737	INVEMAR:SIMAC:InvVag:PAV-1:2010:M5:002499	Animalia	Echinodermata	Echinoidea	Camarodonta	Echinometridae	Echinometra	Echinometra lucunter		SPECIES	Echinometra lucunter (Linnaeus, 1758)	Echinometra lucunter	(Linnaeus, 1758)	CO	Parque Nacional Natural Corales del Rosario y San Bernardo, Isla Pavitos Estación PAV 1	Bolívar	PRESENT		f072f648-b8a4-47a0-9e1c-89d790645b5a	10.174861	-75.770639					14.0	5.0	2010-08-12	12	8	2010	2278861	2278861	HUMAN_OBSERVATION	Instituto de Investigaciones Marinas y Costeras “José Benito Vives de Andréis” (Invemar)						CC_BY_4_0		Raul Navas Camacho;Cindy Melissa Montero			2025-08-02T11:49:04.948Z		COORDINATE_ROUNDED
2993587231	f13e2caf-5093-4f9a-9de6-e38775b5a737	INVEMAR:SIMAC:InvVag:CHE-2:2003:M3:001008	Animalia	Echinodermata	Echinoidea	Camarodonta	Echinometridae	Echinometra	Echinometra lucunter		SPECIES	Echinometra lucunter (Linnaeus, 1758)	Echinometra lucunter	(Linnaeus, 1758)	CO	Parque Nacional Natural Tayrona, Bahía Chengue C2 Estación CHE 2	Magdalena	PRESENT		f072f648-b8a4-47a0-9e1c-89d790645b5a	11.329861	-74.128611					10.0	7.0	2003-10-17	17	10	2003	2278861	2278861	HUMAN_OBSERVATION	Instituto de Investigaciones Marinas y Costeras “José Benito Vives de Andréis” (Invemar)						CC_BY_4_0		Isabel Cristina Chacón Gómez			2025-08-02T11:49:04.982Z		COORDINATE_ROUNDED
2993587211	f13e2caf-5093-4f9a-9de6-e38775b5a737	INVEMAR:SIMAC:InvVag:TES-1:2008:M1:002038	Animalia	Echinodermata	Echinoidea	Camarodonta	Echinometridae	Echinometra	Echinometra lucunter		SPECIES	Echinometra lucunter (Linnaeus, 1758)	Echinometra lucunter	(Linnaeus, 1758)	CO	Parque Nacional Natural Corales del Rosario y San Bernardo, El Tesoro Estación TES 1	Bolívar	PRESENT		f072f648-b8a4-47a0-9e1c-89d790645b5a	10.234194	-75.746444					12.0	7.0	2008-08-31	31	8	2008	2278861	2278861	HUMAN_OBSERVATION	Instituto de Investigaciones Marinas y Costeras “José Benito Vives de Andréis” (Invemar)						CC_BY_4_0		Laura Muñoz Escobar;Kelly Gómez Campo			2025-08-02T11:49:04.948Z		COORDINATE_ROUNDED
2993587199	f13e2caf-5093-4f9a-9de6-e38775b5a737	INVEMAR:SIMAC:InvVag:CTI-1:2002:S2:000418	Animalia	Echinodermata	Echinoidea	Camarodonta	Echinometridae	Echinometra	Echinometra lucunter		SPECIES	Echinometra lucunter (Linnaeus, 1758)	Echinometra lucunter	(Linnaeus, 1758)	CO	Ensenada Sapzurro, Cabo Tiburón S Estación CTI 1	Chocó	PRESENT		f072f648-b8a4-47a0-9e1c-89d790645b5a	8.670417	-77.358667					2.5	0.5	2002-06-29	29	6	2002	2278861	2278861	HUMAN_OBSERVATION	Instituto de Investigaciones Marinas y Costeras “José Benito Vives de Andréis” (Invemar)						CC_BY_4_0		Oscar Caucali;Nelson Manrique			2025-08-02T11:49:04.942Z		COORDINATE_ROUNDED
2993587194	f13e2caf-5093-4f9a-9de6-e38775b5a737	INVEMAR:SIMAC:InvVag:IGU-1:2007:M4:001933	Animalia	Echinodermata	Echinoidea	Camarodonta	Echinometridae	Echinometra	Echinometra lucunter		SPECIES	Echinometra lucunter (Linnaeus, 1758)	Echinometra lucunter	(Linnaeus, 1758)	CO	Reserva de Biosfera Sea Flower, Iguana Estación IGU 1	Archipiélago de San Andrés, Providencia y Santa Catalina	PRESENT		f072f648-b8a4-47a0-9e1c-89d790645b5a	12.500417	-81.733333					10.5	7.5	2007-07-14	14	7	2007	2278861	2278861	HUMAN_OBSERVATION	Instituto de Investigaciones Marinas y Costeras “José Benito Vives de Andréis” (Invemar)						CC_BY_4_0		Alfredo Abril;Raul Navas Camacho			2025-08-02T11:49:04.945Z		COORDINATE_ROUNDED;CONTINENT_COORDINATE_MISMATCH
2993587193	f13e2caf-5093-4f9a-9de6-e38775b5a737	INVEMAR:SIMAC:InvVag:EMI-2:2017:M4:003286	Animalia	Echinodermata	Echinoidea	Camarodonta	Echinometridae	Echinometra	Echinometra lucunter		SPECIES	Echinometra lucunter (Linnaeus, 1758)	Echinometra lucunter	(Linnaeus, 1758)	CO	Reserva de Biosfera Sea Flower, Emisario Estación EMI 2	Archipiélago de San Andrés, Providencia y Santa Catalina	PRESENT		f072f648-b8a4-47a0-9e1c-89d790645b5a	12.5687	-81.7258					10.5	1.5	2017-09-01	1	9	2017	2278861	2278861	HUMAN_OBSERVATION	Instituto de Investigaciones Marinas y Costeras “José Benito Vives de Andréis” (Invemar)						CC_BY_4_0		Laura Sanchez Valencia			2025-08-02T11:49:04.935Z		CONTINENT_COORDINATE_MISMATCH
2993587174	f13e2caf-5093-4f9a-9de6-e38775b5a737	INVEMAR:SIMAC:InvVag:WLF-1:2017:M4:003268	Animalia	Echinodermata	Echinoidea	Camarodonta	Echinometridae	Echinometra	Echinometra lucunter		SPECIES	Echinometra lucunter (Linnaeus, 1758)	Echinometra lucunter	(Linnaeus, 1758)	CO	Reserva de Biosfera Sea Flower, Wild Life Estación WLF 1	Archipiélago de San Andrés, Providencia y Santa Catalina	PRESENT		f072f648-b8a4-47a0-9e1c-89d790645b5a	12.513133	-81.731233					10.5	7.5	2017-08-30	30	8	2017	2278861	2278861	HUMAN_OBSERVATION	Instituto de Investigaciones Marinas y Costeras “José Benito Vives de Andréis” (Invemar)						CC_BY_4_0		Laura Sanchez Valencia			2025-08-02T11:49:04.932Z		COORDINATE_ROUNDED;CONTINENT_COORDINATE_MISMATCH
2993587149	f13e2caf-5093-4f9a-9de6-e38775b5a737	INVEMAR:SIMAC:InvVag:CAP-1:2004:S3:001227	Animalia	Echinodermata	Echinoidea	Camarodonta	Echinometridae	Echinometra	Echinometra lucunter		SPECIES	Echinometra lucunter (Linnaeus, 1758)	Echinometra lucunter	(Linnaeus, 1758)	CO	Ensenada Capurganá Estación CAP 1	Chocó	PRESENT		f072f648-b8a4-47a0-9e1c-89d790645b5a	8.639	-77.344667					2.5	0.5	2004-06-06	6	6	2004	2278861	2278861	HUMAN_OBSERVATION	Instituto de Investigaciones Marinas y Costeras “José Benito Vives de Andréis” (Invemar)						CC_BY_4_0		Alberto Rodríguez Ramirez;Martha Alejandra Ortiz Del Rio			2025-08-02T11:49:04.945Z		COORDINATE_ROUNDED
2993587142	f13e2caf-5093-4f9a-9de6-e38775b5a737	INVEMAR:SIMAC:InvVag:ACU-2:2006:S1:001706	Animalia	Echinodermata	Echinoidea	Camarodonta	Echinometridae	Echinometra	Echinometra lucunter		SPECIES	Echinometra lucunter (Linnaeus, 1758)	Echinometra lucunter	(Linnaeus, 1758)	CO	Reserva de Biosfera Sea Flower, Acuario Estación ACU 2	Archipiélago de San Andrés, Providencia y Santa Catalina	PRESENT		f072f648-b8a4-47a0-9e1c-89d790645b5a	12.548917	-81.69695					4.5	1.5	2006-09-22	22	9	2006	2278861	2278861	HUMAN_OBSERVATION	Instituto de Investigaciones Marinas y Costeras “José Benito Vives de Andréis” (Invemar)						CC_BY_4_0		Alfredo Abril;Kelly Gómez Campo			2025-08-02T11:49:04.922Z		COORDINATE_ROUNDED;CONTINENT_COORDINATE_MISMATCH
2993587134	f13e2caf-5093-4f9a-9de6-e38775b5a737	INVEMAR:SIMAC:InvVag:MIN-1:2010:S3:002528	Animalia	Echinodermata	Echinoidea	Camarodonta	Echinometridae	Echinometra	Echinometra lucunter		SPECIES	Echinometra lucunter (Linnaeus, 1758)	Echinometra lucunter	(Linnaeus, 1758)	CO	Parque Nacional Natural Corales del Rosario y San Bernardo, Noroeste Isla Mucura Minalta Estación MIN 1	Bolívar	PRESENT		f072f648-b8a4-47a0-9e1c-89d790645b5a	9.790583	-75.923389					6.5	0.5	2010-11-20	20	11	2010	2278861	2278861	HUMAN_OBSERVATION	Instituto de Investigaciones Marinas y Costeras “José Benito Vives de Andréis” (Invemar)						CC_BY_4_0		Kelly Gómez Campo;Raul Navas Camacho			2025-08-02T11:49:04.924Z		COORDINATE_ROUNDED
2993587131	f13e2caf-5093-4f9a-9de6-e38775b5a737	INVEMAR:SIMAC:InvVag:PAV-1:2008:S5:002061	Animalia	Echinodermata	Echinoidea	Camarodonta	Echinometridae	Echinometra	Echinometra lucunter		SPECIES	Echinometra lucunter (Linnaeus, 1758)	Echinometra lucunter	(Linnaeus, 1758)	CO	Parque Nacional Natural Corales del Rosario y San Bernardo, Isla Pavitos Estación PAV 1	Bolívar	PRESENT		f072f648-b8a4-47a0-9e1c-89d790645b5a	10.174861	-75.770639					14.0	5.0	2008-09-01	1	9	2008	2278861	2278861	HUMAN_OBSERVATION	Instituto de Investigaciones Marinas y Costeras “José Benito Vives de Andréis” (Invemar)						CC_BY_4_0		Laura Muñoz Escobar;Johanna Carolina Vega Sequeda			2025-08-02T11:49:04.924Z		COORDINATE_ROUNDED
2993587091	f13e2caf-5093-4f9a-9de6-e38775b5a737	INVEMAR:SIMAC:InvVag:MAN-1:2011:S2:002719	Animalia	Echinodermata	Echinoidea	Camarodonta	Echinometridae	Echinometra	Echinometra lucunter		SPECIES	Echinometra lucunter (Linnaeus, 1758)	Echinometra lucunter	(Linnaeus, 1758)	CO	Parque Nacional Natural Corales del Rosario y San Bernardo, Frente a Isla Mangle Estación MAN 1	Bolívar	PRESENT		f072f648-b8a4-47a0-9e1c-89d790645b5a	9.777417	-75.785389					5.0	1.0	2011-11-18	18	11	2011	2278861	2278861	HUMAN_OBSERVATION	Instituto de Investigaciones Marinas y Costeras “José Benito Vives de Andréis” (Invemar)						CC_BY_4_0		Johanna Calle Triviño;Maura Maruri Cruz			2025-08-02T11:49:04.907Z		COORDINATE_ROUNDED
2993587053	f13e2caf-5093-4f9a-9de6-e38775b5a737	INVEMAR:SIMAC:InvVag:PAV-1:2002:S5:000780	Animalia	Echinodermata	Echinoidea	Camarodonta	Echinometridae	Echinometra	Echinometra lucunter		SPECIES	Echinometra lucunter (Linnaeus, 1758)	Echinometra lucunter	(Linnaeus, 1758)	CO	Parque Nacional Natural Corales del Rosario y San Bernardo, Isla Pavitos Estación PAV 1	Bolívar	PRESENT		f072f648-b8a4-47a0-9e1c-89d790645b5a	10.174861	-75.770639					14.0	5.0	2002-12-15	15	12	2002	2278861	2278861	HUMAN_OBSERVATION	Instituto de Investigaciones Marinas y Costeras “José Benito Vives de Andréis” (Invemar)						CC_BY_4_0		Raul Navas Camacho;Monica Andrea Sepulveda Sanchez			2025-08-02T11:49:04.903Z		COORDINATE_ROUNDED
2993587014	f13e2caf-5093-4f9a-9de6-e38775b5a737	INVEMAR:SIMAC:InvVag:WLF-1:2004:S3:001316	Animalia	Echinodermata	Echinoidea	Camarodonta	Echinometridae	Echinometra	Echinometra lucunter		SPECIES	Echinometra lucunter (Linnaeus, 1758)	Echinometra lucunter	(Linnaeus, 1758)	CO	Reserva de Biosfera Sea Flower, Wild Life Estación WLF 1	Archipiélago de San Andrés, Providencia y Santa Catalina	PRESENT		f072f648-b8a4-47a0-9e1c-89d790645b5a	12.513133	-81.731233					10.5	7.5	2004-09-28	28	9	2004	2278861	2278861	HUMAN_OBSERVATION	Instituto de Investigaciones Marinas y Costeras “José Benito Vives de Andréis” (Invemar)						CC_BY_4_0		Santiago Posada;Adriana Aguirre Aguirre			2025-08-02T11:49:04.866Z		COORDINATE_ROUNDED;CONTINENT_COORDINATE_MISMATCH
2993587001	f13e2caf-5093-4f9a-9de6-e38775b5a737	INVEMAR:SIMAC:InvVag:CEY-1:2017:S4:003218	Animalia	Echinodermata	Echinoidea	Camarodonta	Echinometridae	Echinometra	Echinometra lucunter		SPECIES	Echinometra lucunter (Linnaeus, 1758)	Echinometra lucunter	(Linnaeus, 1758)	CO	Parque Nacional Natural Corales del Rosario y San Bernardo, Ceycen Estación CEY 1	Bolívar	PRESENT		f072f648-b8a4-47a0-9e1c-89d790645b5a	9.705528	-75.866139					4.5	1.5	2017-07-24	24	7	2017	2278861	2278861	HUMAN_OBSERVATION	Instituto de Investigaciones Marinas y Costeras “José Benito Vives de Andréis” (Invemar)						CC_BY_4_0		Raul Navas Camacho			2025-08-02T11:49:04.866Z		COORDINATE_ROUNDED
2993586994	f13e2caf-5093-4f9a-9de6-e38775b5a737	INVEMAR:SIMAC:InvVag:WLF-1:2011:S2:002697	Animalia	Echinodermata	Echinoidea	Camarodonta	Echinometridae	Echinometra	Echinometra lucunter		SPECIES	Echinometra lucunter (Linnaeus, 1758)	Echinometra lucunter	(Linnaeus, 1758)	CO	Reserva de Biosfera Sea Flower, Wild Life Estación WLF 1	Archipiélago de San Andrés, Providencia y Santa Catalina	PRESENT		f072f648-b8a4-47a0-9e1c-89d790645b5a	12.513133	-81.731233					10.5	7.5	2011-09-01	1	9	2011	2278861	2278861	HUMAN_OBSERVATION	Instituto de Investigaciones Marinas y Costeras “José Benito Vives de Andréis” (Invemar)						CC_BY_4_0		Luis Alfonso Gómez;Tomás López Londoño			2025-08-02T11:49:04.861Z		COORDINATE_ROUNDED;CONTINENT_COORDINATE_MISMATCH
2993586956	f13e2caf-5093-4f9a-9de6-e38775b5a737	INVEMAR:SIMAC:InvVag:PAV-1:2008:M2:002072	Animalia	Echinodermata	Echinoidea	Camarodonta	Echinometridae	Echinometra	Echinometra lucunter		SPECIES	Echinometra lucunter (Linnaeus, 1758)	Echinometra lucunter	(Linnaeus, 1758)	CO	Parque Nacional Natural Corales del Rosario y San Bernardo, Isla Pavitos Estación PAV 1	Bolívar	PRESENT		f072f648-b8a4-47a0-9e1c-89d790645b5a	10.174861	-75.770639					14.0	5.0	2008-09-03	3	9	2008	2278861	2278861	HUMAN_OBSERVATION	Instituto de Investigaciones Marinas y Costeras “José Benito Vives de Andréis” (Invemar)						CC_BY_4_0		Laura Muñoz Escobar;Johanna Carolina Vega Sequeda			2025-08-02T11:49:04.820Z		COORDINATE_ROUNDED
2993586948	f13e2caf-5093-4f9a-9de6-e38775b5a737	INVEMAR:SIMAC:InvVag:WLF-1:2002:S2:000536	Animalia	Echinodermata	Echinoidea	Camarodonta	Echinometridae	Echinometra	Echinometra lucunter		SPECIES	Echinometra lucunter (Linnaeus, 1758)	Echinometra lucunter	(Linnaeus, 1758)	CO	Reserva de Biosfera Sea Flower, Wild Life Estación WLF 1	Archipiélago de San Andrés, Providencia y Santa Catalina	PRESENT		f072f648-b8a4-47a0-9e1c-89d790645b5a	12.513133	-81.731233					10.5	7.5	2002-09-04	4	9	2002	2278861	2278861	HUMAN_OBSERVATION	Instituto de Investigaciones Marinas y Costeras “José Benito Vives de Andréis” (Invemar)						CC_BY_4_0		Sonia Bejarano			2025-08-02T11:49:04.820Z		COORDINATE_ROUNDED;CONTINENT_COORDINATE_MISMATCH
2993586939	f13e2caf-5093-4f9a-9de6-e38775b5a737	INVEMAR:SIMAC:InvVag:IGU-1:2006:M4:001674	Animalia	Echinodermata	Echinoidea	Camarodonta	Echinometridae	Echinometra	Echinometra lucunter		SPECIES	Echinometra lucunter (Linnaeus, 1758)	Echinometra lucunter	(Linnaeus, 1758)	CO	Reserva de Biosfera Sea Flower, Iguana Estación IGU 1	Archipiélago de San Andrés, Providencia y Santa Catalina	PRESENT		f072f648-b8a4-47a0-9e1c-89d790645b5a	12.500417	-81.733333					10.5	7.5	2006-09-20	20	9	2006	2278861	2278861	HUMAN_OBSERVATION	Instituto de Investigaciones Marinas y Costeras “José Benito Vives de Andréis” (Invemar)						CC_BY_4_0		Alfredo Abril;Kelly Gómez Campo			2025-08-02T11:49:04.819Z		COORDINATE_ROUNDED;CONTINENT_COORDINATE_MISMATCH
2993586930	f13e2caf-5093-4f9a-9de6-e38775b5a737	INVEMAR:SIMAC:InvVag:PAV-1:2001:P4:000333	Animalia	Echinodermata	Echinoidea	Camarodonta	Echinometridae	Echinometra	Echinometra lucunter		SPECIES	Echinometra lucunter (Linnaeus, 1758)	Echinometra lucunter	(Linnaeus, 1758)	CO	Parque Nacional Natural Corales del Rosario y San Bernardo, Isla Pavitos Estación PAV 1	Bolívar	PRESENT		f072f648-b8a4-47a0-9e1c-89d790645b5a	10.174861	-75.770639					14.0	5.0	2001-12-08	8	12	2001	2278861	2278861	HUMAN_OBSERVATION	Instituto de Investigaciones Marinas y Costeras “José Benito Vives de Andréis” (Invemar)						CC_BY_4_0		Diego Duque;Nelson Manrique			2025-08-02T11:49:04.816Z		COORDINATE_ROUNDED
2993586917	f13e2caf-5093-4f9a-9de6-e38775b5a737	INVEMAR:SIMAC:InvVag:SFE-1:2007:S3:001872	Animalia	Echinodermata	Echinoidea	Camarodonta	Echinometridae	Echinometra	Echinometra lucunter		SPECIES	Echinometra lucunter (Linnaeus, 1758)	Echinometra lucunter	(Linnaeus, 1758)	CO	Reserva de Biosfera Sea Flower, San Felipe Estación SFE 1	Archipiélago de San Andrés, Providencia y Santa Catalina	PRESENT		f072f648-b8a4-47a0-9e1c-89d790645b5a	13.362367	-81.414278					4.5	1.5	2007-07-06	6	7	2007	2278861	2278861	HUMAN_OBSERVATION	Instituto de Investigaciones Marinas y Costeras “José Benito Vives de Andréis” (Invemar)						CC_BY_4_0		Raul Navas Camacho			2025-08-02T11:49:04.814Z		COORDINATE_ROUNDED;CONTINENT_COORDINATE_MISMATCH
2993586910	f13e2caf-5093-4f9a-9de6-e38775b5a737	INVEMAR:SIMAC:InvVag:TES-1:2008:S1:002027	Animalia	Echinodermata	Echinoidea	Camarodonta	Echinometridae	Echinometra	Echinometra lucunter		SPECIES	Echinometra lucunter (Linnaeus, 1758)	Echinometra lucunter	(Linnaeus, 1758)	CO	Parque Nacional Natural Corales del Rosario y San Bernardo, El Tesoro Estación TES 1	Bolívar	PRESENT		f072f648-b8a4-47a0-9e1c-89d790645b5a	10.234194	-75.746444					12.0	7.0	2008-08-30	30	8	2008	2278861	2278861	HUMAN_OBSERVATION	Instituto de Investigaciones Marinas y Costeras “José Benito Vives de Andréis” (Invemar)						CC_BY_4_0		Laura Muñoz Escobar			2025-08-02T11:49:04.796Z		COORDINATE_ROUNDED
2993586881	f13e2caf-5093-4f9a-9de6-e38775b5a737	INVEMAR:SIMAC:InvVag:PAV-1:2010:S1:002501	Animalia	Echinodermata	Echinoidea	Camarodonta	Echinometridae	Echinometra	Echinometra lucunter		SPECIES	Echinometra lucunter (Linnaeus, 1758)	Echinometra lucunter	(Linnaeus, 1758)	CO	Parque Nacional Natural Corales del Rosario y San Bernardo, Isla Pavitos Estación PAV 1	Bolívar	PRESENT		f072f648-b8a4-47a0-9e1c-89d790645b5a	10.174861	-75.770639					14.0	5.0	2010-08-13	13	8	2010	2278861	2278861	HUMAN_OBSERVATION	Instituto de Investigaciones Marinas y Costeras “José Benito Vives de Andréis” (Invemar)						CC_BY_4_0		Kelly Gómez Campo;Cindy Melissa Montero			2025-08-02T11:49:04.791Z		COORDINATE_ROUNDED
2993586864	f13e2caf-5093-4f9a-9de6-e38775b5a737	INVEMAR:SIMAC:InvVag:CHE-2:2003:S3:001026	Animalia	Echinodermata	Echinoidea	Camarodonta	Echinometridae	Echinometra	Echinometra lucunter		SPECIES	Echinometra lucunter (Linnaeus, 1758)	Echinometra lucunter	(Linnaeus, 1758)	CO	Parque Nacional Natural Tayrona, Bahía Chengue C2 Estación CHE 2	Magdalena	PRESENT		f072f648-b8a4-47a0-9e1c-89d790645b5a	11.329861	-74.128611					10.0	7.0	2003-10-20	20	10	2003	2278861	2278861	HUMAN_OBSERVATION	Instituto de Investigaciones Marinas y Costeras “José Benito Vives de Andréis” (Invemar)						CC_BY_4_0		Nelson Manrique			2025-08-02T11:49:04.783Z		COORDINATE_ROUNDED
2993586861	f13e2caf-5093-4f9a-9de6-e38775b5a737	INVEMAR:SIMAC:InvVag:IGU-1:2006:S3:001689	Animalia	Echinodermata	Echinoidea	Camarodonta	Echinometridae	Echinometra	Echinometra lucunter		SPECIES	Echinometra lucunter (Linnaeus, 1758)	Echinometra lucunter	(Linnaeus, 1758)	CO	Reserva de Biosfera Sea Flower, Iguana Estación IGU 1	Archipiélago de San Andrés, Providencia y Santa Catalina	PRESENT		f072f648-b8a4-47a0-9e1c-89d790645b5a	12.500417	-81.733333					10.5	7.5	2006-09-21	21	9	2006	2278861	2278861	HUMAN_OBSERVATION	Instituto de Investigaciones Marinas y Costeras “José Benito Vives de Andréis” (Invemar)						CC_BY_4_0		Alfredo Abril;Kelly Gómez Campo			2025-08-02T11:49:04.790Z		COORDINATE_ROUNDED;CONTINENT_COORDINATE_MISMATCH
2993586830	f13e2caf-5093-4f9a-9de6-e38775b5a737	INVEMAR:SIMAC:InvVag:CEY-1:2002:S1:000365	Animalia	Echinodermata	Echinoidea	Camarodonta	Echinometridae	Echinometra	Echinometra lucunter		SPECIES	Echinometra lucunter (Linnaeus, 1758)	Echinometra lucunter	(Linnaeus, 1758)	CO	Parque Nacional Natural Corales del Rosario y San Bernardo, Ceycen Estación CEY 1	Bolívar	PRESENT		f072f648-b8a4-47a0-9e1c-89d790645b5a	9.705528	-75.866139					4.5	1.5	2002-05-03	3	5	2002	2278861	2278861	HUMAN_OBSERVATION	Instituto de Investigaciones Marinas y Costeras “José Benito Vives de Andréis” (Invemar)						CC_BY_4_0		Raul Navas Camacho;Nelson Manrique			2025-08-02T11:49:04.770Z		COORDINATE_ROUNDED
2993586827	f13e2caf-5093-4f9a-9de6-e38775b5a737	INVEMAR:SIMAC:InvVag:CHE-1:2003:S3:001003	Animalia	Echinodermata	Echinoidea	Camarodonta	Echinometridae	Echinometra	Echinometra lucunter		SPECIES	Echinometra lucunter (Linnaeus, 1758)	Echinometra lucunter	(Linnaeus, 1758)	CO	Parque Nacional Natural Tayrona, Bahía Chengue C1 Estación CHE 1	Magdalena	PRESENT		f072f648-b8a4-47a0-9e1c-89d790645b5a	11.325611	-74.128361					9.5	6.5	2003-10-15	15	10	2003	2278861	2278861	HUMAN_OBSERVATION	Instituto de Investigaciones Marinas y Costeras “José Benito Vives de Andréis” (Invemar)						CC_BY_4_0		Isabel Cristina Chacón Gómez			2025-08-02T11:49:04.782Z		COORDINATE_ROUNDED
2993586806	f13e2caf-5093-4f9a-9de6-e38775b5a737	INVEMAR:SIMAC:InvVag:CTI-1:2013:S1:003015	Animalia	Echinodermata	Echinoidea	Camarodonta	Echinometridae	Echinometra	Echinometra lucunter		SPECIES	Echinometra lucunter (Linnaeus, 1758)	Echinometra lucunter	(Linnaeus, 1758)	CO	Ensenada Sapzurro, Cabo Tiburón S Estación CTI 1	Chocó	PRESENT		f072f648-b8a4-47a0-9e1c-89d790645b5a	8.670417	-77.358667					2.5	0.5	2013-08-24	24	8	2013	2278861	2278861	HUMAN_OBSERVATION	Instituto de Investigaciones Marinas y Costeras “José Benito Vives de Andréis” (Invemar)						CC_BY_4_0		Raul Navas Camacho;Diana Carolina Casas Figueroa			2025-08-02T11:49:04.769Z		COORDINATE_ROUNDED
2993586793	f13e2caf-5093-4f9a-9de6-e38775b5a737	INVEMAR:SIMAC:InvVag:MAN-1:2011:S1:002715	Animalia	Echinodermata	Echinoidea	Camarodonta	Echinometridae	Echinometra	Echinometra lucunter		SPECIES	Echinometra lucunter (Linnaeus, 1758)	Echinometra lucunter	(Linnaeus, 1758)	CO	Parque Nacional Natural Corales del Rosario y San Bernardo, Frente a Isla Mangle Estación MAN 1	Bolívar	PRESENT		f072f648-b8a4-47a0-9e1c-89d790645b5a	9.777417	-75.785389					5.0	1.0	2011-11-18	18	11	2011	2278861	2278861	HUMAN_OBSERVATION	Instituto de Investigaciones Marinas y Costeras “José Benito Vives de Andréis” (Invemar)						CC_BY_4_0		Johanna Calle Triviño;Maura Maruri Cruz			2025-08-02T11:49:04.765Z		COORDINATE_ROUNDED
2993586789	f13e2caf-5093-4f9a-9de6-e38775b5a737	INVEMAR:SIMAC:InvVag:AGU-1:2002:S2:000447	Animalia	Echinodermata	Echinoidea	Camarodonta	Echinometridae	Echinometra	Echinometra lucunter		SPECIES	Echinometra lucunter (Linnaeus, 1758)	Echinometra lucunter	(Linnaeus, 1758)	CO	Ensenada Capurganá, Punta del Aguacate, al fondo de la ensenada, Aguacate S Estación AGU 1	Chocó	PRESENT		f072f648-b8a4-47a0-9e1c-89d790645b5a	8.616722	-77.326861					4.5	1.5	2002-07-02	2	7	2002	2278861	2278861	HUMAN_OBSERVATION	Instituto de Investigaciones Marinas y Costeras “José Benito Vives de Andréis” (Invemar)						CC_BY_4_0		Jaime Garzón Ferreira;Nelson Manrique			2025-08-02T11:49:04.763Z		COORDINATE_ROUNDED
2993586786	f13e2caf-5093-4f9a-9de6-e38775b5a737	INVEMAR:SIMAC:InvVag:PAV-1:2001:S5:000347	Animalia	Echinodermata	Echinoidea	Camarodonta	Echinometridae	Echinometra	Echinometra lucunter		SPECIES	Echinometra lucunter (Linnaeus, 1758)	Echinometra lucunter	(Linnaeus, 1758)	CO	Parque Nacional Natural Corales del Rosario y San Bernardo, Isla Pavitos Estación PAV 1	Bolívar	PRESENT		f072f648-b8a4-47a0-9e1c-89d790645b5a	10.174861	-75.770639					14.0	5.0	2001-12-09	9	12	2001	2278861	2278861	HUMAN_OBSERVATION	Instituto de Investigaciones Marinas y Costeras “José Benito Vives de Andréis” (Invemar)						CC_BY_4_0		Raul Navas Camacho;Nelson Manrique			2025-08-02T11:49:04.761Z		COORDINATE_ROUNDED
2993586784	f13e2caf-5093-4f9a-9de6-e38775b5a737	INVEMAR:SIMAC:InvVag:TES-1:2008:M5:002047	Animalia	Echinodermata	Echinoidea	Camarodonta	Echinometridae	Echinometra	Echinometra lucunter		SPECIES	Echinometra lucunter (Linnaeus, 1758)	Echinometra lucunter	(Linnaeus, 1758)	CO	Parque Nacional Natural Corales del Rosario y San Bernardo, El Tesoro Estación TES 1	Bolívar	PRESENT		f072f648-b8a4-47a0-9e1c-89d790645b5a	10.234194	-75.746444					12.0	7.0	2008-08-31	31	8	2008	2278861	2278861	HUMAN_OBSERVATION	Instituto de Investigaciones Marinas y Costeras “José Benito Vives de Andréis” (Invemar)						CC_BY_4_0		Laura Muñoz Escobar;Kelly Gómez Campo			2025-08-02T11:49:04.763Z		COORDINATE_ROUNDED
2993586741	f13e2caf-5093-4f9a-9de6-e38775b5a737	INVEMAR:SIMAC:InvVag:CEY-1:2017:S2:003226	Animalia	Echinodermata	Echinoidea	Camarodonta	Echinometridae	Echinometra	Echinometra lucunter		SPECIES	Echinometra lucunter (Linnaeus, 1758)	Echinometra lucunter	(Linnaeus, 1758)	CO	Parque Nacional Natural Corales del Rosario y San Bernardo, Ceycen Estación CEY 1	Bolívar	PRESENT		f072f648-b8a4-47a0-9e1c-89d790645b5a	9.705528	-75.866139					4.5	1.5	2017-07-24	24	7	2017	2278861	2278861	HUMAN_OBSERVATION	Instituto de Investigaciones Marinas y Costeras “José Benito Vives de Andréis” (Invemar)						CC_BY_4_0		Juan David González Corredor			2025-08-02T11:49:04.755Z		COORDINATE_ROUNDED
2993586731	f13e2caf-5093-4f9a-9de6-e38775b5a737	INVEMAR:SIMAC:InvVag:CTI-1:2011:S3:002757	Animalia	Echinodermata	Echinoidea	Camarodonta	Echinometridae	Echinometra	Echinometra lucunter		SPECIES	Echinometra lucunter (Linnaeus, 1758)	Echinometra lucunter	(Linnaeus, 1758)	CO	Ensenada Sapzurro, Cabo Tiburón S Estación CTI 1	Chocó	PRESENT		f072f648-b8a4-47a0-9e1c-89d790645b5a	8.670417	-77.358667					2.5	0.5	2011-12-15	15	12	2011	2278861	2278861	HUMAN_OBSERVATION	Instituto de Investigaciones Marinas y Costeras “José Benito Vives de Andréis” (Invemar)						CC_BY_4_0		Mario Andrés Alviar Alameda;Maura Maruri Cruz			2025-08-02T11:49:04.744Z		COORDINATE_ROUNDED
2993586713	f13e2caf-5093-4f9a-9de6-e38775b5a737	INVEMAR:SIMAC:InvVag:WLF-1:2002:S5:000548	Animalia	Echinodermata	Echinoidea	Camarodonta	Echinometridae	Echinometra	Echinometra lucunter		SPECIES	Echinometra lucunter (Linnaeus, 1758)	Echinometra lucunter	(Linnaeus, 1758)	CO	Reserva de Biosfera Sea Flower, Wild Life Estación WLF 1	Archipiélago de San Andrés, Providencia y Santa Catalina	PRESENT		f072f648-b8a4-47a0-9e1c-89d790645b5a	12.513133	-81.731233					10.5	7.5	2002-09-04	4	9	2002	2278861	2278861	HUMAN_OBSERVATION	Instituto de Investigaciones Marinas y Costeras “José Benito Vives de Andréis” (Invemar)						CC_BY_4_0		Alberto Rodríguez Ramirez;Sonia Bejarano			2025-08-02T11:49:04.732Z		COORDINATE_ROUNDED;CONTINENT_COORDINATE_MISMATCH
2993586712	f13e2caf-5093-4f9a-9de6-e38775b5a737	INVEMAR:SIMAC:InvVag:WLF-1:2011:S1:002695	Animalia	Echinodermata	Echinoidea	Camarodonta	Echinometridae	Echinometra	Echinometra lucunter		SPECIES	Echinometra lucunter (Linnaeus, 1758)	Echinometra lucunter	(Linnaeus, 1758)	CO	Reserva de Biosfera Sea Flower, Wild Life Estación WLF 1	Archipiélago de San Andrés, Providencia y Santa Catalina	PRESENT		f072f648-b8a4-47a0-9e1c-89d790645b5a	12.513133	-81.731233					10.5	7.5	2011-09-01	1	9	2011	2278861	2278861	HUMAN_OBSERVATION	Instituto de Investigaciones Marinas y Costeras “José Benito Vives de Andréis” (Invemar)						CC_BY_4_0		Luis Alfonso Gómez;Tomás López Londoño			2025-08-02T11:49:04.737Z		COORDINATE_ROUNDED;CONTINENT_COORDINATE_MISMATCH
2993586703	f13e2caf-5093-4f9a-9de6-e38775b5a737	INVEMAR:SIMAC:InvVag:CHE-2:2011:S4:002711	Animalia	Echinodermata	Echinoidea	Camarodonta	Echinometridae	Echinometra	Echinometra lucunter		SPECIES	Echinometra lucunter (Linnaeus, 1758)	Echinometra lucunter	(Linnaeus, 1758)	CO	Parque Nacional Natural Tayrona, Bahía Chengue C2 Estación CHE 2	Magdalena	PRESENT		f072f648-b8a4-47a0-9e1c-89d790645b5a	11.329861	-74.128611					10.0	7.0	2011-11-09	9	11	2011	2278861	2278861	HUMAN_OBSERVATION	Instituto de Investigaciones Marinas y Costeras “José Benito Vives de Andréis” (Invemar)						CC_BY_4_0		Johanna Calle Triviño;Cindy Melissa Montero			2025-08-02T11:49:04.730Z		COORDINATE_ROUNDED
2993586691	f13e2caf-5093-4f9a-9de6-e38775b5a737	INVEMAR:SIMAC:InvVag:AGU-1:2003:S1:000873	Animalia	Echinodermata	Echinoidea	Camarodonta	Echinometridae	Echinometra	Echinometra lucunter		SPECIES	Echinometra lucunter (Linnaeus, 1758)	Echinometra lucunter	(Linnaeus, 1758)	CO	Ensenada Capurganá, Punta del Aguacate, al fondo de la ensenada, Aguacate S Estación AGU 1	Chocó	PRESENT		f072f648-b8a4-47a0-9e1c-89d790645b5a	8.616722	-77.326861					4.5	1.5	2003-06-12	12	6	2003	2278861	2278861	HUMAN_OBSERVATION	Instituto de Investigaciones Marinas y Costeras “José Benito Vives de Andréis” (Invemar)						CC_BY_4_0		Raul Navas Camacho;María Catalina Reyes Nivia			2025-08-02T11:49:04.729Z		COORDINATE_ROUNDED
2993586676	f13e2caf-5093-4f9a-9de6-e38775b5a737	INVEMAR:SIMAC:InvVag:CTI-1:2002:S1:000414	Animalia	Echinodermata	Echinoidea	Camarodonta	Echinometridae	Echinometra	Echinometra lucunter		SPECIES	Echinometra lucunter (Linnaeus, 1758)	Echinometra lucunter	(Linnaeus, 1758)	CO	Ensenada Sapzurro, Cabo Tiburón S Estación CTI 1	Chocó	PRESENT		f072f648-b8a4-47a0-9e1c-89d790645b5a	8.670417	-77.358667					2.5	0.5	2002-06-29	29	6	2002	2278861	2278861	HUMAN_OBSERVATION	Instituto de Investigaciones Marinas y Costeras “José Benito Vives de Andréis” (Invemar)						CC_BY_4_0		Oscar Caucali;Nelson Manrique			2025-08-02T11:49:04.723Z		COORDINATE_ROUNDED
2993586666	f13e2caf-5093-4f9a-9de6-e38775b5a737	INVEMAR:SIMAC:InvVag:SFE-1:2001:S1:000285	Animalia	Echinodermata	Echinoidea	Camarodonta	Echinometridae	Echinometra	Echinometra lucunter		SPECIES	Echinometra lucunter (Linnaeus, 1758)	Echinometra lucunter	(Linnaeus, 1758)	CO	Reserva de Biosfera Sea Flower, San Felipe Estación SFE 1	Archipiélago de San Andrés, Providencia y Santa Catalina	PRESENT		f072f648-b8a4-47a0-9e1c-89d790645b5a	13.362367	-81.414278					4.5	1.5	2001-10-25	25	10	2001	2278861	2278861	HUMAN_OBSERVATION	Instituto de Investigaciones Marinas y Costeras “José Benito Vives de Andréis” (Invemar)						CC_BY_4_0		Valeria Pizarro;Sonia Bejarano			2025-08-02T11:49:04.720Z		COORDINATE_ROUNDED;CONTINENT_COORDINATE_MISMATCH
2993586643	f13e2caf-5093-4f9a-9de6-e38775b5a737	INVEMAR:SIMAC:InvVag:WLF-1:2011:S4:002702	Animalia	Echinodermata	Echinoidea	Camarodonta	Echinometridae	Echinometra	Echinometra lucunter		SPECIES	Echinometra lucunter (Linnaeus, 1758)	Echinometra lucunter	(Linnaeus, 1758)	CO	Reserva de Biosfera Sea Flower, Wild Life Estación WLF 1	Archipiélago de San Andrés, Providencia y Santa Catalina	PRESENT		f072f648-b8a4-47a0-9e1c-89d790645b5a	12.513133	-81.731233					10.5	7.5	2011-09-01	1	9	2011	2278861	2278861	HUMAN_OBSERVATION	Instituto de Investigaciones Marinas y Costeras “José Benito Vives de Andréis” (Invemar)						CC_BY_4_0		Luis Alfonso Gómez;Tomás López Londoño			2025-08-02T11:49:04.716Z		COORDINATE_ROUNDED;CONTINENT_COORDINATE_MISMATCH
2993586636	f13e2caf-5093-4f9a-9de6-e38775b5a737	INVEMAR:SIMAC:InvVag:IGU-1:2011:M1:002679	Animalia	Echinodermata	Echinoidea	Camarodonta	Echinometridae	Echinometra	Echinometra lucunter		SPECIES	Echinometra lucunter (Linnaeus, 1758)	Echinometra lucunter	(Linnaeus, 1758)	CO	Reserva de Biosfera Sea Flower, Iguana Estación IGU 1	Archipiélago de San Andrés, Providencia y Santa Catalina	PRESENT		f072f648-b8a4-47a0-9e1c-89d790645b5a	12.500417	-81.733333					10.5	7.5	2011-08-31	31	8	2011	2278861	2278861	HUMAN_OBSERVATION	Instituto de Investigaciones Marinas y Costeras “José Benito Vives de Andréis” (Invemar)						CC_BY_4_0		Luis Alfonso Gómez;Cindy Melissa Montero			2025-08-02T11:49:04.715Z		COORDINATE_ROUNDED;CONTINENT_COORDINATE_MISMATCH
2993586612	f13e2caf-5093-4f9a-9de6-e38775b5a737	INVEMAR:SIMAC:InvVag:IGU-1:2001:M3:000108	Animalia	Echinodermata	Echinoidea	Camarodonta	Echinometridae	Echinometra	Echinometra lucunter		SPECIES	Echinometra lucunter (Linnaeus, 1758)	Echinometra lucunter	(Linnaeus, 1758)	CO	Reserva de Biosfera Sea Flower, Iguana Estación IGU 1	Archipiélago de San Andrés, Providencia y Santa Catalina	PRESENT		f072f648-b8a4-47a0-9e1c-89d790645b5a	12.500417	-81.733333					10.5	7.5	2001-09-27	27	9	2001	2278861	2278861	HUMAN_OBSERVATION	Instituto de Investigaciones Marinas y Costeras “José Benito Vives de Andréis” (Invemar)						CC_BY_4_0		Juan Camilo Martinez;Nelson Manrique			2025-08-02T11:49:04.711Z		COORDINATE_ROUNDED;CONTINENT_COORDINATE_MISMATCH
2993586603	f13e2caf-5093-4f9a-9de6-e38775b5a737	INVEMAR:SIMAC:InvVag:ACU-2:2006:S2:001709	Animalia	Echinodermata	Echinoidea	Camarodonta	Echinometridae	Echinometra	Echinometra lucunter		SPECIES	Echinometra lucunter (Linnaeus, 1758)	Echinometra lucunter	(Linnaeus, 1758)	CO	Reserva de Biosfera Sea Flower, Acuario Estación ACU 2	Archipiélago de San Andrés, Providencia y Santa Catalina	PRESENT		f072f648-b8a4-47a0-9e1c-89d790645b5a	12.548917	-81.69695					4.5	1.5	2006-09-22	22	9	2006	2278861	2278861	HUMAN_OBSERVATION	Instituto de Investigaciones Marinas y Costeras “José Benito Vives de Andréis” (Invemar)						CC_BY_4_0		Nacor Bolaños;Kelly Gómez Campo			2025-08-02T11:49:04.745Z		COORDINATE_ROUNDED;CONTINENT_COORDINATE_MISMATCH
2993586566	f13e2caf-5093-4f9a-9de6-e38775b5a737	INVEMAR:SIMAC:InvVag:PAV-1:2009:M1:002312	Animalia	Echinodermata	Echinoidea	Camarodonta	Echinometridae	Echinometra	Echinometra lucunter		SPECIES	Echinometra lucunter (Linnaeus, 1758)	Echinometra lucunter	(Linnaeus, 1758)	CO	Parque Nacional Natural Corales del Rosario y San Bernardo, Isla Pavitos Estación PAV 1	Bolívar	PRESENT		f072f648-b8a4-47a0-9e1c-89d790645b5a	10.174861	-75.770639					14.0	5.0	2009-05-23	23	5	2009	2278861	2278861	HUMAN_OBSERVATION	Instituto de Investigaciones Marinas y Costeras “José Benito Vives de Andréis” (Invemar)						CC_BY_4_0		Gloria Castro;Kelly Gómez Campo			2025-08-02T11:49:04.700Z		COORDINATE_ROUNDED
2993586561	f13e2caf-5093-4f9a-9de6-e38775b5a737	INVEMAR:SIMAC:InvVag:ZAP-1:2006:M1:001642	Animalia	Echinodermata	Echinoidea	Camarodonta	Echinometridae	Echinometra	Echinometra lucunter		SPECIES	Echinometra lucunter (Linnaeus, 1758)	Echinometra lucunter	(Linnaeus, 1758)	CO	Ensenada Sapzurro, fuera de la punta rocosa Sapzurro M Estación ZAP 1	Chocó	PRESENT		f072f648-b8a4-47a0-9e1c-89d790645b5a	8.662139	-77.358722					10.5	1.5	2006-07-27	27	7	2006	2278861	2278861	HUMAN_OBSERVATION	Instituto de Investigaciones Marinas y Costeras “José Benito Vives de Andréis” (Invemar)						CC_BY_4_0		Katherine Bernal			2025-08-02T11:49:04.698Z		COORDINATE_ROUNDED
2993586553	f13e2caf-5093-4f9a-9de6-e38775b5a737	INVEMAR:SIMAC:InvVag:CHE-1:2013:S2:003027	Animalia	Echinodermata	Echinoidea	Camarodonta	Echinometridae	Echinometra	Echinometra lucunter		SPECIES	Echinometra lucunter (Linnaeus, 1758)	Echinometra lucunter	(Linnaeus, 1758)	CO	Parque Nacional Natural Tayrona, Bahía Chengue C1 Estación CHE 1	Magdalena	PRESENT		f072f648-b8a4-47a0-9e1c-89d790645b5a	11.325611	-74.128361					9.5	6.5	2013-11-15	15	11	2013	2278861	2278861	HUMAN_OBSERVATION	Instituto de Investigaciones Marinas y Costeras “José Benito Vives de Andréis” (Invemar)						CC_BY_4_0		Diana Carolina Ballesteros Contreras			2025-08-02T11:49:04.700Z		COORDINATE_ROUNDED
2993586550	f13e2caf-5093-4f9a-9de6-e38775b5a737	INVEMAR:SIMAC:InvVag:ACU-2:2006:S5:001719	Animalia	Echinodermata	Echinoidea	Camarodonta	Echinometridae	Echinometra	Echinometra lucunter		SPECIES	Echinometra lucunter (Linnaeus, 1758)	Echinometra lucunter	(Linnaeus, 1758)	CO	Reserva de Biosfera Sea Flower, Acuario Estación ACU 2	Archipiélago de San Andrés, Providencia y Santa Catalina	PRESENT		f072f648-b8a4-47a0-9e1c-89d790645b5a	12.548917	-81.69695					4.5	1.5	2006-09-22	22	9	2006	2278861	2278861	HUMAN_OBSERVATION	Instituto de Investigaciones Marinas y Costeras “José Benito Vives de Andréis” (Invemar)						CC_BY_4_0		Katherine Bernal;Kelly Gómez Campo			2025-08-02T11:49:04.698Z		COORDINATE_ROUNDED;CONTINENT_COORDINATE_MISMATCH
2993586514	f13e2caf-5093-4f9a-9de6-e38775b5a737	INVEMAR:SIMAC:InvVag:CTI-1:2003:S3:000849	Animalia	Echinodermata	Echinoidea	Camarodonta	Echinometridae	Echinometra	Echinometra lucunter		SPECIES	Echinometra lucunter (Linnaeus, 1758)	Echinometra lucunter	(Linnaeus, 1758)	CO	Ensenada Sapzurro, Cabo Tiburón S Estación CTI 1	Chocó	PRESENT		f072f648-b8a4-47a0-9e1c-89d790645b5a	8.670417	-77.358667					2.5	0.5	2003-06-11	11	6	2003	2278861	2278861	HUMAN_OBSERVATION	Instituto de Investigaciones Marinas y Costeras “José Benito Vives de Andréis” (Invemar)						CC_BY_4_0		Jairo Zapata;María Catalina Reyes Nivia			2025-08-02T11:49:04.692Z		COORDINATE_ROUNDED
2993586495	f13e2caf-5093-4f9a-9de6-e38775b5a737	INVEMAR:SIMAC:InvVag:TIO-1:2008:M3:002103	Animalia	Echinodermata	Echinoidea	Camarodonta	Echinometridae	Echinometra	Echinometra lucunter		SPECIES	Echinometra lucunter (Linnaeus, 1758)	Echinometra lucunter	(Linnaeus, 1758)	CO	Parque Nacional Natural Corales del Rosario y San Bernardo, Noroeste de Isla Tintipan Tiosolda Estación TIO 1	Bolívar	PRESENT		f072f648-b8a4-47a0-9e1c-89d790645b5a	9.821944	-75.890833					10.5	1.5	2008-09-30	30	9	2008	2278861	2278861	HUMAN_OBSERVATION	Instituto de Investigaciones Marinas y Costeras “José Benito Vives de Andréis” (Invemar)						CC_BY_4_0		Catalina Casas;Johanna Carolina Vega Sequeda			2025-08-02T11:49:04.689Z		COORDINATE_ROUNDED
2993586439	f13e2caf-5093-4f9a-9de6-e38775b5a737	INVEMAR:SIMAC:InvVag:PAV-1:2009:S5:002343	Animalia	Echinodermata	Echinoidea	Camarodonta	Echinometridae	Echinometra	Echinometra lucunter		SPECIES	Echinometra lucunter (Linnaeus, 1758)	Echinometra lucunter	(Linnaeus, 1758)	CO	Parque Nacional Natural Corales del Rosario y San Bernardo, Isla Pavitos Estación PAV 1	Bolívar	PRESENT		f072f648-b8a4-47a0-9e1c-89d790645b5a	10.174861	-75.770639					14.0	5.0	2009-05-24	24	5	2009	2278861	2278861	HUMAN_OBSERVATION	Instituto de Investigaciones Marinas y Costeras “José Benito Vives de Andréis” (Invemar)						CC_BY_4_0		Gloria Castro;Tomás López Londoño			2025-08-02T11:49:04.681Z		COORDINATE_ROUNDED
2993586389	f13e2caf-5093-4f9a-9de6-e38775b5a737	INVEMAR:SIMAC:InvVag:VAR-1:2018:S4:003369	Animalia	Echinodermata	Echinoidea	Camarodonta	Echinometridae	Echinometra	Echinometra lucunter		SPECIES	Echinometra lucunter (Linnaeus, 1758)	Echinometra lucunter	(Linnaeus, 1758)	CO	Parque Nacional Natural Corales del Rosario y San Bernardo, Cartagena, Varadero Estación VAR 1	Bolívar	PRESENT		f072f648-b8a4-47a0-9e1c-89d790645b5a	10.308042	-75.585069					4.25	1.75	2018-04-28	28	4	2018	2278861	2278861	HUMAN_OBSERVATION	Instituto de Investigaciones Marinas y Costeras “José Benito Vives de Andréis” (Invemar)						CC_BY_4_0		Laura Sanchez Valencia			2025-08-02T11:49:04.650Z		
2993586363	f13e2caf-5093-4f9a-9de6-e38775b5a737	INVEMAR:SIMAC:InvVag:CTI-1:2006:S3:001633	Animalia	Echinodermata	Echinoidea	Camarodonta	Echinometridae	Echinometra	Echinometra lucunter		SPECIES	Echinometra lucunter (Linnaeus, 1758)	Echinometra lucunter	(Linnaeus, 1758)	CO	Ensenada Sapzurro, Cabo Tiburón S Estación CTI 1	Chocó	PRESENT		f072f648-b8a4-47a0-9e1c-89d790645b5a	8.670417	-77.358667					2.5	0.5	2006-07-26	26	7	2006	2278861	2278861	HUMAN_OBSERVATION	Instituto de Investigaciones Marinas y Costeras “José Benito Vives de Andréis” (Invemar)						CC_BY_4_0		Alexander Taborda;Katherine Bernal			2025-08-02T11:49:04.646Z		COORDINATE_ROUNDED
2993586352	f13e2caf-5093-4f9a-9de6-e38775b5a737	INVEMAR:SIMAC:InvVag:CTI-1:2004:S1:001230	Animalia	Echinodermata	Echinoidea	Camarodonta	Echinometridae	Echinometra	Echinometra lucunter		SPECIES	Echinometra lucunter (Linnaeus, 1758)	Echinometra lucunter	(Linnaeus, 1758)	CO	Ensenada Sapzurro, Cabo Tiburón S Estación CTI 1	Chocó	PRESENT		f072f648-b8a4-47a0-9e1c-89d790645b5a	8.670417	-77.358667					2.5	0.5	2004-06-07	7	6	2004	2278861	2278861	HUMAN_OBSERVATION	Instituto de Investigaciones Marinas y Costeras “José Benito Vives de Andréis” (Invemar)						CC_BY_4_0		Raul Navas Camacho;Martha Alejandra Ortiz Del Rio			2025-08-02T11:49:04.634Z		COORDINATE_ROUNDED
2993586347	f13e2caf-5093-4f9a-9de6-e38775b5a737	INVEMAR:SIMAC:InvVag:TES-1:2013:S3:003045	Animalia	Echinodermata	Echinoidea	Camarodonta	Echinometridae	Echinometra	Echinometra lucunter		SPECIES	Echinometra lucunter (Linnaeus, 1758)	Echinometra lucunter	(Linnaeus, 1758)	CO	Parque Nacional Natural Corales del Rosario y San Bernardo, El Tesoro Estación TES 1	Bolívar	PRESENT		f072f648-b8a4-47a0-9e1c-89d790645b5a	10.234194	-75.746444					12.0	7.0	2013-12-04	4	12	2013	2278861	2278861	HUMAN_OBSERVATION	Instituto de Investigaciones Marinas y Costeras “José Benito Vives de Andréis” (Invemar)						CC_BY_4_0		Laura Muñoz Escobar;Diana Carolina Ballesteros Contreras			2025-08-02T11:49:04.632Z		COORDINATE_ROUNDED
2993586323	f13e2caf-5093-4f9a-9de6-e38775b5a737	INVEMAR:SIMAC:InvVag:IGU-1:2002:M5:000529	Animalia	Echinodermata	Echinoidea	Camarodonta	Echinometridae	Echinometra	Echinometra lucunter		SPECIES	Echinometra lucunter (Linnaeus, 1758)	Echinometra lucunter	(Linnaeus, 1758)	CO	Reserva de Biosfera Sea Flower, Iguana Estación IGU 1	Archipiélago de San Andrés, Providencia y Santa Catalina	PRESENT		f072f648-b8a4-47a0-9e1c-89d790645b5a	12.500417	-81.733333					10.5	7.5	2002-09-04	4	9	2002	2278861	2278861	HUMAN_OBSERVATION	Instituto de Investigaciones Marinas y Costeras “José Benito Vives de Andréis” (Invemar)						CC_BY_4_0		Alberto Rodríguez Ramirez;Sonia Bejarano			2025-08-02T11:49:04.624Z		COORDINATE_ROUNDED;CONTINENT_COORDINATE_MISMATCH
2993586307	f13e2caf-5093-4f9a-9de6-e38775b5a737	INVEMAR:SIMAC:InvVag:TES-1:2009:S2:002290	Animalia	Echinodermata	Echinoidea	Camarodonta	Echinometridae	Echinometra	Echinometra lucunter		SPECIES	Echinometra lucunter (Linnaeus, 1758)	Echinometra lucunter	(Linnaeus, 1758)	CO	Parque Nacional Natural Corales del Rosario y San Bernardo, El Tesoro Estación TES 1	Bolívar	PRESENT		f072f648-b8a4-47a0-9e1c-89d790645b5a	10.234194	-75.746444					12.0	7.0	2009-05-21	21	5	2009	2278861	2278861	HUMAN_OBSERVATION	Instituto de Investigaciones Marinas y Costeras “José Benito Vives de Andréis” (Invemar)						CC_BY_4_0		Gloria Castro;Tomás López Londoño			2025-08-02T11:49:04.647Z		COORDINATE_ROUNDED
2993586306	f13e2caf-5093-4f9a-9de6-e38775b5a737	INVEMAR:SIMAC:InvVag:CAN-2:2006:M1:001725	Animalia	Echinodermata	Echinoidea	Camarodonta	Echinometridae	Echinometra	Echinometra lucunter		SPECIES	Echinometra lucunter (Linnaeus, 1758)	Echinometra lucunter	(Linnaeus, 1758)	CO	Reserva de Biosfera Sea Flower, El Canal Estación CAN 2	Archipiélago de San Andrés, Providencia y Santa Catalina	PRESENT		f072f648-b8a4-47a0-9e1c-89d790645b5a	13.398717	-81.397067					15.0	3.0	2006-09-27	27	9	2006	2278861	2278861	HUMAN_OBSERVATION	Instituto de Investigaciones Marinas y Costeras “José Benito Vives de Andréis” (Invemar)						CC_BY_4_0		Nicasio Howard;Katherine Bernal			2025-08-02T11:49:04.620Z		COORDINATE_ROUNDED;CONTINENT_COORDINATE_MISMATCH
2993586293	f13e2caf-5093-4f9a-9de6-e38775b5a737	INVEMAR:SIMAC:InvVag:PAV-1:2013:S1:003062	Animalia	Echinodermata	Echinoidea	Camarodonta	Echinometridae	Echinometra	Echinometra lucunter		SPECIES	Echinometra lucunter (Linnaeus, 1758)	Echinometra lucunter	(Linnaeus, 1758)	CO	Parque Nacional Natural Corales del Rosario y San Bernardo, Isla Pavitos Estación PAV 1	Bolívar	PRESENT		f072f648-b8a4-47a0-9e1c-89d790645b5a	10.174861	-75.770639					14.0	5.0	2013-12-05	5	12	2013	2278861	2278861	HUMAN_OBSERVATION	Instituto de Investigaciones Marinas y Costeras “José Benito Vives de Andréis” (Invemar)						CC_BY_4_0		Diana Carolina Ballesteros Contreras			2025-08-02T11:49:04.618Z		COORDINATE_ROUNDED
2993586287	f13e2caf-5093-4f9a-9de6-e38775b5a737	INVEMAR:SIMAC:InvVag:PAV-1:2013:M1:003051	Animalia	Echinodermata	Echinoidea	Camarodonta	Echinometridae	Echinometra	Echinometra lucunter		SPECIES	Echinometra lucunter (Linnaeus, 1758)	Echinometra lucunter	(Linnaeus, 1758)	CO	Parque Nacional Natural Corales del Rosario y San Bernardo, Isla Pavitos Estación PAV 1	Bolívar	PRESENT		f072f648-b8a4-47a0-9e1c-89d790645b5a	10.174861	-75.770639					14.0	5.0	2013-12-05	5	12	2013	2278861	2278861	HUMAN_OBSERVATION	Instituto de Investigaciones Marinas y Costeras “José Benito Vives de Andréis” (Invemar)						CC_BY_4_0		Raul Navas Camacho;Diana Carolina Ballesteros Contreras			2025-08-02T11:49:04.614Z		COORDINATE_ROUNDED
2993586275	f13e2caf-5093-4f9a-9de6-e38775b5a737	INVEMAR:SIMAC:InvVag:MAZ-2:2001:M3:000231	Animalia	Echinodermata	Echinoidea	Camarodonta	Echinometridae	Echinometra	Echinometra lucunter		SPECIES	Echinometra lucunter (Linnaeus, 1758)	Echinometra lucunter	(Linnaeus, 1758)	CO	Reserva de Biosfera Sea Flower, Manzanillo Estación 2	Archipiélago de San Andrés, Providencia y Santa Catalina	PRESENT		f072f648-b8a4-47a0-9e1c-89d790645b5a	13.313639	-81.375278					10.0	0.0	2001-10-23	23	10	2001	2278861	2278861	HUMAN_OBSERVATION	Instituto de Investigaciones Marinas y Costeras “José Benito Vives de Andréis” (Invemar)						CC_BY_4_0		Valeria Pizarro;Sonia Bejarano			2025-08-02T11:49:04.614Z		COORDINATE_ROUNDED;CONTINENT_COORDINATE_MISMATCH
2993586265	f13e2caf-5093-4f9a-9de6-e38775b5a737	INVEMAR:SIMAC:InvVag:LIT-1:2007:S1:001950	Animalia	Echinodermata	Echinoidea	Camarodonta	Echinometridae	Echinometra	Echinometra lucunter		SPECIES	Echinometra lucunter (Linnaeus, 1758)	Echinometra lucunter	(Linnaeus, 1758)	CO	Reserva de Biosfera Sea Flower, little Reef Estación LIT 1	Archipiélago de San Andrés, Providencia y Santa Catalina	PRESENT		f072f648-b8a4-47a0-9e1c-89d790645b5a	12.584717	-81.686283					4.5	1.5	2007-07-18	18	7	2007	2278861	2278861	HUMAN_OBSERVATION	Instituto de Investigaciones Marinas y Costeras “José Benito Vives de Andréis” (Invemar)						CC_BY_4_0		Alfredo Abril;Raul Navas Camacho			2025-08-02T11:49:04.646Z		COORDINATE_ROUNDED;CONTINENT_COORDINATE_MISMATCH
2993586188	f13e2caf-5093-4f9a-9de6-e38775b5a737	INVEMAR:SIMAC:InvVag:TES-1:2011:M3:002582	Animalia	Echinodermata	Echinoidea	Camarodonta	Echinometridae	Echinometra	Echinometra lucunter		SPECIES	Echinometra lucunter (Linnaeus, 1758)	Echinometra lucunter	(Linnaeus, 1758)	CO	Parque Nacional Natural Corales del Rosario y San Bernardo, El Tesoro Estación TES 1	Bolívar	PRESENT		f072f648-b8a4-47a0-9e1c-89d790645b5a	10.234194	-75.746444					12.0	7.0	2011-05-10	10	5	2011	2278861	2278861	HUMAN_OBSERVATION	Instituto de Investigaciones Marinas y Costeras “José Benito Vives de Andréis” (Invemar)						CC_BY_4_0		Raul Navas Camacho;Tomás López Londoño			2025-08-02T11:49:04.597Z		COORDINATE_ROUNDED
2993586167	f13e2caf-5093-4f9a-9de6-e38775b5a737	INVEMAR:SIMAC:InvVag:MAN-1:2013:S3:002950	Animalia	Echinodermata	Echinoidea	Camarodonta	Echinometridae	Echinometra	Echinometra lucunter		SPECIES	Echinometra lucunter (Linnaeus, 1758)	Echinometra lucunter	(Linnaeus, 1758)	CO	Parque Nacional Natural Corales del Rosario y San Bernardo, Frente a Isla Mangle Estación MAN 1	Bolívar	PRESENT		f072f648-b8a4-47a0-9e1c-89d790645b5a	9.777417	-75.785389					5.0	1.0	2013-05-04	4	5	2013	2278861	2278861	HUMAN_OBSERVATION	Instituto de Investigaciones Marinas y Costeras “José Benito Vives de Andréis” (Invemar)						CC_BY_4_0		Angelica Maria Rodriguez Rincon			2025-08-02T11:49:04.595Z		COORDINATE_ROUNDED
2993586140	f13e2caf-5093-4f9a-9de6-e38775b5a737	INVEMAR:SIMAC:InvVag:IGU-1:2011:S2:002667	Animalia	Echinodermata	Echinoidea	Camarodonta	Echinometridae	Echinometra	Echinometra lucunter		SPECIES	Echinometra lucunter (Linnaeus, 1758)	Echinometra lucunter	(Linnaeus, 1758)	CO	Reserva de Biosfera Sea Flower, Iguana Estación IGU 1	Archipiélago de San Andrés, Providencia y Santa Catalina	PRESENT		f072f648-b8a4-47a0-9e1c-89d790645b5a	12.500417	-81.733333					10.5	7.5	2011-08-01	1	8	2011	2278861	2278861	HUMAN_OBSERVATION	Instituto de Investigaciones Marinas y Costeras “José Benito Vives de Andréis” (Invemar)						CC_BY_4_0		Johanna Carolina Vega Sequeda;Cindy Melissa Montero			2025-08-02T11:49:04.592Z		COORDINATE_ROUNDED;CONTINENT_COORDINATE_MISMATCH
2993586093	f13e2caf-5093-4f9a-9de6-e38775b5a737	INVEMAR:SIMAC:InvVag:IFU-1:2008:M2:002153	Animalia	Echinodermata	Echinoidea	Camarodonta	Echinometridae	Echinometra	Echinometra lucunter		SPECIES	Echinometra lucunter (Linnaeus, 1758)	Echinometra lucunter	(Linnaeus, 1758)	CO	Isla Fuerte, Fondo Loco Estación IFU 1	Bolívar	PRESENT		f072f648-b8a4-47a0-9e1c-89d790645b5a	9.380111	-76.207639					11.0	1.0	2008-10-04	4	10	2008	2278861	2278861	HUMAN_OBSERVATION	Instituto de Investigaciones Marinas y Costeras “José Benito Vives de Andréis” (Invemar)						CC_BY_4_0		Catalina Casas;Johanna Carolina Vega Sequeda			2025-08-02T11:49:04.588Z		COORDINATE_ROUNDED
2993586048	f13e2caf-5093-4f9a-9de6-e38775b5a737	INVEMAR:SIMAC:InvVag:CEY-1:2002:S3:000372	Animalia	Echinodermata	Echinoidea	Camarodonta	Echinometridae	Echinometra	Echinometra lucunter		SPECIES	Echinometra lucunter (Linnaeus, 1758)	Echinometra lucunter	(Linnaeus, 1758)	CO	Parque Nacional Natural Corales del Rosario y San Bernardo, Ceycen Estación CEY 1	Bolívar	PRESENT		f072f648-b8a4-47a0-9e1c-89d790645b5a	9.705528	-75.866139					4.5	1.5	2002-05-03	3	5	2002	2278861	2278861	HUMAN_OBSERVATION	Instituto de Investigaciones Marinas y Costeras “José Benito Vives de Andréis” (Invemar)						CC_BY_4_0		Raul Navas Camacho;Nelson Manrique			2025-08-02T11:49:04.563Z		COORDINATE_ROUNDED
2993586028	f13e2caf-5093-4f9a-9de6-e38775b5a737	INVEMAR:SIMAC:InvVag:CTI-1:2011:S1:002751	Animalia	Echinodermata	Echinoidea	Camarodonta	Echinometridae	Echinometra	Echinometra lucunter		SPECIES	Echinometra lucunter (Linnaeus, 1758)	Echinometra lucunter	(Linnaeus, 1758)	CO	Ensenada Sapzurro, Cabo Tiburón S Estación CTI 1	Chocó	PRESENT		f072f648-b8a4-47a0-9e1c-89d790645b5a	8.670417	-77.358667					2.5	0.5	2011-12-15	15	12	2011	2278861	2278861	HUMAN_OBSERVATION	Instituto de Investigaciones Marinas y Costeras “José Benito Vives de Andréis” (Invemar)						CC_BY_4_0		Johanna Calle Triviño;Maura Maruri Cruz			2025-08-02T11:49:04.561Z		COORDINATE_ROUNDED
2993586016	f13e2caf-5093-4f9a-9de6-e38775b5a737	INVEMAR:SIMAC:InvVag:TES-1:2009:M3:002305	Animalia	Echinodermata	Echinoidea	Camarodonta	Echinometridae	Echinometra	Echinometra lucunter		SPECIES	Echinometra lucunter (Linnaeus, 1758)	Echinometra lucunter	(Linnaeus, 1758)	CO	Parque Nacional Natural Corales del Rosario y San Bernardo, El Tesoro Estación TES 1	Bolívar	PRESENT		f072f648-b8a4-47a0-9e1c-89d790645b5a	10.234194	-75.746444					12.0	7.0	2009-05-22	22	5	2009	2278861	2278861	HUMAN_OBSERVATION	Instituto de Investigaciones Marinas y Costeras “José Benito Vives de Andréis” (Invemar)						CC_BY_4_0		Gloria Castro;Raul Navas Camacho			2025-08-02T11:49:04.559Z		COORDINATE_ROUNDED
2993586004	f13e2caf-5093-4f9a-9de6-e38775b5a737	INVEMAR:SIMAC:InvVag:CHE-2:2003:P3:001010	Animalia	Echinodermata	Echinoidea	Camarodonta	Echinometridae	Echinometra	Echinometra lucunter		SPECIES	Echinometra lucunter (Linnaeus, 1758)	Echinometra lucunter	(Linnaeus, 1758)	CO	Parque Nacional Natural Tayrona, Bahía Chengue C2 Estación CHE 2	Magdalena	PRESENT		f072f648-b8a4-47a0-9e1c-89d790645b5a	11.329861	-74.128611					10.0	7.0	2003-10-17	17	10	2003	2278861	2278861	HUMAN_OBSERVATION	Instituto de Investigaciones Marinas y Costeras “José Benito Vives de Andréis” (Invemar)						CC_BY_4_0		Raul Navas Camacho;Isabel Cristina Chacón Gómez			2025-08-02T11:49:04.556Z		COORDINATE_ROUNDED
2993585991	f13e2caf-5093-4f9a-9de6-e38775b5a737	INVEMAR:SIMAC:InvVag:CAN-1:2001:S1:000167	Animalia	Echinodermata	Echinoidea	Camarodonta	Echinometridae	Echinometra	Echinometra lucunter		SPECIES	Echinometra lucunter (Linnaeus, 1758)	Echinometra lucunter	(Linnaeus, 1758)	CO	Reserva de Biosfera Sea Flower, El Canal Estación CAN 1	Archipiélago de San Andrés, Providencia y Santa Catalina	PRESENT		f072f648-b8a4-47a0-9e1c-89d790645b5a	13.388767	-81.390633					10.5	1.5	2001-10-22	22	10	2001	2278861	2278861	HUMAN_OBSERVATION	Instituto de Investigaciones Marinas y Costeras “José Benito Vives de Andréis” (Invemar)						CC_BY_4_0		Valeria Pizarro;Sonia Bejarano			2025-08-02T11:49:04.554Z		COORDINATE_ROUNDED;CONTINENT_COORDINATE_MISMATCH
2993585978	f13e2caf-5093-4f9a-9de6-e38775b5a737	INVEMAR:SIMAC:InvVag:CAP-1:2002:S1:000452	Animalia	Echinodermata	Echinoidea	Camarodonta	Echinometridae	Echinometra	Echinometra lucunter		SPECIES	Echinometra lucunter (Linnaeus, 1758)	Echinometra lucunter	(Linnaeus, 1758)	CO	Ensenada Capurganá Estación CAP 1	Chocó	PRESENT		f072f648-b8a4-47a0-9e1c-89d790645b5a	8.639	-77.344667					2.5	0.5	2002-07-04	4	7	2002	2278861	2278861	HUMAN_OBSERVATION	Instituto de Investigaciones Marinas y Costeras “José Benito Vives de Andréis” (Invemar)						CC_BY_4_0		Jaime Garzón Ferreira;Nelson Manrique			2025-08-02T11:49:04.553Z		COORDINATE_ROUNDED
2993585969	f13e2caf-5093-4f9a-9de6-e38775b5a737	INVEMAR:SIMAC:InvVag:LIT-1:2007:S4:001959	Animalia	Echinodermata	Echinoidea	Camarodonta	Echinometridae	Echinometra	Echinometra lucunter		SPECIES	Echinometra lucunter (Linnaeus, 1758)	Echinometra lucunter	(Linnaeus, 1758)	CO	Reserva de Biosfera Sea Flower, little Reef Estación LIT 1	Archipiélago de San Andrés, Providencia y Santa Catalina	PRESENT		f072f648-b8a4-47a0-9e1c-89d790645b5a	12.584717	-81.686283					4.5	1.5	2007-07-18	18	7	2007	2278861	2278861	HUMAN_OBSERVATION	Instituto de Investigaciones Marinas y Costeras “José Benito Vives de Andréis” (Invemar)						CC_BY_4_0		Kelly Gómez Campo;Raul Navas Camacho			2025-08-02T11:49:04.553Z		COORDINATE_ROUNDED;CONTINENT_COORDINATE_MISMATCH
2993585953	f13e2caf-5093-4f9a-9de6-e38775b5a737	INVEMAR:SIMAC:InvVag:BAR-1:2006:S1:001757	Animalia	Echinodermata	Echinoidea	Camarodonta	Echinometridae	Echinometra	Echinometra lucunter		SPECIES	Echinometra lucunter (Linnaeus, 1758)	Echinometra lucunter	(Linnaeus, 1758)	CO	Reserva de Biosfera Sea Flower, The Bar Estación BAR 1	Archipiélago de San Andrés, Providencia y Santa Catalina	PRESENT		f072f648-b8a4-47a0-9e1c-89d790645b5a	13.367233	-81.396967					10.5	1.5	2006-09-29	29	9	2006	2278861	2278861	HUMAN_OBSERVATION	Instituto de Investigaciones Marinas y Costeras “José Benito Vives de Andréis” (Invemar)						CC_BY_4_0		Nicasio Howard;Katherine Bernal			2025-08-02T11:49:04.551Z		COORDINATE_ROUNDED;CONTINENT_COORDINATE_MISMATCH
2993585944	f13e2caf-5093-4f9a-9de6-e38775b5a737	INVEMAR:SIMAC:InvVag:WLF-1:2004:M5:001331	Animalia	Echinodermata	Echinoidea	Camarodonta	Echinometridae	Echinometra	Echinometra lucunter		SPECIES	Echinometra lucunter (Linnaeus, 1758)	Echinometra lucunter	(Linnaeus, 1758)	CO	Reserva de Biosfera Sea Flower, Wild Life Estación WLF 1	Archipiélago de San Andrés, Providencia y Santa Catalina	PRESENT		f072f648-b8a4-47a0-9e1c-89d790645b5a	12.513133	-81.731233					10.5	7.5	2004-09-29	29	9	2004	2278861	2278861	HUMAN_OBSERVATION	Instituto de Investigaciones Marinas y Costeras “José Benito Vives de Andréis” (Invemar)						CC_BY_4_0		Guillermo Duque Nivia;Adriana Aguirre Aguirre			2025-08-02T11:49:04.550Z		COORDINATE_ROUNDED;CONTINENT_COORDINATE_MISMATCH
2993585938	f13e2caf-5093-4f9a-9de6-e38775b5a737	INVEMAR:SIMAC:InvVag:WLF-1:2002:M1:000552	Animalia	Echinodermata	Echinoidea	Camarodonta	Echinometridae	Echinometra	Echinometra lucunter		SPECIES	Echinometra lucunter (Linnaeus, 1758)	Echinometra lucunter	(Linnaeus, 1758)	CO	Reserva de Biosfera Sea Flower, Wild Life Estación WLF 1	Archipiélago de San Andrés, Providencia y Santa Catalina	PRESENT		f072f648-b8a4-47a0-9e1c-89d790645b5a	12.513133	-81.731233					10.5	7.5	2002-09-04	4	9	2002	2278861	2278861	HUMAN_OBSERVATION	Instituto de Investigaciones Marinas y Costeras “José Benito Vives de Andréis” (Invemar)						CC_BY_4_0		Raul Navas Camacho;Sonia Bejarano			2025-08-02T11:49:04.551Z		COORDINATE_ROUNDED;CONTINENT_COORDINATE_MISMATCH
2993585920	f13e2caf-5093-4f9a-9de6-e38775b5a737	INVEMAR:SIMAC:InvVag:BAR-1:2001:S1:000295	Animalia	Echinodermata	Echinoidea	Camarodonta	Echinometridae	Echinometra	Echinometra lucunter		SPECIES	Echinometra lucunter (Linnaeus, 1758)	Echinometra lucunter	(Linnaeus, 1758)	CO	Reserva de Biosfera Sea Flower, The Bar Estación BAR 1	Archipiélago de San Andrés, Providencia y Santa Catalina	PRESENT		f072f648-b8a4-47a0-9e1c-89d790645b5a	13.367233	-81.396967					10.5	1.5	2001-10-25	25	10	2001	2278861	2278861	HUMAN_OBSERVATION	Instituto de Investigaciones Marinas y Costeras “José Benito Vives de Andréis” (Invemar)						CC_BY_4_0		Valeria Pizarro;Sonia Bejarano			2025-08-02T11:49:04.548Z		COORDINATE_ROUNDED;CONTINENT_COORDINATE_MISMATCH
2993585893	f13e2caf-5093-4f9a-9de6-e38775b5a737	INVEMAR:SIMAC:InvVag:IGU-1:2011:S3:002668	Animalia	Echinodermata	Echinoidea	Camarodonta	Echinometridae	Echinometra	Echinometra lucunter		SPECIES	Echinometra lucunter (Linnaeus, 1758)	Echinometra lucunter	(Linnaeus, 1758)	CO	Reserva de Biosfera Sea Flower, Iguana Estación IGU 1	Archipiélago de San Andrés, Providencia y Santa Catalina	PRESENT		f072f648-b8a4-47a0-9e1c-89d790645b5a	12.500417	-81.733333					10.5	7.5	2011-08-01	1	8	2011	2278861	2278861	HUMAN_OBSERVATION	Instituto de Investigaciones Marinas y Costeras “José Benito Vives de Andréis” (Invemar)						CC_BY_4_0		Luis Alfonso Gómez;Cindy Melissa Montero			2025-08-02T11:49:04.531Z		COORDINATE_ROUNDED;CONTINENT_COORDINATE_MISMATCH
2993585879	f13e2caf-5093-4f9a-9de6-e38775b5a737	INVEMAR:SIMAC:InvVag:PAV-1:2011:M1:002597	Animalia	Echinodermata	Echinoidea	Camarodonta	Echinometridae	Echinometra	Echinometra lucunter		SPECIES	Echinometra lucunter (Linnaeus, 1758)	Echinometra lucunter	(Linnaeus, 1758)	CO	Parque Nacional Natural Corales del Rosario y San Bernardo, Isla Pavitos Estación PAV 1	Bolívar	PRESENT		f072f648-b8a4-47a0-9e1c-89d790645b5a	10.174861	-75.770639					14.0	5.0	2011-05-13	13	5	2011	2278861	2278861	HUMAN_OBSERVATION	Instituto de Investigaciones Marinas y Costeras “José Benito Vives de Andréis” (Invemar)						CC_BY_4_0		Kelly Gómez Campo;Tomás López Londoño			2025-08-02T11:49:04.534Z		COORDINATE_ROUNDED
2993585870	f13e2caf-5093-4f9a-9de6-e38775b5a737	INVEMAR:SIMAC:InvVag:TES-1:2013:S4:003048	Animalia	Echinodermata	Echinoidea	Camarodonta	Echinometridae	Echinometra	Echinometra lucunter		SPECIES	Echinometra lucunter (Linnaeus, 1758)	Echinometra lucunter	(Linnaeus, 1758)	CO	Parque Nacional Natural Corales del Rosario y San Bernardo, El Tesoro Estación TES 1	Bolívar	PRESENT		f072f648-b8a4-47a0-9e1c-89d790645b5a	10.234194	-75.746444					12.0	7.0	2013-12-04	4	12	2013	2278861	2278861	HUMAN_OBSERVATION	Instituto de Investigaciones Marinas y Costeras “José Benito Vives de Andréis” (Invemar)						CC_BY_4_0		Diana Carolina Ballesteros Contreras			2025-08-02T11:49:04.529Z		COORDINATE_ROUNDED
2993585866	f13e2caf-5093-4f9a-9de6-e38775b5a737	INVEMAR:SIMAC:InvVag:WLF-1:2004:S5:001324	Animalia	Echinodermata	Echinoidea	Camarodonta	Echinometridae	Echinometra	Echinometra lucunter		SPECIES	Echinometra lucunter (Linnaeus, 1758)	Echinometra lucunter	(Linnaeus, 1758)	CO	Reserva de Biosfera Sea Flower, Wild Life Estación WLF 1	Archipiélago de San Andrés, Providencia y Santa Catalina	PRESENT		f072f648-b8a4-47a0-9e1c-89d790645b5a	12.513133	-81.731233					10.5	7.5	2004-09-28	28	9	2004	2278861	2278861	HUMAN_OBSERVATION	Instituto de Investigaciones Marinas y Costeras “José Benito Vives de Andréis” (Invemar)						CC_BY_4_0		Alberto Rodríguez Ramirez;Adriana Aguirre Aguirre			2025-08-02T11:49:04.530Z		COORDINATE_ROUNDED;CONTINENT_COORDINATE_MISMATCH
2993585853	f13e2caf-5093-4f9a-9de6-e38775b5a737	INVEMAR:SIMAC:InvVag:CTI-1:2013:S2:003017	Animalia	Echinodermata	Echinoidea	Camarodonta	Echinometridae	Echinometra	Echinometra lucunter		SPECIES	Echinometra lucunter (Linnaeus, 1758)	Echinometra lucunter	(Linnaeus, 1758)	CO	Ensenada Sapzurro, Cabo Tiburón S Estación CTI 1	Chocó	PRESENT		f072f648-b8a4-47a0-9e1c-89d790645b5a	8.670417	-77.358667					2.5	0.5	2013-08-24	24	8	2013	2278861	2278861	HUMAN_OBSERVATION	Instituto de Investigaciones Marinas y Costeras “José Benito Vives de Andréis” (Invemar)						CC_BY_4_0		Raul Navas Camacho;Diana Carolina Casas Figueroa			2025-08-02T11:49:04.517Z		COORDINATE_ROUNDED
2993585850	f13e2caf-5093-4f9a-9de6-e38775b5a737	INVEMAR:SIMAC:InvVag:CAN-1:2006:S1:001764	Animalia	Echinodermata	Echinoidea	Camarodonta	Echinometridae	Echinometra	Echinometra lucunter		SPECIES	Echinometra lucunter (Linnaeus, 1758)	Echinometra lucunter	(Linnaeus, 1758)	CO	Reserva de Biosfera Sea Flower, El Canal Estación CAN 1	Archipiélago de San Andrés, Providencia y Santa Catalina	PRESENT		f072f648-b8a4-47a0-9e1c-89d790645b5a	13.388767	-81.390633					10.5	1.5	2006-09-29	29	9	2006	2278861	2278861	HUMAN_OBSERVATION	Instituto de Investigaciones Marinas y Costeras “José Benito Vives de Andréis” (Invemar)						CC_BY_4_0		Nicasio Howard;Katherine Bernal			2025-08-02T11:49:04.518Z		COORDINATE_ROUNDED;CONTINENT_COORDINATE_MISMATCH
2993585845	f13e2caf-5093-4f9a-9de6-e38775b5a737	INVEMAR:SIMAC:InvVag:SFE-2:2006:M1:001747	Animalia	Echinodermata	Echinoidea	Camarodonta	Echinometridae	Echinometra	Echinometra lucunter		SPECIES	Echinometra lucunter (Linnaeus, 1758)	Echinometra lucunter	(Linnaeus, 1758)	CO	Reserva de Biosfera Sea Flower, San Felipe Estación SFE 2	Archipiélago de San Andrés, Providencia y Santa Catalina	PRESENT		f072f648-b8a4-47a0-9e1c-89d790645b5a	13.365517	-81.414394					11.5	0.5	2006-09-28	28	9	2006	2278861	2278861	HUMAN_OBSERVATION	Instituto de Investigaciones Marinas y Costeras “José Benito Vives de Andréis” (Invemar)						CC_BY_4_0		Nicasio Howard;Katherine Bernal			2025-08-02T11:49:04.517Z		COORDINATE_ROUNDED;CONTINENT_COORDINATE_MISMATCH
2993585824	f13e2caf-5093-4f9a-9de6-e38775b5a737	INVEMAR:SIMAC:InvVag:IGU-1:2011:M3:002683	Animalia	Echinodermata	Echinoidea	Camarodonta	Echinometridae	Echinometra	Echinometra lucunter		SPECIES	Echinometra lucunter (Linnaeus, 1758)	Echinometra lucunter	(Linnaeus, 1758)	CO	Reserva de Biosfera Sea Flower, Iguana Estación IGU 1	Archipiélago de San Andrés, Providencia y Santa Catalina	PRESENT		f072f648-b8a4-47a0-9e1c-89d790645b5a	12.500417	-81.733333					10.5	7.5	2011-08-31	31	8	2011	2278861	2278861	HUMAN_OBSERVATION	Instituto de Investigaciones Marinas y Costeras “José Benito Vives de Andréis” (Invemar)						CC_BY_4_0		Luis Alfonso Gómez;Cindy Melissa Montero			2025-08-02T11:49:04.512Z		COORDINATE_ROUNDED;CONTINENT_COORDINATE_MISMATCH
2993585798	f13e2caf-5093-4f9a-9de6-e38775b5a737	INVEMAR:SIMAC:InvVag:IGU-1:2003:P1:000901	Animalia	Echinodermata	Echinoidea	Camarodonta	Echinometridae	Echinometra	Echinometra lucunter		SPECIES	Echinometra lucunter (Linnaeus, 1758)	Echinometra lucunter	(Linnaeus, 1758)	CO	Reserva de Biosfera Sea Flower, Iguana Estación IGU 1	Archipiélago de San Andrés, Providencia y Santa Catalina	PRESENT		f072f648-b8a4-47a0-9e1c-89d790645b5a	12.500417	-81.733333					10.5	7.5	2003-09-07	7	9	2003	2278861	2278861	HUMAN_OBSERVATION	Instituto de Investigaciones Marinas y Costeras “José Benito Vives de Andréis” (Invemar)						CC_BY_4_0		Sonia Bejarano;Isabel Cristina Chacón Gómez			2025-08-02T11:49:04.507Z		COORDINATE_ROUNDED;CONTINENT_COORDINATE_MISMATCH
2993585762	f13e2caf-5093-4f9a-9de6-e38775b5a737	INVEMAR:SIMAC:InvVag:AGU-1:2003:S3:000877	Animalia	Echinodermata	Echinoidea	Camarodonta	Echinometridae	Echinometra	Echinometra lucunter		SPECIES	Echinometra lucunter (Linnaeus, 1758)	Echinometra lucunter	(Linnaeus, 1758)	CO	Ensenada Capurganá, Punta del Aguacate, al fondo de la ensenada, Aguacate S Estación AGU 1	Chocó	PRESENT		f072f648-b8a4-47a0-9e1c-89d790645b5a	8.616722	-77.326861					4.5	1.5	2003-06-12	12	6	2003	2278861	2278861	HUMAN_OBSERVATION	Instituto de Investigaciones Marinas y Costeras “José Benito Vives de Andréis” (Invemar)						CC_BY_4_0		Jairo Zapata;María Catalina Reyes Nivia			2025-08-02T11:49:04.497Z		COORDINATE_ROUNDED
2993585713	f13e2caf-5093-4f9a-9de6-e38775b5a737	INVEMAR:SIMAC:InvVag:PAV-1:2008:M1:002064	Animalia	Echinodermata	Echinoidea	Camarodonta	Echinometridae	Echinometra	Echinometra lucunter		SPECIES	Echinometra lucunter (Linnaeus, 1758)	Echinometra lucunter	(Linnaeus, 1758)	CO	Parque Nacional Natural Corales del Rosario y San Bernardo, Isla Pavitos Estación PAV 1	Bolívar	PRESENT		f072f648-b8a4-47a0-9e1c-89d790645b5a	10.174861	-75.770639					14.0	5.0	2008-09-02	2	9	2008	2278861	2278861	HUMAN_OBSERVATION	Instituto de Investigaciones Marinas y Costeras “José Benito Vives de Andréis” (Invemar)						CC_BY_4_0		Laura Muñoz Escobar;Johanna Carolina Vega Sequeda			2025-08-02T11:49:04.489Z		COORDINATE_ROUNDED
2993585674	f13e2caf-5093-4f9a-9de6-e38775b5a737	INVEMAR:SIMAC:InvVag:ACU-1:2017:S5:003305	Animalia	Echinodermata	Echinoidea	Camarodonta	Echinometridae	Echinometra	Echinometra lucunter		SPECIES	Echinometra lucunter (Linnaeus, 1758)	Echinometra lucunter	(Linnaeus, 1758)	CO	Reserva de Biosfera Sea Flower, Acuario Estación ACU 1	Archipiélago de San Andrés, Providencia y Santa Catalina	PRESENT		f072f648-b8a4-47a0-9e1c-89d790645b5a	12.555183	-81.695617					4.5	1.5	2017-09-02	2	9	2017	2278861	2278861	HUMAN_OBSERVATION	Instituto de Investigaciones Marinas y Costeras “José Benito Vives de Andréis” (Invemar)						CC_BY_4_0		Laura Sanchez Valencia			2025-08-02T11:49:04.481Z		COORDINATE_ROUNDED;CONTINENT_COORDINATE_MISMATCH
2993585661	f13e2caf-5093-4f9a-9de6-e38775b5a737	INVEMAR:SIMAC:InvVag:LIT-1:2007:S3:001957	Animalia	Echinodermata	Echinoidea	Camarodonta	Echinometridae	Echinometra	Echinometra lucunter		SPECIES	Echinometra lucunter (Linnaeus, 1758)	Echinometra lucunter	(Linnaeus, 1758)	CO	Reserva de Biosfera Sea Flower, little Reef Estación LIT 1	Archipiélago de San Andrés, Providencia y Santa Catalina	PRESENT		f072f648-b8a4-47a0-9e1c-89d790645b5a	12.584717	-81.686283					4.5	1.5	2007-07-18	18	7	2007	2278861	2278861	HUMAN_OBSERVATION	Instituto de Investigaciones Marinas y Costeras “José Benito Vives de Andréis” (Invemar)						CC_BY_4_0		Diego Luis Gil Agudelo;Raul Navas Camacho			2025-08-02T11:49:04.476Z		COORDINATE_ROUNDED;CONTINENT_COORDINATE_MISMATCH
2993585630	f13e2caf-5093-4f9a-9de6-e38775b5a737	INVEMAR:SIMAC:InvVag:MIN-1:2002:S3:000402	Animalia	Echinodermata	Echinoidea	Camarodonta	Echinometridae	Echinometra	Echinometra lucunter		SPECIES	Echinometra lucunter (Linnaeus, 1758)	Echinometra lucunter	(Linnaeus, 1758)	CO	Parque Nacional Natural Corales del Rosario y San Bernardo, Noroeste Isla Mucura Minalta Estación MIN 1	Bolívar	PRESENT		f072f648-b8a4-47a0-9e1c-89d790645b5a	9.790583	-75.923389					6.5	0.5	2002-05-04	4	5	2002	2278861	2278861	HUMAN_OBSERVATION	Instituto de Investigaciones Marinas y Costeras “José Benito Vives de Andréis” (Invemar)						CC_BY_4_0		Raul Navas Camacho;Nelson Manrique			2025-08-02T11:49:04.464Z		COORDINATE_ROUNDED
2993585569	f13e2caf-5093-4f9a-9de6-e38775b5a737	INVEMAR:SIMAC:InvVag:TES-1:2008:M4:002043	Animalia	Echinodermata	Echinoidea	Camarodonta	Echinometridae	Echinometra	Echinometra lucunter		SPECIES	Echinometra lucunter (Linnaeus, 1758)	Echinometra lucunter	(Linnaeus, 1758)	CO	Parque Nacional Natural Corales del Rosario y San Bernardo, El Tesoro Estación TES 1	Bolívar	PRESENT		f072f648-b8a4-47a0-9e1c-89d790645b5a	10.234194	-75.746444					12.0	7.0	2008-08-31	31	8	2008	2278861	2278861	HUMAN_OBSERVATION	Instituto de Investigaciones Marinas y Costeras “José Benito Vives de Andréis” (Invemar)						CC_BY_4_0		Laura Muñoz Escobar;Kelly Gómez Campo			2025-08-02T11:49:04.423Z		COORDINATE_ROUNDED
2993585560	f13e2caf-5093-4f9a-9de6-e38775b5a737	INVEMAR:SIMAC:InvVag:IGU-1:2011:M4:002685	Animalia	Echinodermata	Echinoidea	Camarodonta	Echinometridae	Echinometra	Echinometra lucunter		SPECIES	Echinometra lucunter (Linnaeus, 1758)	Echinometra lucunter	(Linnaeus, 1758)	CO	Reserva de Biosfera Sea Flower, Iguana Estación IGU 1	Archipiélago de San Andrés, Providencia y Santa Catalina	PRESENT		f072f648-b8a4-47a0-9e1c-89d790645b5a	12.500417	-81.733333					10.5	7.5	2011-08-31	31	8	2011	2278861	2278861	HUMAN_OBSERVATION	Instituto de Investigaciones Marinas y Costeras “José Benito Vives de Andréis” (Invemar)						CC_BY_4_0		Luis Alfonso Gómez;Cindy Melissa Montero			2025-08-02T11:49:04.405Z		COORDINATE_ROUNDED;CONTINENT_COORDINATE_MISMATCH
2993585521	f13e2caf-5093-4f9a-9de6-e38775b5a737	INVEMAR:SIMAC:InvVag:WLF-1:2006:S5:001656	Animalia	Echinodermata	Echinoidea	Camarodonta	Echinometridae	Echinometra	Echinometra lucunter		SPECIES	Echinometra lucunter (Linnaeus, 1758)	Echinometra lucunter	(Linnaeus, 1758)	CO	Reserva de Biosfera Sea Flower, Wild Life Estación WLF 1	Archipiélago de San Andrés, Providencia y Santa Catalina	PRESENT		f072f648-b8a4-47a0-9e1c-89d790645b5a	12.513133	-81.731233					10.5	7.5	2006-09-18	18	9	2006	2278861	2278861	HUMAN_OBSERVATION	Instituto de Investigaciones Marinas y Costeras “José Benito Vives de Andréis” (Invemar)						CC_BY_4_0		Alberto Rodríguez Ramirez;Kelly Gómez Campo			2025-08-02T11:49:04.392Z		COORDINATE_ROUNDED;CONTINENT_COORDINATE_MISMATCH
2993585505	f13e2caf-5093-4f9a-9de6-e38775b5a737	INVEMAR:SIMAC:InvVag:PAV-1:2006:S1:001571	Animalia	Echinodermata	Echinoidea	Camarodonta	Echinometridae	Echinometra	Echinometra lucunter		SPECIES	Echinometra lucunter (Linnaeus, 1758)	Echinometra lucunter	(Linnaeus, 1758)	CO	Parque Nacional Natural Corales del Rosario y San Bernardo, Isla Pavitos Estación PAV 1	Bolívar	PRESENT		f072f648-b8a4-47a0-9e1c-89d790645b5a	10.174861	-75.770639					14.0	5.0	2006-02-07	7	2	2006	2278861	2278861	HUMAN_OBSERVATION	Instituto de Investigaciones Marinas y Costeras “José Benito Vives de Andréis” (Invemar)						CC_BY_4_0		Julian Olaya;Johanna Carolina Vega Sequeda			2025-08-02T11:49:04.387Z		COORDINATE_ROUNDED
2993585478	f13e2caf-5093-4f9a-9de6-e38775b5a737	INVEMAR:SIMAC:InvVag:CHE-1:2004:S4:001367	Animalia	Echinodermata	Echinoidea	Camarodonta	Echinometridae	Echinometra	Echinometra lucunter		SPECIES	Echinometra lucunter (Linnaeus, 1758)	Echinometra lucunter	(Linnaeus, 1758)	CO	Parque Nacional Natural Tayrona, Bahía Chengue C1 Estación CHE 1	Magdalena	PRESENT		f072f648-b8a4-47a0-9e1c-89d790645b5a	11.325611	-74.128361					9.5	6.5	2004-10-20	20	10	2004	2278861	2278861	HUMAN_OBSERVATION	Instituto de Investigaciones Marinas y Costeras “José Benito Vives de Andréis” (Invemar)						CC_BY_4_0		Adriana Aguirre Aguirre			2025-08-02T11:49:04.360Z		COORDINATE_ROUNDED
2993585475	f13e2caf-5093-4f9a-9de6-e38775b5a737	INVEMAR:SIMAC:InvVag:CHE-1:2002:S5:000651	Animalia	Echinodermata	Echinoidea	Camarodonta	Echinometridae	Echinometra	Echinometra lucunter		SPECIES	Echinometra lucunter (Linnaeus, 1758)	Echinometra lucunter	(Linnaeus, 1758)	CO	Parque Nacional Natural Tayrona, Bahía Chengue C1 Estación CHE 1	Magdalena	PRESENT		f072f648-b8a4-47a0-9e1c-89d790645b5a	11.325611	-74.128361					9.5	6.5	2002-10-25	25	10	2002	2278861	2278861	HUMAN_OBSERVATION	Instituto de Investigaciones Marinas y Costeras “José Benito Vives de Andréis” (Invemar)						CC_BY_4_0		Nelson Manrique;Sonia Bejarano			2025-08-02T11:49:04.363Z		COORDINATE_ROUNDED
2993585460	f13e2caf-5093-4f9a-9de6-e38775b5a737	INVEMAR:SIMAC:InvVag:TES-1:2010:S5:002485	Animalia	Echinodermata	Echinoidea	Camarodonta	Echinometridae	Echinometra	Echinometra lucunter		SPECIES	Echinometra lucunter (Linnaeus, 1758)	Echinometra lucunter	(Linnaeus, 1758)	CO	Parque Nacional Natural Corales del Rosario y San Bernardo, El Tesoro Estación TES 1	Bolívar	PRESENT		f072f648-b8a4-47a0-9e1c-89d790645b5a	10.234194	-75.746444					12.0	7.0	2010-08-11	11	8	2010	2278861	2278861	HUMAN_OBSERVATION	Instituto de Investigaciones Marinas y Costeras “José Benito Vives de Andréis” (Invemar)						CC_BY_4_0		Diego Duque;Cindy Melissa Montero			2025-08-02T11:49:04.382Z		COORDINATE_ROUNDED
2993585456	f13e2caf-5093-4f9a-9de6-e38775b5a737	INVEMAR:SIMAC:InvVag:IFU-1:2009:M1:002246	Animalia	Echinodermata	Echinoidea	Camarodonta	Echinometridae	Echinometra	Echinometra lucunter		SPECIES	Echinometra lucunter (Linnaeus, 1758)	Echinometra lucunter	(Linnaeus, 1758)	CO	Isla Fuerte, Fondo Loco Estación IFU 1	Bolívar	PRESENT		f072f648-b8a4-47a0-9e1c-89d790645b5a	9.380111	-76.207639					11.0	1.0	2009-03-20	20	3	2009	2278861	2278861	HUMAN_OBSERVATION	Instituto de Investigaciones Marinas y Costeras “José Benito Vives de Andréis” (Invemar)						CC_BY_4_0		Johanna Calle Triviño;Johanna Carolina Vega Sequeda			2025-08-02T11:49:04.354Z		COORDINATE_ROUNDED
2993585455	f13e2caf-5093-4f9a-9de6-e38775b5a737	INVEMAR:SIMAC:InvVag:MAZ-2:2001:M4:000236	Animalia	Echinodermata	Echinoidea	Camarodonta	Echinometridae	Echinometra	Echinometra lucunter		SPECIES	Echinometra lucunter (Linnaeus, 1758)	Echinometra lucunter	(Linnaeus, 1758)	CO	Reserva de Biosfera Sea Flower, Manzanillo Estación 2	Archipiélago de San Andrés, Providencia y Santa Catalina	PRESENT		f072f648-b8a4-47a0-9e1c-89d790645b5a	13.313639	-81.375278					10.0	0.0	2001-10-23	23	10	2001	2278861	2278861	HUMAN_OBSERVATION	Instituto de Investigaciones Marinas y Costeras “José Benito Vives de Andréis” (Invemar)						CC_BY_4_0		Valeria Pizarro;Sonia Bejarano			2025-08-02T11:49:04.382Z		COORDINATE_ROUNDED;CONTINENT_COORDINATE_MISMATCH
2993585432	f13e2caf-5093-4f9a-9de6-e38775b5a737	INVEMAR:SIMAC:InvVag:CAP-2:2002:M2:000439	Animalia	Echinodermata	Echinoidea	Camarodonta	Echinometridae	Echinometra	Echinometra lucunter		SPECIES	Echinometra lucunter (Linnaeus, 1758)	Echinometra lucunter	(Linnaeus, 1758)	CO	Ensenada Capurganá Estación CAP 2	Chocó	PRESENT		f072f648-b8a4-47a0-9e1c-89d790645b5a	8.642056	-77.33625					10.0	2.0	2002-07-01	1	7	2002	2278861	2278861	HUMAN_OBSERVATION	Instituto de Investigaciones Marinas y Costeras “José Benito Vives de Andréis” (Invemar)						CC_BY_4_0		Oscar Caucali;Nelson Manrique			2025-08-02T11:49:04.306Z		COORDINATE_ROUNDED
2993585430	f13e2caf-5093-4f9a-9de6-e38775b5a737	INVEMAR:SIMAC:InvVag:TES-1:2009:S3:002294	Animalia	Echinodermata	Echinoidea	Camarodonta	Echinometridae	Echinometra	Echinometra lucunter		SPECIES	Echinometra lucunter (Linnaeus, 1758)	Echinometra lucunter	(Linnaeus, 1758)	CO	Parque Nacional Natural Corales del Rosario y San Bernardo, El Tesoro Estación TES 1	Bolívar	PRESENT		f072f648-b8a4-47a0-9e1c-89d790645b5a	10.234194	-75.746444					12.0	7.0	2009-05-21	21	5	2009	2278861	2278861	HUMAN_OBSERVATION	Instituto de Investigaciones Marinas y Costeras “José Benito Vives de Andréis” (Invemar)						CC_BY_4_0		Gloria Castro;Tomás López Londoño			2025-08-02T11:49:04.313Z		COORDINATE_ROUNDED
2993585413	f13e2caf-5093-4f9a-9de6-e38775b5a737	INVEMAR:SIMAC:InvVag:SFE-1:2006:S1:001774	Animalia	Echinodermata	Echinoidea	Camarodonta	Echinometridae	Echinometra	Echinometra lucunter		SPECIES	Echinometra lucunter (Linnaeus, 1758)	Echinometra lucunter	(Linnaeus, 1758)	CO	Reserva de Biosfera Sea Flower, San Felipe Estación SFE 1	Archipiélago de San Andrés, Providencia y Santa Catalina	PRESENT		f072f648-b8a4-47a0-9e1c-89d790645b5a	13.362367	-81.414278					4.5	1.5	2006-09-30	30	9	2006	2278861	2278861	HUMAN_OBSERVATION	Instituto de Investigaciones Marinas y Costeras “José Benito Vives de Andréis” (Invemar)						CC_BY_4_0		Nicasio Howard;Katherine Bernal			2025-08-02T11:49:04.295Z		COORDINATE_ROUNDED;CONTINENT_COORDINATE_MISMATCH
2993585403	f13e2caf-5093-4f9a-9de6-e38775b5a737	INVEMAR:SIMAC:InvVag:CHE-2:2011:S3:002706	Animalia	Echinodermata	Echinoidea	Camarodonta	Echinometridae	Echinometra	Echinometra lucunter		SPECIES	Echinometra lucunter (Linnaeus, 1758)	Echinometra lucunter	(Linnaeus, 1758)	CO	Parque Nacional Natural Tayrona, Bahía Chengue C2 Estación CHE 2	Magdalena	PRESENT		f072f648-b8a4-47a0-9e1c-89d790645b5a	11.329861	-74.128611					10.0	7.0	2011-11-09	9	11	2011	2278861	2278861	HUMAN_OBSERVATION	Instituto de Investigaciones Marinas y Costeras “José Benito Vives de Andréis” (Invemar)						CC_BY_4_0		Johanna Calle Triviño;Cindy Melissa Montero			2025-08-02T11:49:04.210Z		COORDINATE_ROUNDED
2993585365	f13e2caf-5093-4f9a-9de6-e38775b5a737	INVEMAR:SIMAC:InvVag:IGU-1:2017:M5:003279	Animalia	Echinodermata	Echinoidea	Camarodonta	Echinometridae	Echinometra	Echinometra lucunter		SPECIES	Echinometra lucunter (Linnaeus, 1758)	Echinometra lucunter	(Linnaeus, 1758)	CO	Reserva de Biosfera Sea Flower, Iguana Estación IGU 1	Archipiélago de San Andrés, Providencia y Santa Catalina	PRESENT		f072f648-b8a4-47a0-9e1c-89d790645b5a	12.500417	-81.733333					10.5	7.5	2017-08-31	31	8	2017	2278861	2278861	HUMAN_OBSERVATION	Instituto de Investigaciones Marinas y Costeras “José Benito Vives de Andréis” (Invemar)						CC_BY_4_0		Laura Sanchez Valencia			2025-08-02T11:49:04.234Z		COORDINATE_ROUNDED;CONTINENT_COORDINATE_MISMATCH
2993585356	f13e2caf-5093-4f9a-9de6-e38775b5a737	INVEMAR:SIMAC:InvVag:CAN-1:2006:S2:001768	Animalia	Echinodermata	Echinoidea	Camarodonta	Echinometridae	Echinometra	Echinometra lucunter		SPECIES	Echinometra lucunter (Linnaeus, 1758)	Echinometra lucunter	(Linnaeus, 1758)	CO	Reserva de Biosfera Sea Flower, El Canal Estación CAN 1	Archipiélago de San Andrés, Providencia y Santa Catalina	PRESENT		f072f648-b8a4-47a0-9e1c-89d790645b5a	13.388767	-81.390633					10.5	1.5	2006-09-29	29	9	2006	2278861	2278861	HUMAN_OBSERVATION	Instituto de Investigaciones Marinas y Costeras “José Benito Vives de Andréis” (Invemar)						CC_BY_4_0		Nicasio Howard;Katherine Bernal			2025-08-02T11:49:04.232Z		COORDINATE_ROUNDED;CONTINENT_COORDINATE_MISMATCH
2993585355	f13e2caf-5093-4f9a-9de6-e38775b5a737	INVEMAR:SIMAC:InvVag:CTI-1:2013:S3:003022	Animalia	Echinodermata	Echinoidea	Camarodonta	Echinometridae	Echinometra	Echinometra lucunter		SPECIES	Echinometra lucunter (Linnaeus, 1758)	Echinometra lucunter	(Linnaeus, 1758)	CO	Ensenada Sapzurro, Cabo Tiburón S Estación CTI 1	Chocó	PRESENT		f072f648-b8a4-47a0-9e1c-89d790645b5a	8.670417	-77.358667					2.5	0.5	2013-08-24	24	8	2013	2278861	2278861	HUMAN_OBSERVATION	Instituto de Investigaciones Marinas y Costeras “José Benito Vives de Andréis” (Invemar)						CC_BY_4_0		Raul Navas Camacho;Diana Carolina Casas Figueroa			2025-08-02T11:49:04.227Z		COORDINATE_ROUNDED
2993585352	f13e2caf-5093-4f9a-9de6-e38775b5a737	INVEMAR:SIMAC:InvVag:TES-1:2010:M5:002473	Animalia	Echinodermata	Echinoidea	Camarodonta	Echinometridae	Echinometra	Echinometra lucunter		SPECIES	Echinometra lucunter (Linnaeus, 1758)	Echinometra lucunter	(Linnaeus, 1758)	CO	Parque Nacional Natural Corales del Rosario y San Bernardo, El Tesoro Estación TES 1	Bolívar	PRESENT		f072f648-b8a4-47a0-9e1c-89d790645b5a	10.234194	-75.746444					12.0	7.0	2010-08-10	10	8	2010	2278861	2278861	HUMAN_OBSERVATION	Instituto de Investigaciones Marinas y Costeras “José Benito Vives de Andréis” (Invemar)						CC_BY_4_0		Kelly Gómez Campo;Cindy Melissa Montero			2025-08-02T11:49:04.213Z		COORDINATE_ROUNDED
2993585346	f13e2caf-5093-4f9a-9de6-e38775b5a737	INVEMAR:SIMAC:InvVag:AGU-1:2013:S3:003009	Animalia	Echinodermata	Echinoidea	Camarodonta	Echinometridae	Echinometra	Echinometra lucunter		SPECIES	Echinometra lucunter (Linnaeus, 1758)	Echinometra lucunter	(Linnaeus, 1758)	CO	Ensenada Capurganá, Punta del Aguacate, al fondo de la ensenada, Aguacate S Estación AGU 1	Chocó	PRESENT		f072f648-b8a4-47a0-9e1c-89d790645b5a	8.616722	-77.326861					4.5	1.5	2013-08-23	23	8	2013	2278861	2278861	HUMAN_OBSERVATION	Instituto de Investigaciones Marinas y Costeras “José Benito Vives de Andréis” (Invemar)						CC_BY_4_0		Christian Michael Diaz Sanchez;Diana Carolina Casas Figueroa			2025-08-02T11:49:04.193Z		COORDINATE_ROUNDED
2993585340	f13e2caf-5093-4f9a-9de6-e38775b5a737	INVEMAR:SIMAC:InvVag:IGU-1:2006:M3:001673	Animalia	Echinodermata	Echinoidea	Camarodonta	Echinometridae	Echinometra	Echinometra lucunter		SPECIES	Echinometra lucunter (Linnaeus, 1758)	Echinometra lucunter	(Linnaeus, 1758)	CO	Reserva de Biosfera Sea Flower, Iguana Estación IGU 1	Archipiélago de San Andrés, Providencia y Santa Catalina	PRESENT		f072f648-b8a4-47a0-9e1c-89d790645b5a	12.500417	-81.733333					10.5	7.5	2006-09-20	20	9	2006	2278861	2278861	HUMAN_OBSERVATION	Instituto de Investigaciones Marinas y Costeras “José Benito Vives de Andréis” (Invemar)						CC_BY_4_0		Alfredo Abril;Kelly Gómez Campo			2025-08-02T11:49:04.170Z		COORDINATE_ROUNDED;CONTINENT_COORDINATE_MISMATCH
2993585334	f13e2caf-5093-4f9a-9de6-e38775b5a737	INVEMAR:SIMAC:InvVag:CTI-1:2004:S3:001235	Animalia	Echinodermata	Echinoidea	Camarodonta	Echinometridae	Echinometra	Echinometra lucunter		SPECIES	Echinometra lucunter (Linnaeus, 1758)	Echinometra lucunter	(Linnaeus, 1758)	CO	Ensenada Sapzurro, Cabo Tiburón S Estación CTI 1	Chocó	PRESENT		f072f648-b8a4-47a0-9e1c-89d790645b5a	8.670417	-77.358667					2.5	0.5	2004-06-07	7	6	2004	2278861	2278861	HUMAN_OBSERVATION	Instituto de Investigaciones Marinas y Costeras “José Benito Vives de Andréis” (Invemar)						CC_BY_4_0		Alberto Rodríguez Ramirez;Martha Alejandra Ortiz Del Rio			2025-08-02T11:49:04.205Z		COORDINATE_ROUNDED
2993585306	f13e2caf-5093-4f9a-9de6-e38775b5a737	INVEMAR:SIMAC:InvVag:MAZ-2:2006:M5:001736	Animalia	Echinodermata	Echinoidea	Camarodonta	Echinometridae	Echinometra	Echinometra lucunter		SPECIES	Echinometra lucunter (Linnaeus, 1758)	Echinometra lucunter	(Linnaeus, 1758)	CO	Reserva de Biosfera Sea Flower, Manzanillo Estación 2	Archipiélago de San Andrés, Providencia y Santa Catalina	PRESENT		f072f648-b8a4-47a0-9e1c-89d790645b5a	13.313639	-81.375278					10.0	0.0	2006-09-27	27	9	2006	2278861	2278861	HUMAN_OBSERVATION	Instituto de Investigaciones Marinas y Costeras “José Benito Vives de Andréis” (Invemar)						CC_BY_4_0		Nicasio Howard;Katherine Bernal			2025-08-02T11:49:04.011Z		COORDINATE_ROUNDED;CONTINENT_COORDINATE_MISMATCH
2979609597	040c5662-da76-4782-a48e-cdea1892d14c	ABBAI2054-17	Animalia	Echinodermata	Echinoidea	Camarodonta	Echinometridae	Echinometra	Echinometra lucunter		UNRANKED	BOLD:ABA2440	BOLD:ABA2440		PA		Bocas Del Toro	PRESENT		b3bf3a83-1f68-4541-a03f-330d30d567f5	9.34	-82.26					15.0	0.0	2016-02-26	26	2	2016	10804266	2278861	MATERIAL_SAMPLE	No Voucher Tissue				Rachel Collin		CC_BY_4_0		Rachel Collin and Michael J. Boyle			2025-07-20T08:42:08.786Z	StillImage	GEODETIC_DATUM_ASSUMED_WGS84;COORDINATE_PRECISION_INVALID;COUNTRY_DERIVED_FROM_COORDINATES;CONTINENT_DERIVED_FROM_COORDINATES;TAXON_CONCEPT_ID_NOT_FOUND;TAXON_ID_NOT_FOUND;INSTITUTION_MATCH_NONE
2979608595	040c5662-da76-4782-a48e-cdea1892d14c	ABBAI1319-16	Animalia	Echinodermata	Echinoidea	Camarodonta	Echinometridae	Echinometra	Echinometra lucunter		UNRANKED	BOLD:ABA2440	BOLD:ABA2440		PA		Bocas Del Toro	PRESENT		b3bf3a83-1f68-4541-a03f-330d30d567f5	9.34	-82.26					15.0	0.0	2015-11-23	23	11	2015	10804266	2278861	MATERIAL_SAMPLE	No Voucher Tissue				Rachel Collin		CC_BY_4_0		Rachel Collin and Michael J. Boyle			2025-07-20T08:40:45.906Z	StillImage	GEODETIC_DATUM_ASSUMED_WGS84;COORDINATE_PRECISION_INVALID;COUNTRY_DERIVED_FROM_COORDINATES;CONTINENT_DERIVED_FROM_COORDINATES;TAXON_CONCEPT_ID_NOT_FOUND;TAXON_ID_NOT_FOUND;INSTITUTION_MATCH_NONE
2979605596	040c5662-da76-4782-a48e-cdea1892d14c	ABBAI2321-17	Animalia	Echinodermata	Echinoidea	Camarodonta	Echinometridae	Echinometra	Echinometra lucunter		UNRANKED	BOLD:ABA2440	BOLD:ABA2440		PA		Bocas Del Toro	PRESENT		b3bf3a83-1f68-4541-a03f-330d30d567f5	9.34	-82.26					15.0	0.0	2016-05-05	5	5	2016	10804266	2278861	MATERIAL_SAMPLE	No Voucher Tissue				Rachel Collin		CC_BY_4_0		Rachel Collin and Michael J. Boyle			2025-07-20T08:40:23.836Z		GEODETIC_DATUM_ASSUMED_WGS84;COORDINATE_PRECISION_INVALID;COUNTRY_DERIVED_FROM_COORDINATES;CONTINENT_DERIVED_FROM_COORDINATES;TAXON_CONCEPT_ID_NOT_FOUND;TAXON_ID_NOT_FOUND;INSTITUTION_MATCH_NONE
2979543417	040c5662-da76-4782-a48e-cdea1892d14c	ABBAI471-15	Animalia	Echinodermata	Echinoidea	Camarodonta	Echinometridae	Echinometra	Echinometra lucunter		UNRANKED	BOLD:ABA2440	BOLD:ABA2440		PA	in front of STRI point	Bocas Del Toro	PRESENT		b3bf3a83-1f68-4541-a03f-330d30d567f5	9.34775	-82.267					15.0	0.0	2013-07-03	3	7	2013	10804266	2278861	MATERIAL_SAMPLE	No Voucher Tissue				Rachel Collin		CC_BY_4_0		Eduardo Zattara/Gaston Alurralde			2025-07-20T08:40:19.682Z	StillImage	GEODETIC_DATUM_ASSUMED_WGS84;COUNTRY_DERIVED_FROM_COORDINATES;CONTINENT_DERIVED_FROM_COORDINATES;TAXON_CONCEPT_ID_NOT_FOUND;TAXON_ID_NOT_FOUND;INSTITUTION_MATCH_NONE
2979469573	040c5662-da76-4782-a48e-cdea1892d14c	ABBAI1184-16	Animalia	Echinodermata	Echinoidea	Camarodonta	Echinometridae	Echinometra	Echinometra lucunter		UNRANKED	BOLD:ABA2440	BOLD:ABA2440		PA		Bocas Del Toro	PRESENT		b3bf3a83-1f68-4541-a03f-330d30d567f5	9.34	-82.26					15.0	0.0	2015-11-20	20	11	2015	10804266	2278861	MATERIAL_SAMPLE	No Voucher Tissue				Rachel Collin		CC_BY_4_0		Rachel Collin and Michael J. Boyle			2025-07-20T08:39:36.547Z	StillImage	GEODETIC_DATUM_ASSUMED_WGS84;COORDINATE_PRECISION_INVALID;COUNTRY_DERIVED_FROM_COORDINATES;CONTINENT_DERIVED_FROM_COORDINATES;TAXON_CONCEPT_ID_NOT_FOUND;TAXON_ID_NOT_FOUND;INSTITUTION_MATCH_NONE
2979468540	040c5662-da76-4782-a48e-cdea1892d14c	ABBAI1187-16	Animalia	Echinodermata	Echinoidea	Camarodonta	Echinometridae	Echinometra	Echinometra lucunter		UNRANKED	BOLD:ABA2440	BOLD:ABA2440		PA		Bocas Del Toro	PRESENT		b3bf3a83-1f68-4541-a03f-330d30d567f5	9.34	-82.26					15.0	0.0	2015-11-20	20	11	2015	10804266	2278861	MATERIAL_SAMPLE	No Voucher Tissue				Rachel Collin		CC_BY_4_0		Rachel Collin and Michael J. Boyle			2025-07-20T08:41:31.388Z	StillImage	GEODETIC_DATUM_ASSUMED_WGS84;COORDINATE_PRECISION_INVALID;COUNTRY_DERIVED_FROM_COORDINATES;CONTINENT_DERIVED_FROM_COORDINATES;TAXON_CONCEPT_ID_NOT_FOUND;TAXON_ID_NOT_FOUND;INSTITUTION_MATCH_NONE
2979466598	040c5662-da76-4782-a48e-cdea1892d14c	ABBAI2477-17	Animalia	Echinodermata	Echinoidea	Camarodonta	Echinometridae	Echinometra	Echinometra lucunter		UNRANKED	BOLD:ABA2440	BOLD:ABA2440		PA		Bocas Del Toro	PRESENT		b3bf3a83-1f68-4541-a03f-330d30d567f5	9.34	-82.26					15.0	0.0	2016-09-06	6	9	2016	10804266	2278861	MATERIAL_SAMPLE	No Voucher Tissue				Rachel Collin		CC_BY_4_0		Rachel Collin and Michael J. Boyle			2025-07-20T08:40:38.046Z	StillImage	GEODETIC_DATUM_ASSUMED_WGS84;COORDINATE_PRECISION_INVALID;COUNTRY_DERIVED_FROM_COORDINATES;CONTINENT_DERIVED_FROM_COORDINATES;TAXON_CONCEPT_ID_NOT_FOUND;TAXON_ID_NOT_FOUND;INSTITUTION_MATCH_NONE
2979451657	040c5662-da76-4782-a48e-cdea1892d14c	ABBAI2487-17	Animalia	Echinodermata	Echinoidea	Camarodonta	Echinometridae	Echinometra	Echinometra lucunter		UNRANKED	BOLD:ABA2440	BOLD:ABA2440		PA		Bocas Del Toro	PRESENT		b3bf3a83-1f68-4541-a03f-330d30d567f5	9.34	-82.26					15.0	0.0	2016-09-06	6	9	2016	10804266	2278861	MATERIAL_SAMPLE	No Voucher Tissue				Rachel Collin		CC_BY_4_0		Rachel Collin and Michael J. Boyle			2025-07-20T08:38:22.306Z		GEODETIC_DATUM_ASSUMED_WGS84;COORDINATE_PRECISION_INVALID;COUNTRY_DERIVED_FROM_COORDINATES;CONTINENT_DERIVED_FROM_COORDINATES;TAXON_CONCEPT_ID_NOT_FOUND;TAXON_ID_NOT_FOUND;INSTITUTION_MATCH_NONE
2979389465	040c5662-da76-4782-a48e-cdea1892d14c	ABBAI633-16	Animalia	Echinodermata	Echinoidea	Camarodonta	Echinometridae	Echinometra	Echinometra lucunter		UNRANKED	BOLD:ABA2440	BOLD:ABA2440		PA		Bocas Del Toro	PRESENT		b3bf3a83-1f68-4541-a03f-330d30d567f5	9.34	-82.26					15.0	0.0	2015-08-18	18	8	2015	10804266	2278861	MATERIAL_SAMPLE	No Voucher Tissue				Rachel Collin		CC_BY_4_0		Rachel Collin and Michael J. Boyle			2025-07-20T08:41:15.261Z	StillImage	GEODETIC_DATUM_ASSUMED_WGS84;COORDINATE_PRECISION_INVALID;COUNTRY_DERIVED_FROM_COORDINATES;CONTINENT_DERIVED_FROM_COORDINATES;TAXON_CONCEPT_ID_NOT_FOUND;TAXON_ID_NOT_FOUND;INSTITUTION_MATCH_NONE
2636193850	55a6d292-5141-40d3-89b1-d13959a1c998	CE_0238	Animalia	Echinodermata	Echinoidea	Camarodonta	Echinometridae	Echinometra	Echinometra lucunter		SPECIES	Echinometra lucunter (Linnaeus, 1758)	Echinometra lucunter	(Linnaeus, 1758)	MX	Arrecife Triángulos Oeste		PRESENT	1	1e9400fa-ce73-4737-9eaa-f25df148945c	20.960728	-92.307508					9.0		2017-09-10	10	9	2017	2278861	2278861	PRESERVED_SPECIMEN	FCMM	COREPY-DGVS-CC-307-18	COREPY-0248		Francisco Márquez Borrás	2018-02-26T00:00:00	CC_BY_NC_4_0		Francisco Márquez Borrás			2025-07-31T12:15:32.541Z		COORDINATE_ROUNDED;GEODETIC_DATUM_INVALID;GEODETIC_DATUM_ASSUMED_WGS84;CONTINENT_INVALID;CONTINENT_DERIVED_FROM_COORDINATES;COLLECTION_MATCH_NONE;INSTITUTION_MATCH_FUZZY
2636193713	55a6d292-5141-40d3-89b1-d13959a1c998	CE_1102	Animalia	Echinodermata	Echinoidea	Camarodonta	Echinometridae	Echinometra	Echinometra lucunter		SPECIES	Echinometra lucunter (Linnaeus, 1758)	Echinometra lucunter	(Linnaeus, 1758)	MX	Arrecife Cayo Arcas		PRESENT	1	1e9400fa-ce73-4737-9eaa-f25df148945c	20.204806	-91.959389					4.1		2016-04-22	22	4	2016	2278861	2278861	PRESERVED_SPECIMEN	FCMM	CNE	COREPY-1144		Yoalli Quetzalli Hernández Diaz	2016-06-01T00:00:00	CC_BY_NC_4_0		Yoalli Quetzalli Hernández Díaz			2025-07-31T12:15:32.391Z		COORDINATE_ROUNDED;GEODETIC_DATUM_INVALID;GEODETIC_DATUM_ASSUMED_WGS84;CONTINENT_INVALID;CONTINENT_DERIVED_FROM_COORDINATES;INSTITUTION_MATCH_FUZZY;INSTITUTION_COLLECTION_MISMATCH
2636193710	55a6d292-5141-40d3-89b1-d13959a1c998	CE_0013	Animalia	Echinodermata	Echinoidea	Camarodonta	Echinometridae	Echinometra	Echinometra lucunter		SPECIES	Echinometra lucunter (Linnaeus, 1758)	Echinometra lucunter	(Linnaeus, 1758)	MX	Arrecife Cayo Arcas		PRESENT	1	1e9400fa-ce73-4737-9eaa-f25df148945c	20.214806	-91.968917					5.3		2017-04-02	2	4	2017	2278861	2278861	PRESERVED_SPECIMEN	FCMM	COREPY-DGVS-CC-307-18	COREPY-0016		Francisco Márquez Borrás	2018-03-05T00:00:00	CC_BY_NC_4_0		Yoalli Quetzalli Hernández Díaz			2025-07-31T12:15:32.391Z		COORDINATE_ROUNDED;GEODETIC_DATUM_INVALID;GEODETIC_DATUM_ASSUMED_WGS84;CONTINENT_INVALID;CONTINENT_DERIVED_FROM_COORDINATES;COLLECTION_MATCH_NONE;INSTITUTION_MATCH_FUZZY
2636193437	55a6d292-5141-40d3-89b1-d13959a1c998	CE_1124	Animalia	Echinodermata	Echinoidea	Camarodonta	Echinometridae	Echinometra	Echinometra lucunter		SPECIES	Echinometra lucunter (Linnaeus, 1758)	Echinometra lucunter	(Linnaeus, 1758)	MX	Arrecife Cayo Arcas		PRESENT	1	1e9400fa-ce73-4737-9eaa-f25df148945c	20.219222	-91.972778					7.1		2016-04-23	23	4	2016	2278861	2278861	PRESERVED_SPECIMEN	FCMM	CNE	COREPY-1167		Yoalli Quetzalli Hernández Diaz	2016-06-01T00:00:00	CC_BY_NC_4_0		Yoalli Quetzalli Hernández Díaz			2025-07-31T12:15:32.112Z		COORDINATE_ROUNDED;GEODETIC_DATUM_INVALID;GEODETIC_DATUM_ASSUMED_WGS84;CONTINENT_INVALID;CONTINENT_DERIVED_FROM_COORDINATES;INSTITUTION_MATCH_FUZZY;INSTITUTION_COLLECTION_MISMATCH
2636193392	55a6d292-5141-40d3-89b1-d13959a1c998	CE_1150	Animalia	Echinodermata	Echinoidea	Camarodonta	Echinometridae	Echinometra	Echinometra lucunter		SPECIES	Echinometra lucunter (Linnaeus, 1758)	Echinometra lucunter	(Linnaeus, 1758)	MX	Arrecife Cayo Arcas		PRESENT	1	1e9400fa-ce73-4737-9eaa-f25df148945c	20.207694	-91.960667					3.6		2016-04-25	25	4	2016	2278861	2278861	PRESERVED_SPECIMEN	FCMM	CNE	COREPY-1193		Yoalli Quetzalli Hernández Diaz	2016-06-01T00:00:00	CC_BY_NC_4_0		Yoalli Quetzalli Hernández Díaz			2025-07-31T12:15:32.034Z		COORDINATE_ROUNDED;GEODETIC_DATUM_INVALID;GEODETIC_DATUM_ASSUMED_WGS84;CONTINENT_INVALID;CONTINENT_DERIVED_FROM_COORDINATES;INSTITUTION_MATCH_FUZZY;INSTITUTION_COLLECTION_MISMATCH
2636193356	55a6d292-5141-40d3-89b1-d13959a1c998	CE_1141	Animalia	Echinodermata	Echinoidea	Camarodonta	Echinometridae	Echinometra	Echinometra lucunter		SPECIES	Echinometra lucunter (Linnaeus, 1758)	Echinometra lucunter	(Linnaeus, 1758)	MX	Arrecife Cayo Arcas		PRESENT	1	1e9400fa-ce73-4737-9eaa-f25df148945c	20.216139	-91.966111					3.3		2016-04-24	24	4	2016	2278861	2278861	PRESERVED_SPECIMEN	FCMM	CNE	COREPY-1184		Yoalli Quetzalli Hernández Diaz	2016-06-01T00:00:00	CC_BY_NC_4_0		Yoalli Quetzalli Hernández Díaz			2025-07-31T12:15:31.862Z		COORDINATE_ROUNDED;GEODETIC_DATUM_INVALID;GEODETIC_DATUM_ASSUMED_WGS84;CONTINENT_INVALID;CONTINENT_DERIVED_FROM_COORDINATES;INSTITUTION_MATCH_FUZZY;INSTITUTION_COLLECTION_MISMATCH
2630869075	e6dc2144-bccb-4ac0-95f8-935d32c6144b	fce5c61b7c4fe5323fd51ecbf2fdaa4e	Animalia	Echinodermata	Echinoidea	Camarodonta	Echinometridae	Echinometra	Echinometra lucunter		SPECIES	Echinometra lucunter (Linnaeus, 1758)	Echinometra lucunter	(Linnaeus, 1758)	MX	Enmedio Reef, Veracruz, Gulf of Mexico, Mexico	Veracruz de ignacio de la llave	PRESENT	1	ff90b050-c256-11db-b71b-b8a03c50a862	19.104444	-95.937222	80.0		0.0	0.0	2.0	0.0	2005-03-01	1	3	2005	2278861	2278861	PRESERVED_SPECIMEN	ICML-UNAM	CNE	4.61.106		E. V. Celaya-Hernández; M. A. Gordillo-Hernández		CC_BY_4_0	Comisión Nacional para el Conocimiento y Uso de la Biodiversidad (CONABIO)	J. S. Hernández-Álvarez; A. Granados-Barba	NotAType		2025-07-05T01:57:53.529Z		COORDINATE_ROUNDED;GEODETIC_DATUM_INVALID;GEODETIC_DATUM_ASSUMED_WGS84;CONTINENT_DERIVED_FROM_COORDINATES;SCIENTIFIC_NAME_ID_NOT_FOUND;TAXON_ID_NOT_FOUND;OCCURRENCE_STATUS_INFERRED_FROM_INDIVIDUAL_COUNT;INSTITUTION_MATCH_NONE
2630867679	e6dc2144-bccb-4ac0-95f8-935d32c6144b	6a0f82ffd152f5ad381ea9f8c24f5a3d	Animalia	Echinodermata	Echinoidea	Camarodonta	Echinometridae	Echinometra	Echinometra lucunter		SPECIES	Echinometra lucunter (Linnaeus, 1758)	Echinometra lucunter	(Linnaeus, 1758)	MX	Puerto Morelos, lado Sur de la zona arrecifal de Punta Brava, Quintana Roo, Mar Caribe, México	Quintana roo	PRESENT	1	ff90b050-c256-11db-b71b-b8a03c50a862	20.806111	-86.9125	70.0		0.0	0.0	1.0	1.0	2000-03-07	7	3	2000	2278861	2278861	PRESERVED_SPECIMEN	ICML-UNAM	CNE	4.61.76		S. Ariza-Mancio		CC_BY_4_0	Comisión Nacional para el Conocimiento y Uso de la Biodiversidad (CONABIO)	A. Laguarda-Figueras; A. Durán-González; J. Torres-Vega; E. Mata-Pérez; S. Frontana-Uribe; A. Rojas-Santoyo; A. Frontana-Uribe; B. S. Gómez-Carriedo; A. Medina-Cárcamo	NotAType		2025-07-05T01:57:53.515Z		COORDINATE_ROUNDED;GEODETIC_DATUM_INVALID;GEODETIC_DATUM_ASSUMED_WGS84;CONTINENT_DERIVED_FROM_COORDINATES;SCIENTIFIC_NAME_ID_NOT_FOUND;TAXON_ID_NOT_FOUND;DEPTH_MIN_MAX_SWAPPED;OCCURRENCE_STATUS_INFERRED_FROM_INDIVIDUAL_COUNT;INSTITUTION_MATCH_NONE
2630867548	e6dc2144-bccb-4ac0-95f8-935d32c6144b	cc30e4d38e4de9dc51ec07597e2cb74a	Animalia	Echinodermata	Echinoidea	Camarodonta	Echinometridae	Echinometra	Echinometra lucunter		SPECIES	Echinometra lucunter (Linnaeus, 1758)	Echinometra lucunter	(Linnaeus, 1758)	MX	Arrecife Hornos, Veracruz, Veracruz, Golfo de México	Veracruz de ignacio de la llave	PRESENT	1	ff90b050-c256-11db-b71b-b8a03c50a862	19.194897	-96.123972	80.0		0.0	0.0	2.0	0.0	2005-02-03	3	2	2005	2278861	2278861	PRESERVED_SPECIMEN	ICML-UNAM	CNE	4.61.105		E. V. Celaya-Hernández; M. A. Gordillo-Hernández		CC_BY_4_0	Comisión Nacional para el Conocimiento y Uso de la Biodiversidad (CONABIO)	J. S. Hernández-Álvarez; A. Granados-Barba	NotAType		2025-07-05T01:57:53.153Z		COORDINATE_ROUNDED;GEODETIC_DATUM_INVALID;GEODETIC_DATUM_ASSUMED_WGS84;CONTINENT_DERIVED_FROM_COORDINATES;SCIENTIFIC_NAME_ID_NOT_FOUND;TAXON_ID_NOT_FOUND;OCCURRENCE_STATUS_INFERRED_FROM_INDIVIDUAL_COUNT;INSTITUTION_MATCH_NONE
2630866963	e6dc2144-bccb-4ac0-95f8-935d32c6144b	3fe2868fbd8d6ce83558b0f788afea72	Animalia	Echinodermata	Echinoidea	Camarodonta	Echinometridae	Echinometra	Echinometra lucunter		SPECIES	Echinometra lucunter (Linnaeus, 1758)	Echinometra lucunter	(Linnaeus, 1758)	MX	Enmedio Reef, Veracruz, Gulf of Mexico, Mexico	Veracruz de ignacio de la llave	PRESENT	1	ff90b050-c256-11db-b71b-b8a03c50a862	19.114444	-95.935833	80.0		0.0	0.0	3.0	0.0	2005-04-09	9	4	2005	2278861	2278861	PRESERVED_SPECIMEN	ICML-UNAM	CNE	4.61.104		E. V. Celaya-Hernández; M. A. Gordillo-Hernández		CC_BY_4_0	Comisión Nacional para el Conocimiento y Uso de la Biodiversidad (CONABIO)	F. A. Solís-Marín; B. Salguero-Silva; E. I. Guzmán; G. Santamaría-López; M. A. Gordillo-Hernández	NotAType		2025-07-05T01:57:52.811Z		COORDINATE_ROUNDED;GEODETIC_DATUM_INVALID;GEODETIC_DATUM_ASSUMED_WGS84;CONTINENT_DERIVED_FROM_COORDINATES;SCIENTIFIC_NAME_ID_NOT_FOUND;TAXON_ID_NOT_FOUND;OCCURRENCE_STATUS_INFERRED_FROM_INDIVIDUAL_COUNT;INSTITUTION_MATCH_NONE
2630866353	e6dc2144-bccb-4ac0-95f8-935d32c6144b	3313e50b2c2101a7b8159b809cad4d84	Animalia	Echinodermata	Echinoidea	Camarodonta	Echinometridae	Echinometra	Echinometra lucunter		SPECIES	Echinometra lucunter (Linnaeus, 1758)	Echinometra lucunter	(Linnaeus, 1758)	MX	Arrecife Hornos, Veracruz, Veracruz, Golfo de México	Veracruz de ignacio de la llave	PRESENT	3	ff90b050-c256-11db-b71b-b8a03c50a862	19.195481	-96.126344	80.0		0.0	0.0	1.0	0.0	2004-06-05	5	6	2004	2278861	2278861	PRESERVED_SPECIMEN	ICML-UNAM	CNE	4.61.107		Domínguez		CC_BY_4_0	Comisión Nacional para el Conocimiento y Uso de la Biodiversidad (CONABIO)	R. Rojas	NotAType		2025-07-05T01:57:50.620Z		COORDINATE_ROUNDED;GEODETIC_DATUM_INVALID;GEODETIC_DATUM_ASSUMED_WGS84;CONTINENT_DERIVED_FROM_COORDINATES;SCIENTIFIC_NAME_ID_NOT_FOUND;TAXON_ID_NOT_FOUND;OCCURRENCE_STATUS_INFERRED_FROM_INDIVIDUAL_COUNT;INSTITUTION_MATCH_NONE
2630866091	e6dc2144-bccb-4ac0-95f8-935d32c6144b	276466d4fa4d7391fb292969bea83d3c	Animalia	Echinodermata	Echinoidea	Camarodonta	Echinometridae	Echinometra	Echinometra lucunter		SPECIES	Echinometra lucunter (Linnaeus, 1758)	Echinometra lucunter	(Linnaeus, 1758)	MX	Puerto Morelos, lado Sur de la zona arrecifal de Punta Brava, Quintana Roo, Mar Caribe, México	Quintana roo	PRESENT	10	ff90b050-c256-11db-b71b-b8a03c50a862	20.806111	-86.9125	70.0		0.0	0.0	1.0	1.0	2000-03-07	7	3	2000	2278861	2278861	PRESERVED_SPECIMEN	ICML-UNAM	CNE	4.61.88		J. Torres-Vega		CC_BY_4_0	Comisión Nacional para el Conocimiento y Uso de la Biodiversidad (CONABIO)	A. Laguarda-Figueras; A. Durán-González; J. Torres-Vega; E. Mata-Pérez; S. Frontana-Uribe; A. Rojas-Santoyo; A. Frontana-Uribe; B. S. Gómez-Carriedo; A. Medina-Cárcamo	NotAType		2025-07-05T01:57:50.827Z		COORDINATE_ROUNDED;GEODETIC_DATUM_INVALID;GEODETIC_DATUM_ASSUMED_WGS84;CONTINENT_DERIVED_FROM_COORDINATES;SCIENTIFIC_NAME_ID_NOT_FOUND;TAXON_ID_NOT_FOUND;DEPTH_MIN_MAX_SWAPPED;OCCURRENCE_STATUS_INFERRED_FROM_INDIVIDUAL_COUNT;INSTITUTION_MATCH_NONE
2630865519	e6dc2144-bccb-4ac0-95f8-935d32c6144b	71f2ecead500dedb6714708208f6cd14	Animalia	Echinodermata	Echinoidea	Camarodonta	Echinometridae	Echinometra	Echinometra lucunter		SPECIES	Echinometra lucunter (Linnaeus, 1758)	Echinometra lucunter	(Linnaeus, 1758)	MX	1200 metros al Sur de Muelle de Cubos, Puerto Morelos, Quintana Roo, Mar Caribe, México	Quintana roo	PRESENT	38	ff90b050-c256-11db-b71b-b8a03c50a862	20.823056	-86.830555	70.0		0.0	0.0	2.0	2.0	2000-03-10	10	3	2000	2278861	2278861	PRESERVED_SPECIMEN	ICML-UNAM	CNE	4.61.85		S. Ariza-Mancio		CC_BY_4_0	Comisión Nacional para el Conocimiento y Uso de la Biodiversidad (CONABIO)	A. Laguarda-Figueras; A. Durán-González; J. Torres-Vega; E. Mata-Pérez; S. Frontana-Uribe; A. Rojas-Santoyo; A. Frontana-Uribe; B. S. Gómez-Carriedo; A. Medina-Cárcamo	NotAType		2025-07-05T01:57:50.578Z		COORDINATE_ROUNDED;GEODETIC_DATUM_INVALID;GEODETIC_DATUM_ASSUMED_WGS84;CONTINENT_DERIVED_FROM_COORDINATES;SCIENTIFIC_NAME_ID_NOT_FOUND;TAXON_ID_NOT_FOUND;DEPTH_MIN_MAX_SWAPPED;OCCURRENCE_STATUS_INFERRED_FROM_INDIVIDUAL_COUNT;INSTITUTION_MATCH_NONE
2630864637	e6dc2144-bccb-4ac0-95f8-935d32c6144b	36b2a0c7af895606f27aa4aa36c1d8a1	Animalia	Echinodermata	Echinoidea	Camarodonta	Echinometridae	Echinometra	Echinometra lucunter		SPECIES	Echinometra lucunter (Linnaeus, 1758)	Echinometra lucunter	(Linnaeus, 1758)	MX	Puerto Morelos, lado Sur de la zona arrecifal de Punta Brava, Quintana Roo, Mar Caribe, México	Quintana roo	PRESENT	20	ff90b050-c256-11db-b71b-b8a03c50a862	20.806111	-86.9125	70.0		0.0	0.0	1.0	1.0	2000-03-07	7	3	2000	2278861	2278861	PRESERVED_SPECIMEN	ICML-UNAM	CNE	4.61.77		S. Ariza-Mancio		CC_BY_4_0	Comisión Nacional para el Conocimiento y Uso de la Biodiversidad (CONABIO)	A. Laguarda-Figueras; A. Durán-González; J. Torres-Vega; E. Mata-Pérez; S. Frontana-Uribe; A. Rojas-Santoyo; A. Frontana-Uribe; B. S. Gómez-Carriedo; A. Medina-Cárcamo	NotAType		2025-07-05T01:57:50.390Z		COORDINATE_ROUNDED;GEODETIC_DATUM_INVALID;GEODETIC_DATUM_ASSUMED_WGS84;CONTINENT_DERIVED_FROM_COORDINATES;SCIENTIFIC_NAME_ID_NOT_FOUND;TAXON_ID_NOT_FOUND;DEPTH_MIN_MAX_SWAPPED;OCCURRENCE_STATUS_INFERRED_FROM_INDIVIDUAL_COUNT;INSTITUTION_MATCH_NONE
2630864574	e6dc2144-bccb-4ac0-95f8-935d32c6144b	ca64f3bb9cb9e3aaea042056bff7f2e3	Animalia	Echinodermata	Echinoidea	Camarodonta	Echinometridae	Echinometra	Echinometra lucunter		SPECIES	Echinometra lucunter (Linnaeus, 1758)	Echinometra lucunter	(Linnaeus, 1758)	MX	Enmedio Reef, Veracruz, Gulf of Mexico, Mexico	Veracruz de ignacio de la llave	PRESENT	4	ff90b050-c256-11db-b71b-b8a03c50a862	19.114444	-95.935833	80.0		0.0	0.0	3.0	0.0	2005-04-06	6	4	2005	2278861	2278861	PRESERVED_SPECIMEN	ICML-UNAM	CNE	4.61.103		E. V. Celaya-Hernández; M. A. Gordillo-Hernández		CC_BY_4_0	Comisión Nacional para el Conocimiento y Uso de la Biodiversidad (CONABIO)	G. Santamaría-López; J. Díaz; S. Hernández	NotAType		2025-07-05T01:57:52.269Z		COORDINATE_ROUNDED;GEODETIC_DATUM_INVALID;GEODETIC_DATUM_ASSUMED_WGS84;CONTINENT_DERIVED_FROM_COORDINATES;SCIENTIFIC_NAME_ID_NOT_FOUND;TAXON_ID_NOT_FOUND;OCCURRENCE_STATUS_INFERRED_FROM_INDIVIDUAL_COUNT;INSTITUTION_MATCH_NONE
2630864229	e6dc2144-bccb-4ac0-95f8-935d32c6144b	bebbbe8ed61823760fc1c3f2a48e82cb	Animalia	Echinodermata	Echinoidea	Camarodonta	Echinometridae	Echinometra	Echinometra lucunter		SPECIES	Echinometra lucunter (Linnaeus, 1758)	Echinometra lucunter	(Linnaeus, 1758)	MX	Isla Verde, Veracruz, Veracruz, Golfo de México, México	Veracruz de ignacio de la llave	PRESENT	1	ff90b050-c256-11db-b71b-b8a03c50a862	19.201111	-96.068611	80.0		0.0	0.0	1.2	0.0	2001-10-12	12	10	2001	2278861	2278861	PRESERVED_SPECIMEN	ICML-UNAM	CNE	4.61.91		E. V. Celaya-Hernández		CC_BY_4_0	Comisión Nacional para el Conocimiento y Uso de la Biodiversidad (CONABIO)	E. V. Celaya-Hernández	NotAType		2025-07-05T01:57:53.197Z		COORDINATE_ROUNDED;GEODETIC_DATUM_INVALID;GEODETIC_DATUM_ASSUMED_WGS84;CONTINENT_DERIVED_FROM_COORDINATES;SCIENTIFIC_NAME_ID_NOT_FOUND;TAXON_ID_NOT_FOUND;OCCURRENCE_STATUS_INFERRED_FROM_INDIVIDUAL_COUNT;INSTITUTION_MATCH_NONE
2630862945	e6dc2144-bccb-4ac0-95f8-935d32c6144b	f6c46e7a3fdf760b55861bbcbdfff7ae	Animalia	Echinodermata	Echinoidea	Camarodonta	Echinometridae	Echinometra	Echinometra lucunter		SPECIES	Echinometra lucunter (Linnaeus, 1758)	Echinometra lucunter	(Linnaeus, 1758)	MX	Isla de Sacrificios, Veracruz, Veracruz, Golfo de México, México	Veracruz de ignacio de la llave	PRESENT	1	ff90b050-c256-11db-b71b-b8a03c50a862	19.18	-96.095278	80.0		0.0	0.0	1.0	1.0	2004-06-07	7	6	2004	2278861	2278861	PRESERVED_SPECIMEN	ICML-UNAM	CNE	4.61.96		E. V. Celaya-Hernández; M. A. Gordillo-Hernández		CC_BY_4_0	Comisión Nacional para el Conocimiento y Uso de la Biodiversidad (CONABIO)	A. Granados-Barba; J. A. Pérez-Nava	NotAType		2025-07-05T01:57:48.119Z		COORDINATE_ROUNDED;GEODETIC_DATUM_INVALID;GEODETIC_DATUM_ASSUMED_WGS84;CONTINENT_DERIVED_FROM_COORDINATES;SCIENTIFIC_NAME_ID_NOT_FOUND;TAXON_ID_NOT_FOUND;DEPTH_MIN_MAX_SWAPPED;OCCURRENCE_STATUS_INFERRED_FROM_INDIVIDUAL_COUNT;INSTITUTION_MATCH_NONE
2595552472	b3b7d5c4-f73a-475b-a203-c6a1ddd040cd	2017_Tres Palmas 5m_4aEchinometra_lucunter	Animalia	Echinodermata	Echinoidea	Camarodonta	Echinometridae	Echinometra	Echinometra lucunter		SPECIES	Echinometra lucunter (Linnaeus, 1758)	Echinometra lucunter		PR	Tres Palmas 5m		PRESENT		c3ad790a-d426-4ac1-8e32-da61f81f0117	18.35072	-67.26688					4.0	4.0	2017-05		5	2017	2278861	2278861	HUMAN_OBSERVATION							CC0_1_0	Departament of Natural and Environmental Resources of Puerto Rico				2025-07-31T12:10:24.654Z		GEODETIC_DATUM_INVALID;GEODETIC_DATUM_ASSUMED_WGS84;CONTINENT_DERIVED_FROM_COORDINATES;REFERENCES_URI_INVALID
2595529851	b3b7d5c4-f73a-475b-a203-c6a1ddd040cd	2019_Maria Langa 5m_4aEchinometra_lucunter	Animalia	Echinodermata	Echinoidea	Camarodonta	Echinometridae	Echinometra	Echinometra lucunter		SPECIES	Echinometra lucunter (Linnaeus, 1758)	Echinometra lucunter		PR	Maria Langa 5m		PRESENT		c3ad790a-d426-4ac1-8e32-da61f81f0117	17.9649	-66.7563					4.0	4.0	2019-08		8	2019	2278861	2278861	HUMAN_OBSERVATION							CC0_1_0	Departament of Natural and Environmental Resources of Puerto Rico				2025-07-31T12:10:24.943Z		GEODETIC_DATUM_INVALID;GEODETIC_DATUM_ASSUMED_WGS84;CONTINENT_DERIVED_FROM_COORDINATES;REFERENCES_URI_INVALID
2595529444	b3b7d5c4-f73a-475b-a203-c6a1ddd040cd	2017_Tres Palmas 5m_1aEchinometra_lucunter	Animalia	Echinodermata	Echinoidea	Camarodonta	Echinometridae	Echinometra	Echinometra lucunter		SPECIES	Echinometra lucunter (Linnaeus, 1758)	Echinometra lucunter		PR	Tres Palmas 5m		PRESENT		c3ad790a-d426-4ac1-8e32-da61f81f0117	18.35072	-67.26688					4.0	4.0	2017-05		5	2017	2278861	2278861	HUMAN_OBSERVATION							CC0_1_0	Departament of Natural and Environmental Resources of Puerto Rico				2025-07-31T12:10:24.641Z		GEODETIC_DATUM_INVALID;GEODETIC_DATUM_ASSUMED_WGS84;CONTINENT_DERIVED_FROM_COORDINATES;REFERENCES_URI_INVALID
2595363452	b3b7d5c4-f73a-475b-a203-c6a1ddd040cd	2019_Maria Langa 5m_1aEchinometra_lucunter	Animalia	Echinodermata	Echinoidea	Camarodonta	Echinometridae	Echinometra	Echinometra lucunter		SPECIES	Echinometra lucunter (Linnaeus, 1758)	Echinometra lucunter		PR	Maria Langa 5m		PRESENT		c3ad790a-d426-4ac1-8e32-da61f81f0117	17.9649	-66.7563					4.0	4.0	2019-08		8	2019	2278861	2278861	HUMAN_OBSERVATION							CC0_1_0	Departament of Natural and Environmental Resources of Puerto Rico				2025-07-31T12:10:35.357Z		GEODETIC_DATUM_INVALID;GEODETIC_DATUM_ASSUMED_WGS84;CONTINENT_DERIVED_FROM_COORDINATES;REFERENCES_URI_INVALID
2595327712	b3b7d5c4-f73a-475b-a203-c6a1ddd040cd	2017_Tres Palmas 5m_5aEchinometra_lucunter	Animalia	Echinodermata	Echinoidea	Camarodonta	Echinometridae	Echinometra	Echinometra lucunter		SPECIES	Echinometra lucunter (Linnaeus, 1758)	Echinometra lucunter		PR	Tres Palmas 5m		PRESENT		c3ad790a-d426-4ac1-8e32-da61f81f0117	18.35072	-67.26688					4.0	4.0	2017-05		5	2017	2278861	2278861	HUMAN_OBSERVATION							CC0_1_0	Departament of Natural and Environmental Resources of Puerto Rico				2025-07-31T12:10:35.153Z		GEODETIC_DATUM_INVALID;GEODETIC_DATUM_ASSUMED_WGS84;CONTINENT_DERIVED_FROM_COORDINATES;REFERENCES_URI_INVALID
2595268215	b3b7d5c4-f73a-475b-a203-c6a1ddd040cd	2015_Tres Palmas 5m_5aEchinometra_lucunter	Animalia	Echinodermata	Echinoidea	Camarodonta	Echinometridae	Echinometra	Echinometra lucunter		SPECIES	Echinometra lucunter (Linnaeus, 1758)	Echinometra lucunter		PR	Tres Palmas 5m		PRESENT		c3ad790a-d426-4ac1-8e32-da61f81f0117	18.35072	-67.26688					4.0	4.0	2015-08		8	2015	2278861	2278861	HUMAN_OBSERVATION							CC0_1_0	Departament of Natural and Environmental Resources of Puerto Rico				2025-07-31T12:10:18.333Z		GEODETIC_DATUM_INVALID;GEODETIC_DATUM_ASSUMED_WGS84;CONTINENT_DERIVED_FROM_COORDINATES;REFERENCES_URI_INVALID
2595264886	b3b7d5c4-f73a-475b-a203-c6a1ddd040cd	2015_Tres Palmas 5m_4aEchinometra_lucunter	Animalia	Echinodermata	Echinoidea	Camarodonta	Echinometridae	Echinometra	Echinometra lucunter		SPECIES	Echinometra lucunter (Linnaeus, 1758)	Echinometra lucunter		PR	Tres Palmas 5m		PRESENT		c3ad790a-d426-4ac1-8e32-da61f81f0117	18.35072	-67.26688					4.0	4.0	2015-08		8	2015	2278861	2278861	HUMAN_OBSERVATION							CC0_1_0	Departament of Natural and Environmental Resources of Puerto Rico				2025-07-31T12:10:24.294Z		GEODETIC_DATUM_INVALID;GEODETIC_DATUM_ASSUMED_WGS84;CONTINENT_DERIVED_FROM_COORDINATES;REFERENCES_URI_INVALID
2595264602	b3b7d5c4-f73a-475b-a203-c6a1ddd040cd	2015_Tres Palmas 5m_2aEchinometra_lucunter	Animalia	Echinodermata	Echinoidea	Camarodonta	Echinometridae	Echinometra	Echinometra lucunter		SPECIES	Echinometra lucunter (Linnaeus, 1758)	Echinometra lucunter		PR	Tres Palmas 5m		PRESENT		c3ad790a-d426-4ac1-8e32-da61f81f0117	18.35072	-67.26688					4.0	4.0	2015-08		8	2015	2278861	2278861	HUMAN_OBSERVATION							CC0_1_0	Departament of Natural and Environmental Resources of Puerto Rico				2025-07-31T12:10:18.327Z		GEODETIC_DATUM_INVALID;GEODETIC_DATUM_ASSUMED_WGS84;CONTINENT_DERIVED_FROM_COORDINATES;REFERENCES_URI_INVALID
2595263202	b3b7d5c4-f73a-475b-a203-c6a1ddd040cd	2015_Tres Palmas 5m_1aEchinometra_lucunter	Animalia	Echinodermata	Echinoidea	Camarodonta	Echinometridae	Echinometra	Echinometra lucunter		SPECIES	Echinometra lucunter (Linnaeus, 1758)	Echinometra lucunter		PR	Tres Palmas 5m		PRESENT		c3ad790a-d426-4ac1-8e32-da61f81f0117	18.35072	-67.26688					4.0	4.0	2015-08		8	2015	2278861	2278861	HUMAN_OBSERVATION							CC0_1_0	Departament of Natural and Environmental Resources of Puerto Rico				2025-07-31T12:10:34.885Z		GEODETIC_DATUM_INVALID;GEODETIC_DATUM_ASSUMED_WGS84;CONTINENT_DERIVED_FROM_COORDINATES;REFERENCES_URI_INVALID
2595262645	b3b7d5c4-f73a-475b-a203-c6a1ddd040cd	2015_Tres Palmas 5m_3aEchinometra_lucunter	Animalia	Echinodermata	Echinoidea	Camarodonta	Echinometridae	Echinometra	Echinometra lucunter		SPECIES	Echinometra lucunter (Linnaeus, 1758)	Echinometra lucunter		PR	Tres Palmas 5m		PRESENT		c3ad790a-d426-4ac1-8e32-da61f81f0117	18.35072	-67.26688					4.0	4.0	2015-08		8	2015	2278861	2278861	HUMAN_OBSERVATION							CC0_1_0	Departament of Natural and Environmental Resources of Puerto Rico				2025-07-31T12:10:11.802Z		GEODETIC_DATUM_INVALID;GEODETIC_DATUM_ASSUMED_WGS84;CONTINENT_DERIVED_FROM_COORDINATES;REFERENCES_URI_INVALID
2595218395	b3b7d5c4-f73a-475b-a203-c6a1ddd040cd	2015_Reserva Isla Verde_5aEchinometra_lucunter	Animalia	Echinodermata	Echinoidea	Camarodonta	Echinometridae	Echinometra	Echinometra lucunter		SPECIES	Echinometra lucunter (Linnaeus, 1758)	Echinometra lucunter		PR	Reserva Isla Verde		PRESENT		c3ad790a-d426-4ac1-8e32-da61f81f0117	18.44883	-66.01738					4.0	4.0	2015-10		10	2015	2278861	2278861	HUMAN_OBSERVATION							CC0_1_0	Departament of Natural and Environmental Resources of Puerto Rico				2025-07-31T12:10:34.160Z		GEODETIC_DATUM_INVALID;GEODETIC_DATUM_ASSUMED_WGS84;CONTINENT_DERIVED_FROM_COORDINATES;REFERENCES_URI_INVALID
2595216654	b3b7d5c4-f73a-475b-a203-c6a1ddd040cd	2015_Reserva Isla Verde_4aEchinometra_lucunter	Animalia	Echinodermata	Echinoidea	Camarodonta	Echinometridae	Echinometra	Echinometra lucunter		SPECIES	Echinometra lucunter (Linnaeus, 1758)	Echinometra lucunter		PR	Reserva Isla Verde		PRESENT		c3ad790a-d426-4ac1-8e32-da61f81f0117	18.44883	-66.01738					4.0	4.0	2015-10		10	2015	2278861	2278861	HUMAN_OBSERVATION							CC0_1_0	Departament of Natural and Environmental Resources of Puerto Rico				2025-07-31T12:10:10.221Z		GEODETIC_DATUM_INVALID;GEODETIC_DATUM_ASSUMED_WGS84;CONTINENT_DERIVED_FROM_COORDINATES;REFERENCES_URI_INVALID
2595216243	b3b7d5c4-f73a-475b-a203-c6a1ddd040cd	2015_Reserva Isla Verde_2aEchinometra_lucunter	Animalia	Echinodermata	Echinoidea	Camarodonta	Echinometridae	Echinometra	Echinometra lucunter		SPECIES	Echinometra lucunter (Linnaeus, 1758)	Echinometra lucunter		PR	Reserva Isla Verde		PRESENT		c3ad790a-d426-4ac1-8e32-da61f81f0117	18.44883	-66.01738					4.0	4.0	2015-10		10	2015	2278861	2278861	HUMAN_OBSERVATION							CC0_1_0	Departament of Natural and Environmental Resources of Puerto Rico				2025-07-31T12:10:34.148Z		GEODETIC_DATUM_INVALID;GEODETIC_DATUM_ASSUMED_WGS84;CONTINENT_DERIVED_FROM_COORDINATES;REFERENCES_URI_INVALID
2595215119	b3b7d5c4-f73a-475b-a203-c6a1ddd040cd	2015_Reserva Isla Verde_3aEchinometra_lucunter	Animalia	Echinodermata	Echinoidea	Camarodonta	Echinometridae	Echinometra	Echinometra lucunter		SPECIES	Echinometra lucunter (Linnaeus, 1758)	Echinometra lucunter		PR	Reserva Isla Verde		PRESENT		c3ad790a-d426-4ac1-8e32-da61f81f0117	18.44883	-66.01738					4.0	4.0	2015-10		10	2015	2278861	2278861	HUMAN_OBSERVATION							CC0_1_0	Departament of Natural and Environmental Resources of Puerto Rico				2025-07-31T12:10:29.052Z		GEODETIC_DATUM_INVALID;GEODETIC_DATUM_ASSUMED_WGS84;CONTINENT_DERIVED_FROM_COORDINATES;REFERENCES_URI_INVALID
2595155871	b3b7d5c4-f73a-475b-a203-c6a1ddd040cd	2015_Cayo Aurora_4aEchinometra_lucunter	Animalia	Echinodermata	Echinoidea	Camarodonta	Echinometridae	Echinometra	Echinometra lucunter		SPECIES	Echinometra lucunter (Linnaeus, 1758)	Echinometra lucunter		PR	Cayo Aurora		PRESENT		c3ad790a-d426-4ac1-8e32-da61f81f0117	17.93657	-66.87385					4.0	4.0	2015-10		10	2015	2278861	2278861	HUMAN_OBSERVATION							CC0_1_0	Departament of Natural and Environmental Resources of Puerto Rico				2025-07-31T12:10:22.512Z		GEODETIC_DATUM_INVALID;GEODETIC_DATUM_ASSUMED_WGS84;CONTINENT_DERIVED_FROM_COORDINATES;REFERENCES_URI_INVALID
2595151356	b3b7d5c4-f73a-475b-a203-c6a1ddd040cd	2015_Cayo Aurora_5aEchinometra_lucunter	Animalia	Echinodermata	Echinoidea	Camarodonta	Echinometridae	Echinometra	Echinometra lucunter		SPECIES	Echinometra lucunter (Linnaeus, 1758)	Echinometra lucunter		PR	Cayo Aurora		PRESENT		c3ad790a-d426-4ac1-8e32-da61f81f0117	17.93657	-66.87385					4.0	4.0	2015-10		10	2015	2278861	2278861	HUMAN_OBSERVATION							CC0_1_0	Departament of Natural and Environmental Resources of Puerto Rico				2025-07-31T12:10:16.587Z		GEODETIC_DATUM_INVALID;GEODETIC_DATUM_ASSUMED_WGS84;CONTINENT_DERIVED_FROM_COORDINATES;REFERENCES_URI_INVALID
2595146957	b3b7d5c4-f73a-475b-a203-c6a1ddd040cd	2015_Cayo Aurora_1aEchinometra_lucunter	Animalia	Echinodermata	Echinoidea	Camarodonta	Echinometridae	Echinometra	Echinometra lucunter		SPECIES	Echinometra lucunter (Linnaeus, 1758)	Echinometra lucunter		PR	Cayo Aurora		PRESENT		c3ad790a-d426-4ac1-8e32-da61f81f0117	17.93657	-66.87385					4.0	4.0	2015-10		10	2015	2278861	2278861	HUMAN_OBSERVATION							CC0_1_0	Departament of Natural and Environmental Resources of Puerto Rico				2025-07-31T12:10:33.640Z		GEODETIC_DATUM_INVALID;GEODETIC_DATUM_ASSUMED_WGS84;CONTINENT_DERIVED_FROM_COORDINATES;REFERENCES_URI_INVALID
2595146620	b3b7d5c4-f73a-475b-a203-c6a1ddd040cd	2015_Cayo Aurora_3aEchinometra_lucunter	Animalia	Echinodermata	Echinoidea	Camarodonta	Echinometridae	Echinometra	Echinometra lucunter		SPECIES	Echinometra lucunter (Linnaeus, 1758)	Echinometra lucunter		PR	Cayo Aurora		PRESENT		c3ad790a-d426-4ac1-8e32-da61f81f0117	17.93657	-66.87385					4.0	4.0	2015-10		10	2015	2278861	2278861	HUMAN_OBSERVATION							CC0_1_0	Departament of Natural and Environmental Resources of Puerto Rico				2025-07-31T12:10:09.702Z		GEODETIC_DATUM_INVALID;GEODETIC_DATUM_ASSUMED_WGS84;CONTINENT_DERIVED_FROM_COORDINATES;REFERENCES_URI_INVALID
2595146417	b3b7d5c4-f73a-475b-a203-c6a1ddd040cd	2015_Cayo Aurora_2aEchinometra_lucunter	Animalia	Echinodermata	Echinoidea	Camarodonta	Echinometridae	Echinometra	Echinometra lucunter		SPECIES	Echinometra lucunter (Linnaeus, 1758)	Echinometra lucunter		PR	Cayo Aurora		PRESENT		c3ad790a-d426-4ac1-8e32-da61f81f0117	17.93657	-66.87385					4.0	4.0	2015-10		10	2015	2278861	2278861	HUMAN_OBSERVATION							CC0_1_0	Departament of Natural and Environmental Resources of Puerto Rico				2025-07-31T12:10:28.510Z		GEODETIC_DATUM_INVALID;GEODETIC_DATUM_ASSUMED_WGS84;CONTINENT_DERIVED_FROM_COORDINATES;REFERENCES_URI_INVALID
2595136307	b3b7d5c4-f73a-475b-a203-c6a1ddd040cd	2013_Tres Palmas 5m_5aEchinometra_lucunter	Animalia	Echinodermata	Echinoidea	Camarodonta	Echinometridae	Echinometra	Echinometra lucunter		SPECIES	Echinometra lucunter (Linnaeus, 1758)	Echinometra lucunter		PR	Tres Palmas 5m		PRESENT		c3ad790a-d426-4ac1-8e32-da61f81f0117	18.35072	-67.26688					4.0	4.0	2013-03		3	2013	2278861	2278861	HUMAN_OBSERVATION							CC0_1_0	Departament of Natural and Environmental Resources of Puerto Rico				2025-07-31T12:10:18.182Z		GEODETIC_DATUM_INVALID;GEODETIC_DATUM_ASSUMED_WGS84;CONTINENT_DERIVED_FROM_COORDINATES;REFERENCES_URI_INVALID
2595134898	b3b7d5c4-f73a-475b-a203-c6a1ddd040cd	2013_Tres Palmas 5m_2aEchinometra_lucunter	Animalia	Echinodermata	Echinoidea	Camarodonta	Echinometridae	Echinometra	Echinometra lucunter		SPECIES	Echinometra lucunter (Linnaeus, 1758)	Echinometra lucunter		PR	Tres Palmas 5m		PRESENT		c3ad790a-d426-4ac1-8e32-da61f81f0117	18.35072	-67.26688					4.0	4.0	2013-03		3	2013	2278861	2278861	HUMAN_OBSERVATION							CC0_1_0	Departament of Natural and Environmental Resources of Puerto Rico				2025-07-31T12:10:30.398Z		GEODETIC_DATUM_INVALID;GEODETIC_DATUM_ASSUMED_WGS84;CONTINENT_DERIVED_FROM_COORDINATES;REFERENCES_URI_INVALID
2595134268	b3b7d5c4-f73a-475b-a203-c6a1ddd040cd	2013_Tres Palmas 5m_1aEchinometra_lucunter	Animalia	Echinodermata	Echinoidea	Camarodonta	Echinometridae	Echinometra	Echinometra lucunter		SPECIES	Echinometra lucunter (Linnaeus, 1758)	Echinometra lucunter		PR	Tres Palmas 5m		PRESENT		c3ad790a-d426-4ac1-8e32-da61f81f0117	18.35072	-67.26688					4.0	4.0	2013-03		3	2013	2278861	2278861	HUMAN_OBSERVATION							CC0_1_0	Departament of Natural and Environmental Resources of Puerto Rico				2025-07-31T12:10:18.178Z		GEODETIC_DATUM_INVALID;GEODETIC_DATUM_ASSUMED_WGS84;CONTINENT_DERIVED_FROM_COORDINATES;REFERENCES_URI_INVALID
2595133243	b3b7d5c4-f73a-475b-a203-c6a1ddd040cd	2013_Tres Palmas 5m_4aEchinometra_lucunter	Animalia	Echinodermata	Echinoidea	Camarodonta	Echinometridae	Echinometra	Echinometra lucunter		SPECIES	Echinometra lucunter (Linnaeus, 1758)	Echinometra lucunter		PR	Tres Palmas 5m		PRESENT		c3ad790a-d426-4ac1-8e32-da61f81f0117	18.35072	-67.26688					4.0	4.0	2013-03		3	2013	2278861	2278861	HUMAN_OBSERVATION							CC0_1_0	Departament of Natural and Environmental Resources of Puerto Rico				2025-07-31T12:10:34.762Z		GEODETIC_DATUM_INVALID;GEODETIC_DATUM_ASSUMED_WGS84;CONTINENT_DERIVED_FROM_COORDINATES;REFERENCES_URI_INVALID
2595132697	b3b7d5c4-f73a-475b-a203-c6a1ddd040cd	2013_Tres Palmas 5m_3aEchinometra_lucunter	Animalia	Echinodermata	Echinoidea	Camarodonta	Echinometridae	Echinometra	Echinometra lucunter		SPECIES	Echinometra lucunter (Linnaeus, 1758)	Echinometra lucunter		PR	Tres Palmas 5m		PRESENT		c3ad790a-d426-4ac1-8e32-da61f81f0117	18.35072	-67.26688					4.0	4.0	2013-03		3	2013	2278861	2278861	HUMAN_OBSERVATION							CC0_1_0	Departament of Natural and Environmental Resources of Puerto Rico				2025-07-31T12:10:24.131Z		GEODETIC_DATUM_INVALID;GEODETIC_DATUM_ASSUMED_WGS84;CONTINENT_DERIVED_FROM_COORDINATES;REFERENCES_URI_INVALID
2595101431	b3b7d5c4-f73a-475b-a203-c6a1ddd040cd	2013_Esperanza_3aEchinometra_lucunter	Animalia	Echinodermata	Echinoidea	Camarodonta	Echinometridae	Echinometra	Echinometra lucunter		SPECIES	Echinometra lucunter (Linnaeus, 1758)	Echinometra lucunter		PR	Esperanza		PRESENT		c3ad790a-d426-4ac1-8e32-da61f81f0117	18.08057	-65.48794					11.0	3.0	2013-10		10	2013	2278861	2278861	HUMAN_OBSERVATION							CC0_1_0	Departament of Natural and Environmental Resources of Puerto Rico				2025-07-31T12:10:34.419Z		GEODETIC_DATUM_INVALID;GEODETIC_DATUM_ASSUMED_WGS84;CONTINENT_DERIVED_FROM_COORDINATES;REFERENCES_URI_INVALID
2595100720	b3b7d5c4-f73a-475b-a203-c6a1ddd040cd	2013_Esperanza_1aEchinometra_lucunter	Animalia	Echinodermata	Echinoidea	Camarodonta	Echinometridae	Echinometra	Echinometra lucunter		SPECIES	Echinometra lucunter (Linnaeus, 1758)	Echinometra lucunter		PR	Esperanza		PRESENT		c3ad790a-d426-4ac1-8e32-da61f81f0117	18.08057	-65.48794					11.0	3.0	2013-10		10	2013	2278861	2278861	HUMAN_OBSERVATION							CC0_1_0	Departament of Natural and Environmental Resources of Puerto Rico				2025-07-31T12:10:29.535Z		GEODETIC_DATUM_INVALID;GEODETIC_DATUM_ASSUMED_WGS84;CONTINENT_DERIVED_FROM_COORDINATES;REFERENCES_URI_INVALID
2595074577	b3b7d5c4-f73a-475b-a203-c6a1ddd040cd	2011_Tres Palmas 5m_2aEchinometra_lucunter	Animalia	Echinodermata	Echinoidea	Camarodonta	Echinometridae	Echinometra	Echinometra lucunter		SPECIES	Echinometra lucunter (Linnaeus, 1758)	Echinometra lucunter		PR	Tres Palmas 5m		PRESENT		c3ad790a-d426-4ac1-8e32-da61f81f0117	18.35072	-67.26688					4.0	4.0	2011-09		9	2011	2278861	2278861	HUMAN_OBSERVATION							CC0_1_0	Departament of Natural and Environmental Resources of Puerto Rico				2025-07-31T12:10:11.440Z		GEODETIC_DATUM_INVALID;GEODETIC_DATUM_ASSUMED_WGS84;CONTINENT_DERIVED_FROM_COORDINATES;REFERENCES_URI_INVALID
2595073575	b3b7d5c4-f73a-475b-a203-c6a1ddd040cd	2011_Tres Palmas 5m_4aEchinometra_lucunter	Animalia	Echinodermata	Echinoidea	Camarodonta	Echinometridae	Echinometra	Echinometra lucunter		SPECIES	Echinometra lucunter (Linnaeus, 1758)	Echinometra lucunter		PR	Tres Palmas 5m		PRESENT		c3ad790a-d426-4ac1-8e32-da61f81f0117	18.35072	-67.26688					4.0	4.0	2011-09		9	2011	2278861	2278861	HUMAN_OBSERVATION							CC0_1_0	Departament of Natural and Environmental Resources of Puerto Rico				2025-07-31T12:10:18.044Z		GEODETIC_DATUM_INVALID;GEODETIC_DATUM_ASSUMED_WGS84;CONTINENT_DERIVED_FROM_COORDINATES;REFERENCES_URI_INVALID
2595073238	b3b7d5c4-f73a-475b-a203-c6a1ddd040cd	2011_Tres Palmas 5m_1aEchinometra_lucunter	Animalia	Echinodermata	Echinoidea	Camarodonta	Echinometridae	Echinometra	Echinometra lucunter		SPECIES	Echinometra lucunter (Linnaeus, 1758)	Echinometra lucunter		PR	Tres Palmas 5m		PRESENT		c3ad790a-d426-4ac1-8e32-da61f81f0117	18.35072	-67.26688					4.0	4.0	2011-09		9	2011	2278861	2278861	HUMAN_OBSERVATION							CC0_1_0	Departament of Natural and Environmental Resources of Puerto Rico				2025-07-31T12:10:18.041Z		GEODETIC_DATUM_INVALID;GEODETIC_DATUM_ASSUMED_WGS84;CONTINENT_DERIVED_FROM_COORDINATES;REFERENCES_URI_INVALID
2595072845	b3b7d5c4-f73a-475b-a203-c6a1ddd040cd	2011_Tres Palmas 5m_3aEchinometra_lucunter	Animalia	Echinodermata	Echinoidea	Camarodonta	Echinometridae	Echinometra	Echinometra lucunter		SPECIES	Echinometra lucunter (Linnaeus, 1758)	Echinometra lucunter		PR	Tres Palmas 5m		PRESENT		c3ad790a-d426-4ac1-8e32-da61f81f0117	18.35072	-67.26688					4.0	4.0	2011-09		9	2011	2278861	2278861	HUMAN_OBSERVATION							CC0_1_0	Departament of Natural and Environmental Resources of Puerto Rico				2025-07-31T12:10:24.006Z		GEODETIC_DATUM_INVALID;GEODETIC_DATUM_ASSUMED_WGS84;CONTINENT_DERIVED_FROM_COORDINATES;REFERENCES_URI_INVALID
2595048717	b3b7d5c4-f73a-475b-a203-c6a1ddd040cd	2011_Cayo Aurora_4aEchinometra_lucunter	Animalia	Echinodermata	Echinoidea	Camarodonta	Echinometridae	Echinometra	Echinometra lucunter		SPECIES	Echinometra lucunter (Linnaeus, 1758)	Echinometra lucunter		PR	Cayo Aurora		PRESENT		c3ad790a-d426-4ac1-8e32-da61f81f0117	17.93657	-66.87385					4.0	4.0	2011-07		7	2011	2278861	2278861	HUMAN_OBSERVATION							CC0_1_0	Departament of Natural and Environmental Resources of Puerto Rico				2025-07-31T12:10:16.351Z		GEODETIC_DATUM_INVALID;GEODETIC_DATUM_ASSUMED_WGS84;CONTINENT_DERIVED_FROM_COORDINATES;REFERENCES_URI_INVALID
2595047290	b3b7d5c4-f73a-475b-a203-c6a1ddd040cd	2011_Cayo Aurora_5aEchinometra_lucunter	Animalia	Echinodermata	Echinoidea	Camarodonta	Echinometridae	Echinometra	Echinometra lucunter		SPECIES	Echinometra lucunter (Linnaeus, 1758)	Echinometra lucunter		PR	Cayo Aurora		PRESENT		c3ad790a-d426-4ac1-8e32-da61f81f0117	17.93657	-66.87385					4.0	4.0	2011-07		7	2011	2278861	2278861	HUMAN_OBSERVATION							CC0_1_0	Departament of Natural and Environmental Resources of Puerto Rico				2025-07-31T12:10:09.383Z		GEODETIC_DATUM_INVALID;GEODETIC_DATUM_ASSUMED_WGS84;CONTINENT_DERIVED_FROM_COORDINATES;REFERENCES_URI_INVALID
2595047042	b3b7d5c4-f73a-475b-a203-c6a1ddd040cd	2011_Cayo Aurora_3aEchinometra_lucunter	Animalia	Echinodermata	Echinoidea	Camarodonta	Echinometridae	Echinometra	Echinometra lucunter		SPECIES	Echinometra lucunter (Linnaeus, 1758)	Echinometra lucunter		PR	Cayo Aurora		PRESENT		c3ad790a-d426-4ac1-8e32-da61f81f0117	17.93657	-66.87385					4.0	4.0	2011-07		7	2011	2278861	2278861	HUMAN_OBSERVATION							CC0_1_0	Departament of Natural and Environmental Resources of Puerto Rico				2025-07-31T12:10:33.450Z		GEODETIC_DATUM_INVALID;GEODETIC_DATUM_ASSUMED_WGS84;CONTINENT_DERIVED_FROM_COORDINATES;REFERENCES_URI_INVALID
2595042048	b3b7d5c4-f73a-475b-a203-c6a1ddd040cd	2010_Tres Palmas 5m_3aEchinometra_lucunter	Animalia	Echinodermata	Echinoidea	Camarodonta	Echinometridae	Echinometra	Echinometra lucunter		SPECIES	Echinometra lucunter (Linnaeus, 1758)	Echinometra lucunter		PR	Tres Palmas 5m		PRESENT		c3ad790a-d426-4ac1-8e32-da61f81f0117	18.35072	-67.26688					4.0	4.0	2010-09		9	2010	2278861	2278861	HUMAN_OBSERVATION							CC0_1_0	Departament of Natural and Environmental Resources of Puerto Rico				2025-07-31T12:10:30.245Z		GEODETIC_DATUM_INVALID;GEODETIC_DATUM_ASSUMED_WGS84;CONTINENT_DERIVED_FROM_COORDINATES;REFERENCES_URI_INVALID
2595042041	b3b7d5c4-f73a-475b-a203-c6a1ddd040cd	2010_Tres Palmas 5m_2aEchinometra_lucunter	Animalia	Echinodermata	Echinoidea	Camarodonta	Echinometridae	Echinometra	Echinometra lucunter		SPECIES	Echinometra lucunter (Linnaeus, 1758)	Echinometra lucunter		PR	Tres Palmas 5m		PRESENT		c3ad790a-d426-4ac1-8e32-da61f81f0117	18.35072	-67.26688					4.0	4.0	2010-09		9	2010	2278861	2278861	HUMAN_OBSERVATION							CC0_1_0	Departament of Natural and Environmental Resources of Puerto Rico				2025-07-31T12:10:34.632Z		GEODETIC_DATUM_INVALID;GEODETIC_DATUM_ASSUMED_WGS84;CONTINENT_DERIVED_FROM_COORDINATES;REFERENCES_URI_INVALID
2595041802	b3b7d5c4-f73a-475b-a203-c6a1ddd040cd	2010_Tres Palmas 5m_1aEchinometra_lucunter	Animalia	Echinodermata	Echinoidea	Camarodonta	Echinometridae	Echinometra	Echinometra lucunter		SPECIES	Echinometra lucunter (Linnaeus, 1758)	Echinometra lucunter		PR	Tres Palmas 5m		PRESENT		c3ad790a-d426-4ac1-8e32-da61f81f0117	18.35072	-67.26688					4.0	4.0	2010-09		9	2010	2278861	2278861	HUMAN_OBSERVATION							CC0_1_0	Departament of Natural and Environmental Resources of Puerto Rico				2025-07-31T12:10:23.895Z		GEODETIC_DATUM_INVALID;GEODETIC_DATUM_ASSUMED_WGS84;CONTINENT_DERIVED_FROM_COORDINATES;REFERENCES_URI_INVALID
2595016722	b3b7d5c4-f73a-475b-a203-c6a1ddd040cd	2010_Las Carmelitas_1aEchinometra_lucunter	Animalia	Echinodermata	Echinoidea	Camarodonta	Echinometridae	Echinometra	Echinometra lucunter		SPECIES	Echinometra lucunter (Linnaeus, 1758)	Echinometra lucunter		PR	Las Carmelitas		PRESENT		c3ad790a-d426-4ac1-8e32-da61f81f0117	18.09872	-67.93833					11.0	3.0	2010-08		8	2010	2278861	2278861	HUMAN_OBSERVATION							CC0_1_0	Departament of Natural and Environmental Resources of Puerto Rico				2025-07-31T12:10:34.589Z		GEODETIC_DATUM_INVALID;GEODETIC_DATUM_ASSUMED_WGS84;CONTINENT_DERIVED_FROM_COORDINATES;REFERENCES_URI_INVALID
2595009342	b3b7d5c4-f73a-475b-a203-c6a1ddd040cd	2009_Tres Palmas 5m_2aEchinometra_lucunter	Animalia	Echinodermata	Echinoidea	Camarodonta	Echinometridae	Echinometra	Echinometra lucunter		SPECIES	Echinometra lucunter (Linnaeus, 1758)	Echinometra lucunter		PR	Tres Palmas 5m		PRESENT		c3ad790a-d426-4ac1-8e32-da61f81f0117	18.35072	-67.26688					4.0	4.0	2009-06		6	2009	2278861	2278861	HUMAN_OBSERVATION							CC0_1_0	Departament of Natural and Environmental Resources of Puerto Rico				2025-07-31T12:10:30.181Z		GEODETIC_DATUM_INVALID;GEODETIC_DATUM_ASSUMED_WGS84;CONTINENT_DERIVED_FROM_COORDINATES;REFERENCES_URI_INVALID
2595007229	b3b7d5c4-f73a-475b-a203-c6a1ddd040cd	2009_Tres Palmas 5m_3aEchinometra_lucunter	Animalia	Echinodermata	Echinoidea	Camarodonta	Echinometridae	Echinometra	Echinometra lucunter		SPECIES	Echinometra lucunter (Linnaeus, 1758)	Echinometra lucunter		PR	Tres Palmas 5m		PRESENT		c3ad790a-d426-4ac1-8e32-da61f81f0117	18.35072	-67.26688					4.0	4.0	2009-06		6	2009	2278861	2278861	HUMAN_OBSERVATION							CC0_1_0	Departament of Natural and Environmental Resources of Puerto Rico				2025-07-31T12:10:11.234Z		GEODETIC_DATUM_INVALID;GEODETIC_DATUM_ASSUMED_WGS84;CONTINENT_DERIVED_FROM_COORDINATES;REFERENCES_URI_INVALID
2594977872	b3b7d5c4-f73a-475b-a203-c6a1ddd040cd	2008_West Reef_5aEchinometra_lucunter	Animalia	Echinodermata	Echinoidea	Camarodonta	Echinometridae	Echinometra	Echinometra lucunter		SPECIES	Echinometra lucunter (Linnaeus, 1758)	Echinometra lucunter		PR	West Reef		PRESENT		c3ad790a-d426-4ac1-8e32-da61f81f0117	17.89507	-66.52824					4.0	4.0	2008-03		3	2008	2278861	2278861	HUMAN_OBSERVATION							CC0_1_0	Departament of Natural and Environmental Resources of Puerto Rico				2025-07-31T12:10:17.080Z		GEODETIC_DATUM_INVALID;GEODETIC_DATUM_ASSUMED_WGS84;CONTINENT_DERIVED_FROM_COORDINATES;REFERENCES_URI_INVALID
2594976841	b3b7d5c4-f73a-475b-a203-c6a1ddd040cd	2008_West Reef_3aEchinometra_lucunter	Animalia	Echinodermata	Echinoidea	Camarodonta	Echinometridae	Echinometra	Echinometra lucunter		SPECIES	Echinometra lucunter (Linnaeus, 1758)	Echinometra lucunter		PR	West Reef		PRESENT		c3ad790a-d426-4ac1-8e32-da61f81f0117	17.89507	-66.52824					4.0	4.0	2008-03		3	2008	2278861	2278861	HUMAN_OBSERVATION							CC0_1_0	Departament of Natural and Environmental Resources of Puerto Rico				2025-07-31T12:10:10.137Z		GEODETIC_DATUM_INVALID;GEODETIC_DATUM_ASSUMED_WGS84;CONTINENT_DERIVED_FROM_COORDINATES;REFERENCES_URI_INVALID
2594975174	b3b7d5c4-f73a-475b-a203-c6a1ddd040cd	2008_Tres Palmas 5m_3aEchinometra_lucunter	Animalia	Echinodermata	Echinoidea	Camarodonta	Echinometridae	Echinometra	Echinometra lucunter		SPECIES	Echinometra lucunter (Linnaeus, 1758)	Echinometra lucunter		PR	Tres Palmas 5m		PRESENT		c3ad790a-d426-4ac1-8e32-da61f81f0117	18.35072	-67.26688					4.0	4.0	2008-06		6	2008	2278861	2278861	HUMAN_OBSERVATION							CC0_1_0	Departament of Natural and Environmental Resources of Puerto Rico				2025-07-31T12:10:17.869Z		GEODETIC_DATUM_INVALID;GEODETIC_DATUM_ASSUMED_WGS84;CONTINENT_DERIVED_FROM_COORDINATES;REFERENCES_URI_INVALID
2594946622	b3b7d5c4-f73a-475b-a203-c6a1ddd040cd	2007_West Reef_3aEchinometra_lucunter	Animalia	Echinodermata	Echinoidea	Camarodonta	Echinometridae	Echinometra	Echinometra lucunter		SPECIES	Echinometra lucunter (Linnaeus, 1758)	Echinometra lucunter		PR	West Reef		PRESENT		c3ad790a-d426-4ac1-8e32-da61f81f0117	17.89507	-66.52824					4.0	4.0	2007-03		3	2007	2278861	2278861	HUMAN_OBSERVATION							CC0_1_0	Departament of Natural and Environmental Resources of Puerto Rico				2025-07-31T12:10:21.999Z		GEODETIC_DATUM_INVALID;GEODETIC_DATUM_ASSUMED_WGS84;CONTINENT_DERIVED_FROM_COORDINATES;REFERENCES_URI_INVALID
2594945078	b3b7d5c4-f73a-475b-a203-c6a1ddd040cd	2007_Tres Palmas 5m_5aEchinometra_lucunter	Animalia	Echinodermata	Echinoidea	Camarodonta	Echinometridae	Echinometra	Echinometra lucunter		SPECIES	Echinometra lucunter (Linnaeus, 1758)	Echinometra lucunter		PR	Tres Palmas 5m		PRESENT		c3ad790a-d426-4ac1-8e32-da61f81f0117	18.35072	-67.26688					4.0	4.0	2007-06		6	2007	2278861	2278861	HUMAN_OBSERVATION							CC0_1_0	Departament of Natural and Environmental Resources of Puerto Rico				2025-07-31T12:10:30.006Z		GEODETIC_DATUM_INVALID;GEODETIC_DATUM_ASSUMED_WGS84;CONTINENT_DERIVED_FROM_COORDINATES;REFERENCES_URI_INVALID
2594944780	b3b7d5c4-f73a-475b-a203-c6a1ddd040cd	2007_West Reef_5aEchinometra_lucunter	Animalia	Echinodermata	Echinoidea	Camarodonta	Echinometridae	Echinometra	Echinometra lucunter		SPECIES	Echinometra lucunter (Linnaeus, 1758)	Echinometra lucunter		PR	West Reef		PRESENT		c3ad790a-d426-4ac1-8e32-da61f81f0117	17.89507	-66.52824					4.0	4.0	2007-03		3	2007	2278861	2278861	HUMAN_OBSERVATION							CC0_1_0	Departament of Natural and Environmental Resources of Puerto Rico				2025-07-31T12:10:29.167Z		GEODETIC_DATUM_INVALID;GEODETIC_DATUM_ASSUMED_WGS84;CONTINENT_DERIVED_FROM_COORDINATES;REFERENCES_URI_INVALID
2594943701	b3b7d5c4-f73a-475b-a203-c6a1ddd040cd	2007_Tres Palmas 5m_4aEchinometra_lucunter	Animalia	Echinodermata	Echinoidea	Camarodonta	Echinometridae	Echinometra	Echinometra lucunter		SPECIES	Echinometra lucunter (Linnaeus, 1758)	Echinometra lucunter		PR	Tres Palmas 5m		PRESENT		c3ad790a-d426-4ac1-8e32-da61f81f0117	18.35072	-67.26688					4.0	4.0	2007-06		6	2007	2278861	2278861	HUMAN_OBSERVATION							CC0_1_0	Departament of Natural and Environmental Resources of Puerto Rico				2025-07-31T12:10:34.448Z		GEODETIC_DATUM_INVALID;GEODETIC_DATUM_ASSUMED_WGS84;CONTINENT_DERIVED_FROM_COORDINATES;REFERENCES_URI_INVALID
2594942201	b3b7d5c4-f73a-475b-a203-c6a1ddd040cd	2007_Tres Palmas 5m_2aEchinometra_lucunter	Animalia	Echinodermata	Echinoidea	Camarodonta	Echinometridae	Echinometra	Echinometra lucunter		SPECIES	Echinometra lucunter (Linnaeus, 1758)	Echinometra lucunter		PR	Tres Palmas 5m		PRESENT		c3ad790a-d426-4ac1-8e32-da61f81f0117	18.35072	-67.26688					4.0	4.0	2007-06		6	2007	2278861	2278861	HUMAN_OBSERVATION							CC0_1_0	Departament of Natural and Environmental Resources of Puerto Rico				2025-07-31T12:10:30.001Z		GEODETIC_DATUM_INVALID;GEODETIC_DATUM_ASSUMED_WGS84;CONTINENT_DERIVED_FROM_COORDINATES;REFERENCES_URI_INVALID
2594938684	b3b7d5c4-f73a-475b-a203-c6a1ddd040cd	2007_Tres Palmas 10m_1aEchinometra_lucunter	Animalia	Echinodermata	Echinoidea	Camarodonta	Echinometridae	Echinometra	Echinometra lucunter		SPECIES	Echinometra lucunter (Linnaeus, 1758)	Echinometra lucunter		PR	Tres Palmas 10m		PRESENT		c3ad790a-d426-4ac1-8e32-da61f81f0117	18.34732	-67.26997					11.0	3.0	2007-06		6	2007	2278861	2278861	HUMAN_OBSERVATION							CC0_1_0	Departament of Natural and Environmental Resources of Puerto Rico				2025-07-31T12:10:25.771Z		GEODETIC_DATUM_INVALID;GEODETIC_DATUM_ASSUMED_WGS84;CONTINENT_DERIVED_FROM_COORDINATES;REFERENCES_URI_INVALID
2594915506	b3b7d5c4-f73a-475b-a203-c6a1ddd040cd	2006_Tres Palmas 5m_3aEchinometra_lucunter	Animalia	Echinodermata	Echinoidea	Camarodonta	Echinometridae	Echinometra	Echinometra lucunter		SPECIES	Echinometra lucunter (Linnaeus, 1758)	Echinometra lucunter		PR	Tres Palmas 5m		PRESENT		c3ad790a-d426-4ac1-8e32-da61f81f0117	18.35072	-67.26688					4.0	4.0	2006-06		6	2006	2278861	2278861	HUMAN_OBSERVATION							CC0_1_0	Departament of Natural and Environmental Resources of Puerto Rico				2025-07-31T12:10:29.926Z		GEODETIC_DATUM_INVALID;GEODETIC_DATUM_ASSUMED_WGS84;CONTINENT_DERIVED_FROM_COORDINATES;REFERENCES_URI_INVALID
2594914681	b3b7d5c4-f73a-475b-a203-c6a1ddd040cd	2006_Tres Palmas 5m_4aEchinometra_lucunter	Animalia	Echinodermata	Echinoidea	Camarodonta	Echinometridae	Echinometra	Echinometra lucunter		SPECIES	Echinometra lucunter (Linnaeus, 1758)	Echinometra lucunter		PR	Tres Palmas 5m		PRESENT		c3ad790a-d426-4ac1-8e32-da61f81f0117	18.35072	-67.26688					4.0	4.0	2006-06		6	2006	2278861	2278861	HUMAN_OBSERVATION							CC0_1_0	Departament of Natural and Environmental Resources of Puerto Rico				2025-07-31T12:10:10.942Z		GEODETIC_DATUM_INVALID;GEODETIC_DATUM_ASSUMED_WGS84;CONTINENT_DERIVED_FROM_COORDINATES;REFERENCES_URI_INVALID
2594893206	b3b7d5c4-f73a-475b-a203-c6a1ddd040cd	2005_Tres Palmas 5m_3aEchinometra_lucunter	Animalia	Echinodermata	Echinoidea	Camarodonta	Echinometridae	Echinometra	Echinometra lucunter		SPECIES	Echinometra lucunter (Linnaeus, 1758)	Echinometra lucunter		PR	Tres Palmas 5m		PRESENT		c3ad790a-d426-4ac1-8e32-da61f81f0117	18.35072	-67.26688					4.0	4.0	2005-06		6	2005	2278861	2278861	HUMAN_OBSERVATION							CC0_1_0	Departament of Natural and Environmental Resources of Puerto Rico				2025-07-31T12:10:23.576Z		GEODETIC_DATUM_INVALID;GEODETIC_DATUM_ASSUMED_WGS84;CONTINENT_DERIVED_FROM_COORDINATES;REFERENCES_URI_INVALID
2594868407	b3b7d5c4-f73a-475b-a203-c6a1ddd040cd	2004_Tres Palmas 5m_4aEchinometra_lucunter	Animalia	Echinodermata	Echinoidea	Camarodonta	Echinometridae	Echinometra	Echinometra lucunter		SPECIES	Echinometra lucunter (Linnaeus, 1758)	Echinometra lucunter		PR	Tres Palmas 5m		PRESENT		c3ad790a-d426-4ac1-8e32-da61f81f0117	18.35072	-67.26688					4.0	4.0	2004-07		7	2004	2278861	2278861	HUMAN_OBSERVATION							CC0_1_0	Departament of Natural and Environmental Resources of Puerto Rico				2025-07-31T12:10:23.493Z		GEODETIC_DATUM_INVALID;GEODETIC_DATUM_ASSUMED_WGS84;CONTINENT_DERIVED_FROM_COORDINATES;REFERENCES_URI_INVALID
2594867750	b3b7d5c4-f73a-475b-a203-c6a1ddd040cd	2004_Tres Palmas 5m_3aEchinometra_lucunter	Animalia	Echinodermata	Echinoidea	Camarodonta	Echinometridae	Echinometra	Echinometra lucunter		SPECIES	Echinometra lucunter (Linnaeus, 1758)	Echinometra lucunter		PR	Tres Palmas 5m		PRESENT		c3ad790a-d426-4ac1-8e32-da61f81f0117	18.35072	-67.26688					4.0	4.0	2004-07		7	2004	2278861	2278861	HUMAN_OBSERVATION							CC0_1_0	Departament of Natural and Environmental Resources of Puerto Rico				2025-07-31T12:10:29.770Z		GEODETIC_DATUM_INVALID;GEODETIC_DATUM_ASSUMED_WGS84;CONTINENT_DERIVED_FROM_COORDINATES;REFERENCES_URI_INVALID
2594867041	b3b7d5c4-f73a-475b-a203-c6a1ddd040cd	2004_Tres Palmas 5m_2aEchinometra_lucunter	Animalia	Echinodermata	Echinoidea	Camarodonta	Echinometridae	Echinometra	Echinometra lucunter		SPECIES	Echinometra lucunter (Linnaeus, 1758)	Echinometra lucunter		PR	Tres Palmas 5m		PRESENT		c3ad790a-d426-4ac1-8e32-da61f81f0117	18.35072	-67.26688					4.0	4.0	2004-07		7	2004	2278861	2278861	HUMAN_OBSERVATION							CC0_1_0	Departament of Natural and Environmental Resources of Puerto Rico				2025-07-31T12:10:17.597Z		GEODETIC_DATUM_INVALID;GEODETIC_DATUM_ASSUMED_WGS84;CONTINENT_DERIVED_FROM_COORDINATES;REFERENCES_URI_INVALID
2594848737	b3b7d5c4-f73a-475b-a203-c6a1ddd040cd	2004_North Caballo Blanco_3aEchinometra_lucunter	Animalia	Echinodermata	Echinoidea	Camarodonta	Echinometridae	Echinometra	Echinometra lucunter		SPECIES	Echinometra lucunter (Linnaeus, 1758)	Echinometra lucunter		PR	North Caballo Blanco		PRESENT		c3ad790a-d426-4ac1-8e32-da61f81f0117	18.05532	-65.46715					4.0	4.0	2004-06		6	2004	2278861	2278861	HUMAN_OBSERVATION							CC0_1_0	Departament of Natural and Environmental Resources of Puerto Rico				2025-07-31T12:10:30.006Z		GEODETIC_DATUM_INVALID;GEODETIC_DATUM_ASSUMED_WGS84;CONTINENT_DERIVED_FROM_COORDINATES;REFERENCES_URI_INVALID
2594848193	b3b7d5c4-f73a-475b-a203-c6a1ddd040cd	2004_North Caballo Blanco_2aEchinometra_lucunter	Animalia	Echinodermata	Echinoidea	Camarodonta	Echinometridae	Echinometra	Echinometra lucunter		SPECIES	Echinometra lucunter (Linnaeus, 1758)	Echinometra lucunter		PR	North Caballo Blanco		PRESENT		c3ad790a-d426-4ac1-8e32-da61f81f0117	18.05532	-65.46715					4.0	4.0	2004-06		6	2004	2278861	2278861	HUMAN_OBSERVATION							CC0_1_0	Departament of Natural and Environmental Resources of Puerto Rico				2025-07-31T12:10:25.774Z		GEODETIC_DATUM_INVALID;GEODETIC_DATUM_ASSUMED_WGS84;CONTINENT_DERIVED_FROM_COORDINATES;REFERENCES_URI_INVALID
2594847531	b3b7d5c4-f73a-475b-a203-c6a1ddd040cd	2004_North Caballo Blanco_4aEchinometra_lucunter	Animalia	Echinodermata	Echinoidea	Camarodonta	Echinometridae	Echinometra	Echinometra lucunter		SPECIES	Echinometra lucunter (Linnaeus, 1758)	Echinometra lucunter		PR	North Caballo Blanco		PRESENT		c3ad790a-d426-4ac1-8e32-da61f81f0117	18.05532	-65.46715					4.0	4.0	2004-06		6	2004	2278861	2278861	HUMAN_OBSERVATION							CC0_1_0	Departament of Natural and Environmental Resources of Puerto Rico				2025-07-31T12:10:31.288Z		GEODETIC_DATUM_INVALID;GEODETIC_DATUM_ASSUMED_WGS84;CONTINENT_DERIVED_FROM_COORDINATES;REFERENCES_URI_INVALID
2594846947	b3b7d5c4-f73a-475b-a203-c6a1ddd040cd	2004_North Caballo Blanco_1aEchinometra_lucunter	Animalia	Echinodermata	Echinoidea	Camarodonta	Echinometridae	Echinometra	Echinometra lucunter		SPECIES	Echinometra lucunter (Linnaeus, 1758)	Echinometra lucunter		PR	North Caballo Blanco		PRESENT		c3ad790a-d426-4ac1-8e32-da61f81f0117	18.05532	-65.46715					4.0	4.0	2004-06		6	2004	2278861	2278861	HUMAN_OBSERVATION							CC0_1_0	Departament of Natural and Environmental Resources of Puerto Rico				2025-07-31T12:10:12.940Z		GEODETIC_DATUM_INVALID;GEODETIC_DATUM_ASSUMED_WGS84;CONTINENT_DERIVED_FROM_COORDINATES;REFERENCES_URI_INVALID
2594839444	b3b7d5c4-f73a-475b-a203-c6a1ddd040cd	2001_West Caballo Blanco_5aEchinometra_lucunter	Animalia	Echinodermata	Echinoidea	Camarodonta	Echinometridae	Echinometra	Echinometra lucunter		SPECIES	Echinometra lucunter (Linnaeus, 1758)	Echinometra lucunter		PR	West Caballo Blanco		PRESENT		c3ad790a-d426-4ac1-8e32-da61f81f0117	18.17162	-65.46877					4.0	4.0	2001-05		5	2001	2278861	2278861	HUMAN_OBSERVATION							CC0_1_0	Departament of Natural and Environmental Resources of Puerto Rico				2025-07-31T12:10:24.335Z		GEODETIC_DATUM_INVALID;GEODETIC_DATUM_ASSUMED_WGS84;CONTINENT_DERIVED_FROM_COORDINATES;REFERENCES_URI_INVALID
2594838103	b3b7d5c4-f73a-475b-a203-c6a1ddd040cd	2001_West Caballo Blanco_4aEchinometra_lucunter	Animalia	Echinodermata	Echinoidea	Camarodonta	Echinometridae	Echinometra	Echinometra lucunter		SPECIES	Echinometra lucunter (Linnaeus, 1758)	Echinometra lucunter		PR	West Caballo Blanco		PRESENT		c3ad790a-d426-4ac1-8e32-da61f81f0117	18.17162	-65.46877					4.0	4.0	2001-05		5	2001	2278861	2278861	HUMAN_OBSERVATION							CC0_1_0	Departament of Natural and Environmental Resources of Puerto Rico				2025-07-31T12:10:11.577Z		GEODETIC_DATUM_INVALID;GEODETIC_DATUM_ASSUMED_WGS84;CONTINENT_DERIVED_FROM_COORDINATES;REFERENCES_URI_INVALID
2594838072	b3b7d5c4-f73a-475b-a203-c6a1ddd040cd	2001_West Caballo Blanco_2aEchinometra_lucunter	Animalia	Echinodermata	Echinoidea	Camarodonta	Echinometridae	Echinometra	Echinometra lucunter		SPECIES	Echinometra lucunter (Linnaeus, 1758)	Echinometra lucunter		PR	West Caballo Blanco		PRESENT		c3ad790a-d426-4ac1-8e32-da61f81f0117	18.17162	-65.46877					4.0	4.0	2001-05		5	2001	2278861	2278861	HUMAN_OBSERVATION							CC0_1_0	Departament of Natural and Environmental Resources of Puerto Rico				2025-07-31T12:10:35.509Z		GEODETIC_DATUM_INVALID;GEODETIC_DATUM_ASSUMED_WGS84;CONTINENT_DERIVED_FROM_COORDINATES;REFERENCES_URI_INVALID
2594837708	b3b7d5c4-f73a-475b-a203-c6a1ddd040cd	2001_West Caballo Blanco_3aEchinometra_lucunter	Animalia	Echinodermata	Echinoidea	Camarodonta	Echinometridae	Echinometra	Echinometra lucunter		SPECIES	Echinometra lucunter (Linnaeus, 1758)	Echinometra lucunter		PR	West Caballo Blanco		PRESENT		c3ad790a-d426-4ac1-8e32-da61f81f0117	18.17162	-65.46877					4.0	4.0	2001-05		5	2001	2278861	2278861	HUMAN_OBSERVATION							CC0_1_0	Departament of Natural and Environmental Resources of Puerto Rico				2025-07-31T12:10:28.577Z		GEODETIC_DATUM_INVALID;GEODETIC_DATUM_ASSUMED_WGS84;CONTINENT_DERIVED_FROM_COORDINATES;REFERENCES_URI_INVALID
2594829822	b3b7d5c4-f73a-475b-a203-c6a1ddd040cd	2001_North Caballo Blanco_4aEchinometra_lucunter	Animalia	Echinodermata	Echinoidea	Camarodonta	Echinometridae	Echinometra	Echinometra lucunter		SPECIES	Echinometra lucunter (Linnaeus, 1758)	Echinometra lucunter		PR	North Caballo Blanco		PRESENT		c3ad790a-d426-4ac1-8e32-da61f81f0117	18.05532	-65.46715					4.0	4.0	2001-05		5	2001	2278861	2278861	HUMAN_OBSERVATION							CC0_1_0	Departament of Natural and Environmental Resources of Puerto Rico				2025-07-31T12:10:12.914Z		GEODETIC_DATUM_INVALID;GEODETIC_DATUM_ASSUMED_WGS84;CONTINENT_DERIVED_FROM_COORDINATES;REFERENCES_URI_INVALID
2594829400	b3b7d5c4-f73a-475b-a203-c6a1ddd040cd	2001_Mosquito_2aEchinometra_lucunter	Animalia	Echinodermata	Echinoidea	Camarodonta	Echinometridae	Echinometra	Echinometra lucunter		SPECIES	Echinometra lucunter (Linnaeus, 1758)	Echinometra lucunter		PR	Mosquito		PRESENT		c3ad790a-d426-4ac1-8e32-da61f81f0117	18.1634	-65.51913					11.0	3.0	2001-05		5	2001	2278861	2278861	HUMAN_OBSERVATION							CC0_1_0	Departament of Natural and Environmental Resources of Puerto Rico				2025-07-31T12:10:20.122Z		GEODETIC_DATUM_INVALID;GEODETIC_DATUM_ASSUMED_WGS84;CONTINENT_DERIVED_FROM_COORDINATES;REFERENCES_URI_INVALID
2594828774	b3b7d5c4-f73a-475b-a203-c6a1ddd040cd	2001_North Caballo Blanco_2aEchinometra_lucunter	Animalia	Echinodermata	Echinoidea	Camarodonta	Echinometridae	Echinometra	Echinometra lucunter		SPECIES	Echinometra lucunter (Linnaeus, 1758)	Echinometra lucunter		PR	North Caballo Blanco		PRESENT		c3ad790a-d426-4ac1-8e32-da61f81f0117	18.05532	-65.46715					4.0	4.0	2001-05		5	2001	2278861	2278861	HUMAN_OBSERVATION							CC0_1_0	Departament of Natural and Environmental Resources of Puerto Rico				2025-07-31T12:10:36.739Z		GEODETIC_DATUM_INVALID;GEODETIC_DATUM_ASSUMED_WGS84;CONTINENT_DERIVED_FROM_COORDINATES;REFERENCES_URI_INVALID
2594826533	b3b7d5c4-f73a-475b-a203-c6a1ddd040cd	2001_Mosquito_1aEchinometra_lucunter	Animalia	Echinodermata	Echinoidea	Camarodonta	Echinometridae	Echinometra	Echinometra lucunter		SPECIES	Echinometra lucunter (Linnaeus, 1758)	Echinometra lucunter		PR	Mosquito		PRESENT		c3ad790a-d426-4ac1-8e32-da61f81f0117	18.1634	-65.51913					11.0	3.0	2001-05		5	2001	2278861	2278861	HUMAN_OBSERVATION							CC0_1_0	Departament of Natural and Environmental Resources of Puerto Rico				2025-07-31T12:10:26.920Z		GEODETIC_DATUM_INVALID;GEODETIC_DATUM_ASSUMED_WGS84;CONTINENT_DERIVED_FROM_COORDINATES;REFERENCES_URI_INVALID
2470075500	f6612473-7914-461b-aed6-b14990d63e9a	304CEA7C-5F9E-0593-E053-2614A8C02206	Animalia	Echinodermata	Echinoidea	Camarodonta	Echinometridae	Echinometra	Echinometra lucunter		SPECIES	Echinometra lucunter (Linnaeus, 1758)	Echinometra lucunter (Linnaeus, 1758)		GP	Pointe de la  Saline		PRESENT		1928bdf0-f5d2-11dc-8c12-b8a03c50a862	16.2028	-61.44479	100.0				1.0	0.0	2012-05-20	20	5	2012	2278861	2278861	PRESERVED_SPECIMEN					Chris Netchy & Gustav Paulay		CC_BY_4_0		Sacha, Dacha, Seb, Guillaume, J. Poupin (MNHN)			2025-07-05T05:57:30.944Z		FOOTPRINT_WKT_MISMATCH;COUNTRY_MISMATCH;CONTINENT_DERIVED_FROM_COORDINATES;TAXON_ID_NOT_FOUND;DEPTH_UNLIKELY
2470075376	f6612473-7914-461b-aed6-b14990d63e9a	304CEA7C-5A1B-0593-E053-2614A8C02206	Animalia	Echinodermata	Echinoidea	Camarodonta	Echinometridae	Echinometra	Echinometra lucunter		SPECIES	Echinometra lucunter (Linnaeus, 1758)	Echinometra lucunter (Linnaeus, 1758)		GP	Ilet Fortune		PRESENT		1928bdf0-f5d2-11dc-8c12-b8a03c50a862	16.15	-61.56111	50.0				1.0	0.0	2012-05-05/2012-05-06		5	2012	2278861	2278861	PRESERVED_SPECIMEN					Chris Netchy & Gustav Paulay		CC_BY_4_0		Gros, L charles, R Pénisson, J Poupin, V Héros, L Corbari, J Espinosa (MNHN)			2025-07-05T05:57:30.223Z		COUNTRY_MISMATCH;CONTINENT_DERIVED_FROM_COORDINATES;TAXON_ID_NOT_FOUND;DEPTH_UNLIKELY
2470074859	f6612473-7914-461b-aed6-b14990d63e9a	304CEA7C-5F82-0593-E053-2614A8C02206	Animalia	Echinodermata	Echinoidea	Camarodonta	Echinometridae	Echinometra	Echinometra lucunter		SPECIES	Echinometra lucunter (Linnaeus, 1758)	Echinometra lucunter (Linnaeus, 1758)		GP	Plage de la Chapelle (Anse-Bertrand)		PRESENT		1928bdf0-f5d2-11dc-8c12-b8a03c50a862	16.472	-61.51461	250.0				1.0	0.0	2012-05-15	15	5	2012	2278861	2278861	PRESERVED_SPECIMEN					Chris Netchy & Gustav Paulay		CC_BY_4_0		Lee Ann Galindo, Florence, Guillaume, Virginie, Jose U., Dacha (MNHN)			2025-07-05T05:57:31.215Z		FOOTPRINT_WKT_MISMATCH;COUNTRY_MISMATCH;CONTINENT_DERIVED_FROM_COORDINATES;TAXON_ID_NOT_FOUND;DEPTH_UNLIKELY
2470074298	f6612473-7914-461b-aed6-b14990d63e9a	304CEA7C-5F8D-0593-E053-2614A8C02206	Animalia	Echinodermata	Echinoidea	Camarodonta	Echinometridae	Echinometra	Echinometra lucunter		SPECIES	Echinometra lucunter (Linnaeus, 1758)	Echinometra lucunter (Linnaeus, 1758)		GP	Plage de Viard (Petit-Bourg)		PRESENT		1928bdf0-f5d2-11dc-8c12-b8a03c50a862	16.16667	-61.58472					1.0	0.0	2012-05-16	16	5	2012	2278861	2278861	PRESERVED_SPECIMEN					Chris Netchy & Gustav Paulay		CC_BY_4_0		L charles, O Gros (MNHN)			2025-07-05T05:57:30.980Z		FOOTPRINT_WKT_MISMATCH;COUNTRY_MISMATCH;CONTINENT_DERIVED_FROM_COORDINATES;TAXON_ID_NOT_FOUND;DEPTH_UNLIKELY
2470074028	f6612473-7914-461b-aed6-b14990d63e9a	304CEA7C-5CF8-0593-E053-2614A8C02206	Animalia	Echinodermata	Echinoidea	Camarodonta	Echinometridae	Echinometra	Echinometra lucunter		SPECIES	Echinometra lucunter (Linnaeus, 1758)	Echinometra lucunter (Linnaeus, 1758)		GP	platier de l'ilet à Cabrit		PRESENT		1928bdf0-f5d2-11dc-8c12-b8a03c50a862	16.19944	-61.57139					1.0	0.0	2012-05-11	11	5	2012	2278861	2278861	PRESERVED_SPECIMEN					Chris Netchy & Gustav Paulay		CC_BY_4_0		L charles, R Pénisson, Guillaume, Florence (MNHN)			2025-07-05T05:57:31.055Z		FOOTPRINT_WKT_MISMATCH;COUNTRY_MISMATCH;CONTINENT_DERIVED_FROM_COORDINATES;TAXON_ID_NOT_FOUND;DEPTH_UNLIKELY
2470073432	f6612473-7914-461b-aed6-b14990d63e9a	304CEA7C-5D0B-0593-E053-2614A8C02206	Animalia	Echinodermata	Echinoidea	Camarodonta	Echinometridae	Echinometra	Echinometra lucunter		SPECIES	Echinometra lucunter (Linnaeus, 1758)	Echinometra lucunter (Linnaeus, 1758)		GP	Port-Louis		PRESENT		1928bdf0-f5d2-11dc-8c12-b8a03c50a862	16.43739	-61.53894	200.0				1.0	0.0	2012-05-14	14	5	2012	2278861	2278861	PRESERVED_SPECIMEN					Chris Netchy & Gustav Paulay		CC_BY_4_0		Florence, Guillaume, J. Poupin (MNHN)			2025-07-05T05:57:31.341Z		FOOTPRINT_WKT_MISMATCH;COUNTRY_MISMATCH;CONTINENT_DERIVED_FROM_COORDINATES;TAXON_ID_NOT_FOUND;DEPTH_UNLIKELY
2470072892	f6612473-7914-461b-aed6-b14990d63e9a	304CEA7C-5CED-0593-E053-2614A8C02206	Animalia	Echinodermata	Echinoidea	Camarodonta	Echinometridae	Echinometra	Echinometra lucunter		SPECIES	Echinometra lucunter (Linnaeus, 1758)	Echinometra lucunter (Linnaeus, 1758)		GP	Anse à la Barque		PRESENT		1928bdf0-f5d2-11dc-8c12-b8a03c50a862	16.09061	-61.76703	300.0				1.0	0.0	2012-05-09	9	5	2012	2278861	2278861	PRESERVED_SPECIMEN					Chris Netchy & Gustav Paulay		CC_BY_4_0		L charles, R P?nisson, J Poupin, Guillaume, Florence, Mossi, Dani?le (MNHN)			2025-07-05T05:57:30.508Z		FOOTPRINT_WKT_MISMATCH;COUNTRY_MISMATCH;CONTINENT_DERIVED_FROM_COORDINATES;TAXON_ID_NOT_FOUND;DEPTH_UNLIKELY
2397739243	821cc27a-e3bb-4bc5-ac34-89ada245069d	http://n2t.net/ark:/65665/341e10256-a996-4ad7-a9ee-88f973bc8603	Animalia	Echinodermata	Echinoidea	Camarodonta	Echinometridae	Echinometra	Echinometra lucunter		SPECIES	Echinometra lucunter (Linnaeus, 1758)	Echinometra lucunter	(Linnaeus)	BZ	Belize, Stann Creek, Pelican Cays, back reef lagoon, reef rubble	Stann Creek District	PRESENT	1	bc092ff0-02e4-11dc-991f-b8a03c50a862	16.8021	-88.0811					1.0	0.0	2014-07-07	7	7	2014	2278861	2278861	PRESERVED_SPECIMEN	USNM	IZ	USNM 1439099	BCBC_326			CC0_1_0		S. McKeon, A. Windsor, C. Weber, S. Harris, T. Yockachonis, M. Jones & J. Boehm			2025-07-13T07:15:08.295Z		GEODETIC_DATUM_ASSUMED_WGS84;CONTINENT_INVALID;CONTINENT_DERIVED_FROM_COORDINATES;OCCURRENCE_STATUS_INFERRED_FROM_INDIVIDUAL_COUNT
2397737519	821cc27a-e3bb-4bc5-ac34-89ada245069d	http://n2t.net/ark:/65665/33dc1d4ff-17a0-45ee-8b83-2447f8d3318a	Animalia	Echinodermata	Echinoidea	Camarodonta	Echinometridae	Echinometra	Echinometra lucunter		SPECIES	Echinometra lucunter (Linnaeus, 1758)	Echinometra lucunter	(Linnaeus)	BZ	Belize, Stann Creek, Pelican Cays, back reef lagoon, reef rubble	Stann Creek District	PRESENT	1	bc092ff0-02e4-11dc-991f-b8a03c50a862	16.8021	-88.0811					1.0	0.0	2014-07-07	7	7	2014	2278861	2278861	PRESERVED_SPECIMEN	USNM	IZ	USNM 1439098	BCBC_325			CC0_1_0		S. McKeon, A. Windsor, C. Weber, S. Harris, T. Yockachonis, M. Jones & J. Boehm			2025-07-13T07:19:19.036Z		GEODETIC_DATUM_ASSUMED_WGS84;CONTINENT_INVALID;CONTINENT_DERIVED_FROM_COORDINATES;OCCURRENCE_STATUS_INFERRED_FROM_INDIVIDUAL_COUNT
2397724291	821cc27a-e3bb-4bc5-ac34-89ada245069d	http://n2t.net/ark:/65665/31d3fbca1-496f-4327-b68e-8865fffbe3ed	Animalia	Echinodermata	Echinoidea	Camarodonta	Echinometridae	Echinometra	Echinometra lucunter		SPECIES	Echinometra lucunter (Linnaeus, 1758)	Echinometra lucunter	(Linnaeus)	BZ	Belize, Stann Creek, Pelican Cays, back reef lagoon, reef rubble	Stann Creek District	PRESENT	1	bc092ff0-02e4-11dc-991f-b8a03c50a862	16.8021	-88.0811					1.0	0.0	2014-07-07	7	7	2014	2278861	2278861	PRESERVED_SPECIMEN	USNM	IZ	USNM 1439100	BCBC_327			CC0_1_0		S. McKeon, A. Windsor, C. Weber, S. Harris, T. Yockachonis, M. Jones & J. Boehm			2025-07-13T07:14:48.790Z		GEODETIC_DATUM_ASSUMED_WGS84;CONTINENT_INVALID;CONTINENT_DERIVED_FROM_COORDINATES;OCCURRENCE_STATUS_INFERRED_FROM_INDIVIDUAL_COUNT
2270458644	888f0578-bef9-41f6-a687-19137510a437	UNAL_CECIMAR:SEAFLOWER2018:EQUINO:53	Animalia	Echinodermata	Echinoidea	Camarodonta	Echinometridae	Echinometra	Echinometra lucunter	lucunter	SUBSPECIES	Echinometra lucunter lucunter (Linnaeus, 1758)	Echinometra lucunter lucunter	(Linnaeus, 1758)	CO	Albuquerque	Archipiélago de San Andrés, Providencia y Santa Catalina	PRESENT	1	eac88d99-9f6c-4031-8fc4-8088f0e0dfe7	12.1605	-81.8403					1.5	0.0	2018-09-28	28	9	2018	7189075	2278861	HUMAN_OBSERVATION	Universidad Nacional de Colombia (UNAL)	MHNMC	En proceso de catalogación	CCO_2018_ECHI_ALB_053	Andrea Dueñas	2018-09-28T00:00:00	CC_BY_NC_4_0		Andrea Dueñas			2025-07-31T12:17:07.124Z		CONTINENT_COORDINATE_MISMATCH
2270458627	888f0578-bef9-41f6-a687-19137510a437	UNAL_CECIMAR:SEAFLOWER2018:EQUINO:141	Animalia	Echinodermata	Echinoidea	Camarodonta	Echinometridae	Echinometra	Echinometra lucunter	lucunter	SUBSPECIES	Echinometra lucunter lucunter (Linnaeus, 1758)	Echinometra lucunter lucunter	(Linnaeus, 1758)	CO	Albuquerque	Archipiélago de San Andrés, Providencia y Santa Catalina	PRESENT	6	eac88d99-9f6c-4031-8fc4-8088f0e0dfe7	12.1554	-81.8484					7.05	1.5499999999999998	2018-09-28	28	9	2018	7189075	2278861	MACHINE_OBSERVATION	Universidad Nacional de Colombia (UNAL)	Instituto de Investigaciones Marinas y Costeras José Benito Vives de Andréis (INVEMAR)	UNAL_CECIMAR:SEAFLOWER2018:EQUINO:141	CCO_2018_ECHI_ALB_141	Andrea Dueñas	2018-09-28T00:00:00	CC_BY_NC_4_0		Brigitte Gavio			2025-07-31T12:17:06.996Z		CONTINENT_COORDINATE_MISMATCH
2270458615	888f0578-bef9-41f6-a687-19137510a437	UNAL_CECIMAR:SEAFLOWER2018:EQUINO:112	Animalia	Echinodermata	Echinoidea	Camarodonta	Echinometridae	Echinometra	Echinometra lucunter	lucunter	SUBSPECIES	Echinometra lucunter lucunter (Linnaeus, 1758)	Echinometra lucunter lucunter	(Linnaeus, 1758)	CO	Albuquerque	Archipiélago de San Andrés, Providencia y Santa Catalina	PRESENT	1	eac88d99-9f6c-4031-8fc4-8088f0e0dfe7	12.1654	-81.8401					1.15	0.65	2018-10-01	1	10	2018	7189075	2278861	HUMAN_OBSERVATION	Universidad Nacional de Colombia (UNAL)	MHNMC	En proceso de catalogación	CCO_2018_ECHI_ALB_112	Roxana Martínez Canseco	2018-10-15T00:00:00	CC_BY_NC_4_0		Andrea Dueñas			2025-07-31T12:17:07.090Z		CONTINENT_COORDINATE_MISMATCH
2270458598	888f0578-bef9-41f6-a687-19137510a437	UNAL_CECIMAR:SEAFLOWER2018:EQUINO:114	Animalia	Echinodermata	Echinoidea	Camarodonta	Echinometridae	Echinometra	Echinometra lucunter	lucunter	SUBSPECIES	Echinometra lucunter lucunter (Linnaeus, 1758)	Echinometra lucunter lucunter	(Linnaeus, 1758)	CO	Albuquerque	Archipiélago de San Andrés, Providencia y Santa Catalina	PRESENT	1	eac88d99-9f6c-4031-8fc4-8088f0e0dfe7	12.1654	-81.8401					1.15	0.65	2018-10-01	1	10	2018	7189075	2278861	HUMAN_OBSERVATION	Universidad Nacional de Colombia (UNAL)	MHNMC	En proceso de catalogación	CCO_2018_ECHI_ALB_114	Roxana Martínez Canseco	2018-10-15T00:00:00	CC_BY_NC_4_0		Andrea Dueñas			2025-07-31T12:17:07.089Z		CONTINENT_COORDINATE_MISMATCH
2270458593	888f0578-bef9-41f6-a687-19137510a437	UNAL_CECIMAR:SEAFLOWER2018:EQUINO:111	Animalia	Echinodermata	Echinoidea	Camarodonta	Echinometridae	Echinometra	Echinometra lucunter	lucunter	SUBSPECIES	Echinometra lucunter lucunter (Linnaeus, 1758)	Echinometra lucunter lucunter	(Linnaeus, 1758)	CO	Albuquerque	Archipiélago de San Andrés, Providencia y Santa Catalina	PRESENT	1	eac88d99-9f6c-4031-8fc4-8088f0e0dfe7	12.1654	-81.8401					1.15	0.65	2018-10-01	1	10	2018	7189075	2278861	HUMAN_OBSERVATION	Universidad Nacional de Colombia (UNAL)	MHNMC	En proceso de catalogación	CCO_2018_ECHI_ALB_111	Roxana Martínez Canseco	2018-10-15T00:00:00	CC_BY_NC_4_0		Andrea Dueñas			2025-07-31T12:17:07.089Z		CONTINENT_COORDINATE_MISMATCH
2270458591	888f0578-bef9-41f6-a687-19137510a437	UNAL_CECIMAR:SEAFLOWER2018:EQUINO:40	Animalia	Echinodermata	Echinoidea	Camarodonta	Echinometridae	Echinometra	Echinometra lucunter	lucunter	SUBSPECIES	Echinometra lucunter lucunter (Linnaeus, 1758)	Echinometra lucunter lucunter	(Linnaeus, 1758)	CO	Albuquerque	Archipiélago de San Andrés, Providencia y Santa Catalina	PRESENT	1	eac88d99-9f6c-4031-8fc4-8088f0e0dfe7	12.1654	-81.8401					1.15	0.65	2018-09-27	27	9	2018	7189075	2278861	HUMAN_OBSERVATION	Universidad Nacional de Colombia (UNAL)	MHNMC	En proceso de catalogación	CCO_2018_ECHI_ALB_040	Andrea Dueñas;Juliana Sintura	2018-09-27T00:00:00	CC_BY_NC_4_0		Juliana Sintura			2025-07-31T12:17:07.092Z		CONTINENT_COORDINATE_MISMATCH
2270458590	888f0578-bef9-41f6-a687-19137510a437	UNAL_CECIMAR:SEAFLOWER2018:EQUINO:37	Animalia	Echinodermata	Echinoidea	Camarodonta	Echinometridae	Echinometra	Echinometra lucunter	lucunter	SUBSPECIES	Echinometra lucunter lucunter (Linnaeus, 1758)	Echinometra lucunter lucunter	(Linnaeus, 1758)	CO	Albuquerque	Archipiélago de San Andrés, Providencia y Santa Catalina	PRESENT	1	eac88d99-9f6c-4031-8fc4-8088f0e0dfe7	12.1654	-81.8401					1.15	0.65	2018-09-27	27	9	2018	7189075	2278861	HUMAN_OBSERVATION	Universidad Nacional de Colombia (UNAL)	MHNMC	En proceso de catalogación	CCO_2018_ECHI_ALB_037	Andrea Dueñas;Juliana Sintura	2018-09-27T00:00:00	CC_BY_NC_4_0		Juliana Sintura			2025-07-31T12:17:07.192Z		CONTINENT_COORDINATE_MISMATCH
2270458583	888f0578-bef9-41f6-a687-19137510a437	UNAL_CECIMAR:SEAFLOWER2018:EQUINO:46	Animalia	Echinodermata	Echinoidea	Camarodonta	Echinometridae	Echinometra	Echinometra lucunter	lucunter	SUBSPECIES	Echinometra lucunter lucunter (Linnaeus, 1758)	Echinometra lucunter lucunter	(Linnaeus, 1758)	CO	Albuquerque	Archipiélago de San Andrés, Providencia y Santa Catalina	PRESENT	1	eac88d99-9f6c-4031-8fc4-8088f0e0dfe7	12.1613	-81.8526					9.6	0.0	2018-09-27	27	9	2018	7189075	2278861	HUMAN_OBSERVATION	Universidad Nacional de Colombia (UNAL)	Instituto de Investigaciones Marinas y Costeras José Benito Vives de Andréis (INVEMAR)	UNAL_CECIMAR:SEAFLOWER2018:EQUINO:46	CCO_2018_ECHI_ALB_046	Carlos Daza	2018-09-27T00:00:00	CC_BY_NC_4_0		Carlos Daza			2025-07-31T12:17:07.092Z		CONTINENT_COORDINATE_MISMATCH
2270458581	888f0578-bef9-41f6-a687-19137510a437	UNAL_CECIMAR:SEAFLOWER2018:EQUINO:39	Animalia	Echinodermata	Echinoidea	Camarodonta	Echinometridae	Echinometra	Echinometra lucunter	lucunter	SUBSPECIES	Echinometra lucunter lucunter (Linnaeus, 1758)	Echinometra lucunter lucunter	(Linnaeus, 1758)	CO	Albuquerque	Archipiélago de San Andrés, Providencia y Santa Catalina	PRESENT	1	eac88d99-9f6c-4031-8fc4-8088f0e0dfe7	12.1654	-81.8401					1.15	0.65	2018-09-27	27	9	2018	7189075	2278861	HUMAN_OBSERVATION	Universidad Nacional de Colombia (UNAL)	MHNMC	En proceso de catalogación	CCO_2018_ECHI_ALB_039	Andrea Dueñas;Juliana Sintura	2018-09-27T00:00:00	CC_BY_NC_4_0		Juliana Sintura			2025-07-31T12:17:07.192Z		CONTINENT_COORDINATE_MISMATCH
2270458578	888f0578-bef9-41f6-a687-19137510a437	UNAL_CECIMAR:SEAFLOWER2018:EQUINO:85	Animalia	Echinodermata	Echinoidea	Camarodonta	Echinometridae	Echinometra	Echinometra lucunter	lucunter	SUBSPECIES	Echinometra lucunter lucunter (Linnaeus, 1758)	Echinometra lucunter lucunter	(Linnaeus, 1758)	CO	Albuquerque	Archipiélago de San Andrés, Providencia y Santa Catalina	PRESENT	1	eac88d99-9f6c-4031-8fc4-8088f0e0dfe7	12.1661	-81.8394					1.0	0.5	2018-09-29	29	9	2018	7189075	2278861	HUMAN_OBSERVATION	Universidad Nacional de Colombia (UNAL)	MHNMC	En proceso de catalogación	CCO_2018_ECHI_ALB_085	Andrea Dueñas	2018-09-29T00:00:00	CC_BY_NC_4_0		Andrea Dueñas			2025-07-31T12:17:06.712Z		CONTINENT_COORDINATE_MISMATCH
2270458571	888f0578-bef9-41f6-a687-19137510a437	UNAL_CECIMAR:SEAFLOWER2018:EQUINO:86	Animalia	Echinodermata	Echinoidea	Camarodonta	Echinometridae	Echinometra	Echinometra lucunter	lucunter	SUBSPECIES	Echinometra lucunter lucunter (Linnaeus, 1758)	Echinometra lucunter lucunter	(Linnaeus, 1758)	CO	Albuquerque	Archipiélago de San Andrés, Providencia y Santa Catalina	PRESENT	1	eac88d99-9f6c-4031-8fc4-8088f0e0dfe7	12.1661	-81.8394					1.0	0.5	2018-09-29	29	9	2018	7189075	2278861	HUMAN_OBSERVATION	Universidad Nacional de Colombia (UNAL)	MHNMC	En proceso de catalogación	CCO_2018_ECHI_ALB_086	Andrea Dueñas	2018-09-29T00:00:00	CC_BY_NC_4_0		Andrea Dueñas			2025-07-31T12:17:06.712Z		CONTINENT_COORDINATE_MISMATCH
2270458567	888f0578-bef9-41f6-a687-19137510a437	UNAL_CECIMAR:SEAFLOWER2018:EQUINO:38	Animalia	Echinodermata	Echinoidea	Camarodonta	Echinometridae	Echinometra	Echinometra lucunter	lucunter	SUBSPECIES	Echinometra lucunter lucunter (Linnaeus, 1758)	Echinometra lucunter lucunter	(Linnaeus, 1758)	CO	Albuquerque	Archipiélago de San Andrés, Providencia y Santa Catalina	PRESENT	1	eac88d99-9f6c-4031-8fc4-8088f0e0dfe7	12.1654	-81.8401					1.15	0.65	2018-09-27	27	9	2018	7189075	2278861	HUMAN_OBSERVATION	Universidad Nacional de Colombia (UNAL)	MHNMC	En proceso de catalogación	CCO_2018_ECHI_ALB_038	Andrea Dueñas;Juliana Sintura	2018-09-27T00:00:00	CC_BY_NC_4_0		Juliana Sintura			2025-07-31T12:17:07.192Z		CONTINENT_COORDINATE_MISMATCH
2270458561	888f0578-bef9-41f6-a687-19137510a437	UNAL_CECIMAR:SEAFLOWER2018:EQUINO:82	Animalia	Echinodermata	Echinoidea	Camarodonta	Echinometridae	Echinometra	Echinometra lucunter	lucunter	SUBSPECIES	Echinometra lucunter lucunter (Linnaeus, 1758)	Echinometra lucunter lucunter	(Linnaeus, 1758)	CO	Albuquerque	Archipiélago de San Andrés, Providencia y Santa Catalina	PRESENT	1	eac88d99-9f6c-4031-8fc4-8088f0e0dfe7	12.1661	-81.8394					1.0	0.5	2018-09-29	29	9	2018	7189075	2278861	HUMAN_OBSERVATION	Universidad Nacional de Colombia (UNAL)	MHNMC	En proceso de catalogación	CCO_2018_ECHI_ALB_082	Andrea Dueñas	2018-09-29T00:00:00	CC_BY_NC_4_0		Andrea Dueñas			2025-07-31T12:17:06.712Z		CONTINENT_COORDINATE_MISMATCH
2270458559	888f0578-bef9-41f6-a687-19137510a437	UNAL_CECIMAR:SEAFLOWER2018:EQUINO:87	Animalia	Echinodermata	Echinoidea	Camarodonta	Echinometridae	Echinometra	Echinometra lucunter	lucunter	SUBSPECIES	Echinometra lucunter lucunter (Linnaeus, 1758)	Echinometra lucunter lucunter	(Linnaeus, 1758)	CO	Albuquerque	Archipiélago de San Andrés, Providencia y Santa Catalina	PRESENT	1	eac88d99-9f6c-4031-8fc4-8088f0e0dfe7	12.1661	-81.8394					1.0	0.5	2018-09-29	29	9	2018	7189075	2278861	HUMAN_OBSERVATION	Universidad Nacional de Colombia (UNAL)	MHNMC	En proceso de catalogación	CCO_2018_ECHI_ALB_087	Andrea Dueñas	2018-09-29T00:00:00	CC_BY_NC_4_0		Andrea Dueñas			2025-07-31T12:17:06.712Z		CONTINENT_COORDINATE_MISMATCH
2270458558	888f0578-bef9-41f6-a687-19137510a437	UNAL_CECIMAR:SEAFLOWER2018:EQUINO:81	Animalia	Echinodermata	Echinoidea	Camarodonta	Echinometridae	Echinometra	Echinometra lucunter	lucunter	SUBSPECIES	Echinometra lucunter lucunter (Linnaeus, 1758)	Echinometra lucunter lucunter	(Linnaeus, 1758)	CO	Albuquerque	Archipiélago de San Andrés, Providencia y Santa Catalina	PRESENT	1	eac88d99-9f6c-4031-8fc4-8088f0e0dfe7	12.1661	-81.8394					1.0	0.5	2018-09-29	29	9	2018	7189075	2278861	HUMAN_OBSERVATION	Universidad Nacional de Colombia (UNAL)	MHNMC	En proceso de catalogación	CCO_2018_ECHI_ALB_081	Andrea Dueñas	2018-09-29T00:00:00	CC_BY_NC_4_0		Andrea Dueñas			2025-07-31T12:17:06.675Z		CONTINENT_COORDINATE_MISMATCH
2270458556	888f0578-bef9-41f6-a687-19137510a437	UNAL_CECIMAR:SEAFLOWER2018:EQUINO:83	Animalia	Echinodermata	Echinoidea	Camarodonta	Echinometridae	Echinometra	Echinometra lucunter	lucunter	SUBSPECIES	Echinometra lucunter lucunter (Linnaeus, 1758)	Echinometra lucunter lucunter	(Linnaeus, 1758)	CO	Albuquerque	Archipiélago de San Andrés, Providencia y Santa Catalina	PRESENT	1	eac88d99-9f6c-4031-8fc4-8088f0e0dfe7	12.1661	-81.8394					1.0	0.5	2018-09-29	29	9	2018	7189075	2278861	HUMAN_OBSERVATION	Universidad Nacional de Colombia (UNAL)	MHNMC	En proceso de catalogación	CCO_2018_ECHI_ALB_083	Andrea Dueñas	2018-09-29T00:00:00	CC_BY_NC_4_0		Andrea Dueñas			2025-07-31T12:17:06.712Z		CONTINENT_COORDINATE_MISMATCH
2270458555	888f0578-bef9-41f6-a687-19137510a437	UNAL_CECIMAR:SEAFLOWER2018:EQUINO:84	Animalia	Echinodermata	Echinoidea	Camarodonta	Echinometridae	Echinometra	Echinometra lucunter	lucunter	SUBSPECIES	Echinometra lucunter lucunter (Linnaeus, 1758)	Echinometra lucunter lucunter	(Linnaeus, 1758)	CO	Albuquerque	Archipiélago de San Andrés, Providencia y Santa Catalina	PRESENT	1	eac88d99-9f6c-4031-8fc4-8088f0e0dfe7	12.1661	-81.8394					1.0	0.5	2018-09-29	29	9	2018	7189075	2278861	HUMAN_OBSERVATION	Universidad Nacional de Colombia (UNAL)	MHNMC	En proceso de catalogación	CCO_2018_ECHI_ALB_084	Andrea Dueñas	2018-09-29T00:00:00	CC_BY_NC_4_0		Andrea Dueñas			2025-07-31T12:17:06.712Z		CONTINENT_COORDINATE_MISMATCH
2270458543	888f0578-bef9-41f6-a687-19137510a437	UNAL_CECIMAR:SEAFLOWER2018:EQUINO:55	Animalia	Echinodermata	Echinoidea	Camarodonta	Echinometridae	Echinometra	Echinometra lucunter	lucunter	SUBSPECIES	Echinometra lucunter lucunter (Linnaeus, 1758)	Echinometra lucunter lucunter	(Linnaeus, 1758)	CO	Albuquerque	Archipiélago de San Andrés, Providencia y Santa Catalina	PRESENT	1	eac88d99-9f6c-4031-8fc4-8088f0e0dfe7	12.1605	-81.8403					1.5	0.0	2018-09-28	28	9	2018	7189075	2278861	HUMAN_OBSERVATION	Universidad Nacional de Colombia (UNAL)	MHNMC	En proceso de catalogación	CCO_2018_ECHI_ALB_055	Andrea Dueñas	2018-09-28T00:00:00	CC_BY_NC_4_0		Andrea Dueñas			2025-07-31T12:17:07.124Z		CONTINENT_COORDINATE_MISMATCH
2270458529	888f0578-bef9-41f6-a687-19137510a437	UNAL_CECIMAR:SEAFLOWER2018:EQUINO:56	Animalia	Echinodermata	Echinoidea	Camarodonta	Echinometridae	Echinometra	Echinometra lucunter	lucunter	SUBSPECIES	Echinometra lucunter lucunter (Linnaeus, 1758)	Echinometra lucunter lucunter	(Linnaeus, 1758)	CO	Albuquerque	Archipiélago de San Andrés, Providencia y Santa Catalina	PRESENT	1	eac88d99-9f6c-4031-8fc4-8088f0e0dfe7	12.1605	-81.8403					1.5	0.0	2018-09-28	28	9	2018	7189075	2278861	HUMAN_OBSERVATION	Universidad Nacional de Colombia (UNAL)	MHNMC	En proceso de catalogación	CCO_2018_ECHI_ALB_056	Andrea Dueñas	2018-09-28T00:00:00	CC_BY_NC_4_0		Andrea Dueñas			2025-07-31T12:17:07.125Z		CONTINENT_COORDINATE_MISMATCH
2270458525	888f0578-bef9-41f6-a687-19137510a437	UNAL_CECIMAR:SEAFLOWER2018:EQUINO:57	Animalia	Echinodermata	Echinoidea	Camarodonta	Echinometridae	Echinometra	Echinometra lucunter	lucunter	SUBSPECIES	Echinometra lucunter lucunter (Linnaeus, 1758)	Echinometra lucunter lucunter	(Linnaeus, 1758)	CO	Albuquerque	Archipiélago de San Andrés, Providencia y Santa Catalina	PRESENT	1	eac88d99-9f6c-4031-8fc4-8088f0e0dfe7	12.1605	-81.8403					1.5	0.0	2018-09-28	28	9	2018	7189075	2278861	HUMAN_OBSERVATION	Universidad Nacional de Colombia (UNAL)	MHNMC	En proceso de catalogación	CCO_2018_ECHI_ALB_057	Andrea Dueñas	2018-09-28T00:00:00	CC_BY_NC_4_0		Andrea Dueñas			2025-07-31T12:17:07.125Z		CONTINENT_COORDINATE_MISMATCH
2270458524	888f0578-bef9-41f6-a687-19137510a437	UNAL_CECIMAR:SEAFLOWER2018:EQUINO:54	Animalia	Echinodermata	Echinoidea	Camarodonta	Echinometridae	Echinometra	Echinometra lucunter	lucunter	SUBSPECIES	Echinometra lucunter lucunter (Linnaeus, 1758)	Echinometra lucunter lucunter	(Linnaeus, 1758)	CO	Albuquerque	Archipiélago de San Andrés, Providencia y Santa Catalina	PRESENT	1	eac88d99-9f6c-4031-8fc4-8088f0e0dfe7	12.1605	-81.8403					1.5	0.0	2018-09-28	28	9	2018	7189075	2278861	HUMAN_OBSERVATION	Universidad Nacional de Colombia (UNAL)	MHNMC	En proceso de catalogación	CCO_2018_ECHI_ALB_054	Andrea Dueñas	2018-09-28T00:00:00	CC_BY_NC_4_0		Andrea Dueñas			2025-07-31T12:17:07.124Z		CONTINENT_COORDINATE_MISMATCH
2270458521	888f0578-bef9-41f6-a687-19137510a437	UNAL_CECIMAR:SEAFLOWER2018:EQUINO:42	Animalia	Echinodermata	Echinoidea	Camarodonta	Echinometridae	Echinometra	Echinometra lucunter	lucunter	SUBSPECIES	Echinometra lucunter lucunter (Linnaeus, 1758)	Echinometra lucunter lucunter	(Linnaeus, 1758)	CO	Albuquerque	Archipiélago de San Andrés, Providencia y Santa Catalina	PRESENT	1	eac88d99-9f6c-4031-8fc4-8088f0e0dfe7	12.1654	-81.8401					1.15	0.65	2018-09-27	27	9	2018	7189075	2278861	HUMAN_OBSERVATION	Universidad Nacional de Colombia (UNAL)	MHNMC	En proceso de catalogación	CCO_2018_ECHI_ALB_042	Andrea Dueñas;Juliana Sintura	2018-09-27T00:00:00	CC_BY_NC_4_0		Juliana Sintura			2025-07-31T12:17:07.092Z		CONTINENT_COORDINATE_MISMATCH
2270458520	888f0578-bef9-41f6-a687-19137510a437	UNAL_CECIMAR:SEAFLOWER2018:EQUINO:52	Animalia	Echinodermata	Echinoidea	Camarodonta	Echinometridae	Echinometra	Echinometra lucunter	lucunter	SUBSPECIES	Echinometra lucunter lucunter (Linnaeus, 1758)	Echinometra lucunter lucunter	(Linnaeus, 1758)	CO	Albuquerque	Archipiélago de San Andrés, Providencia y Santa Catalina	PRESENT	1	eac88d99-9f6c-4031-8fc4-8088f0e0dfe7	12.1605	-81.8403					1.5	0.0	2018-09-28	28	9	2018	7189075	2278861	HUMAN_OBSERVATION	Universidad Nacional de Colombia (UNAL)	MHNMC	En proceso de catalogación	CCO_2018_ECHI_ALB_052	Andrea Dueñas	2018-09-28T00:00:00	CC_BY_NC_4_0		Andrea Dueñas			2025-07-31T12:17:07.124Z		CONTINENT_COORDINATE_MISMATCH
2270458512	888f0578-bef9-41f6-a687-19137510a437	UNAL_CECIMAR:SEAFLOWER2018:EQUINO:41	Animalia	Echinodermata	Echinoidea	Camarodonta	Echinometridae	Echinometra	Echinometra lucunter	lucunter	SUBSPECIES	Echinometra lucunter lucunter (Linnaeus, 1758)	Echinometra lucunter lucunter	(Linnaeus, 1758)	CO	Albuquerque	Archipiélago de San Andrés, Providencia y Santa Catalina	PRESENT	1	eac88d99-9f6c-4031-8fc4-8088f0e0dfe7	12.1654	-81.8401					1.15	0.65	2018-09-27	27	9	2018	7189075	2278861	HUMAN_OBSERVATION	Universidad Nacional de Colombia (UNAL)	MHNMC	En proceso de catalogación	CCO_2018_ECHI_ALB_041	Andrea Dueñas;Juliana Sintura	2018-09-27T00:00:00	CC_BY_NC_4_0		Juliana Sintura			2025-07-31T12:17:07.092Z		CONTINENT_COORDINATE_MISMATCH
2270458510	888f0578-bef9-41f6-a687-19137510a437	UNAL_CECIMAR:SEAFLOWER2018:EQUINO:45	Animalia	Echinodermata	Echinoidea	Camarodonta	Echinometridae	Echinometra	Echinometra lucunter	lucunter	SUBSPECIES	Echinometra lucunter lucunter (Linnaeus, 1758)	Echinometra lucunter lucunter	(Linnaeus, 1758)	CO	Albuquerque	Archipiélago de San Andrés, Providencia y Santa Catalina	PRESENT	1	eac88d99-9f6c-4031-8fc4-8088f0e0dfe7	12.1613	-81.8526					9.6	0.0	2018-09-27	27	9	2018	7189075	2278861	HUMAN_OBSERVATION	Universidad Nacional de Colombia (UNAL)	Instituto de Investigaciones Marinas y Costeras José Benito Vives de Andréis (INVEMAR)	UNAL_CECIMAR:SEAFLOWER2018:EQUINO:45	CCO_2018_ECHI_ALB_045	Carlos Daza	2018-09-27T00:00:00	CC_BY_NC_4_0		Carlos Daza			2025-07-31T12:17:07.092Z		CONTINENT_COORDINATE_MISMATCH
1913354625	560539d5-7f71-4fd8-998b-ba5b16a55568	INVEMAR:ICSerranilla2017:UES:Bentos:Equ6	Animalia	Echinodermata	Echinoidea	Camarodonta	Echinometridae	Echinometra	Echinometra lucunter		SPECIES	Echinometra lucunter (Linnaeus, 1758)	Echinometra lucunter	(Linnaeus, 1758)	CO	Isla Cayo Serranilla	Archipiélago de San Andrés, Providencia y Santa Catalina	PRESENT		f072f648-b8a4-47a0-9e1c-89d790645b5a	15.834211	-79.832186					3.3	0.0	2017-09-21	21	9	2017	2278861	2278861	HUMAN_OBSERVATION	INVEMAR	INV_ICSerranilla_UES_Bentos	INV_ICSerranilla:UES:Bentos:Equ6	Ob6	Giomar Helena Borrero-Pérez	2017-09-21T00:00:00	CC_BY_NC_4_0	INVEMAR	Giomar Helena Borrero-Pérez			2025-07-31T12:16:15.339Z		COORDINATE_ROUNDED;CONTINENT_COORDINATE_MISMATCH
1913354616	560539d5-7f71-4fd8-998b-ba5b16a55568	INVEMAR:ICSerranilla2017:UES:Bentos:Equ9	Animalia	Echinodermata	Echinoidea	Camarodonta	Echinometridae	Echinometra	Echinometra lucunter		SPECIES	Echinometra lucunter (Linnaeus, 1758)	Echinometra lucunter	(Linnaeus, 1758)	CO	Isla Cayo Serranilla	Archipiélago de San Andrés, Providencia y Santa Catalina	PRESENT		f072f648-b8a4-47a0-9e1c-89d790645b5a	15.832056	-79.83236					3.3	0.0	2017-09-23	23	9	2017	2278861	2278861	HUMAN_OBSERVATION	INVEMAR	INV_ICSerranilla_UES_Bentos	INV_ICSerranilla:UES:Bentos:Equ9	Ob9	Giomar Helena Borrero-Pérez	2017-09-23T00:00:00	CC_BY_NC_4_0	INVEMAR	Giomar Helena Borrero-Pérez			2025-07-31T12:16:15.245Z		COORDINATE_ROUNDED;CONTINENT_COORDINATE_MISMATCH
1895698735	eda1016d-1f81-4c43-833f-5ae3f5b12504	ff79e3f60efa04e8fb09a99c4ca1660d	Animalia	Echinodermata	Echinoidea	Camarodonta	Echinometridae	Echinometra	Echinometra lucunter		SPECIES	Echinometra lucunter (Linnaeus, 1758)	Echinometra lucunter	(Linnaeus, 1758)	MX	Arrecife La Perla, porción central del arrecife		PRESENT	1	ff90b050-c256-11db-b71b-b8a03c50a862	18.544194	-94.827167	90.0		0.0	0.0	1.0	1.0	2013-09-07	7	9	2013	2278861	2278861	HUMAN_OBSERVATION	FCBA-UV		NO APLICA		González Gándara C.; De la Cruz Francisco V.; Argüelles Jiménez J.		CC_BY_4_0	Comisión Nacional para el Conocimiento y Uso de la Biodiversidad (CONABIO)	De la Cruz Francisco V.	NotAType		2025-07-05T04:15:43.840Z		COORDINATE_ROUNDED;CONTINENT_DERIVED_FROM_COORDINATES;SCIENTIFIC_NAME_ID_NOT_FOUND;TAXON_ID_NOT_FOUND;DEPTH_MIN_MAX_SWAPPED;OCCURRENCE_STATUS_INFERRED_FROM_INDIVIDUAL_COUNT
1895698731	eda1016d-1f81-4c43-833f-5ae3f5b12504	feb4a17fe73151eb18fea36606086cf7	Animalia	Echinodermata	Echinoidea	Camarodonta	Echinometridae	Echinometra	Echinometra lucunter		SPECIES	Echinometra lucunter (Linnaeus, 1758)	Echinometra lucunter	(Linnaeus, 1758)	MX	Arrecife Zapotitlán, al extremo norte del arrecife		PRESENT	1	ff90b050-c256-11db-b71b-b8a03c50a862	18.512111	-94.782278	90.0		0.0	0.0	2.5	2.5	2013-06-18	18	6	2013	2278861	2278861	PRESERVED_SPECIMEN	FCBA-UV	CI-UV	DF-CC-00377/Ech		González Gándara C.; De la Cruz Francisco V.; Argüelles Jiménez J.		CC_BY_4_0	Comisión Nacional para el Conocimiento y Uso de la Biodiversidad (CONABIO)	Argüelles Jiménez J.	NotAType		2025-07-05T04:15:43.699Z		COORDINATE_ROUNDED;CONTINENT_DERIVED_FROM_COORDINATES;SCIENTIFIC_NAME_ID_NOT_FOUND;TAXON_ID_NOT_FOUND;DEPTH_MIN_MAX_SWAPPED;OCCURRENCE_STATUS_INFERRED_FROM_INDIVIDUAL_COUNT;COLLECTION_MATCH_NONE;INSTITUTION_MATCH_FUZZY;DIFFERENT_OWNER_INSTITUTION
1895698727	eda1016d-1f81-4c43-833f-5ae3f5b12504	fd7edf5b3a0acdd9efb1403f8394b6db	Animalia	Echinodermata	Echinoidea	Camarodonta	Echinometridae	Echinometra	Echinometra lucunter		SPECIES	Echinometra lucunter (Linnaeus, 1758)	Echinometra lucunter	(Linnaeus, 1758)	MX	Arrecife Blanquilla, al noreste de barlovento		PRESENT	1	ff90b050-c256-11db-b71b-b8a03c50a862	21.548583	-97.281833	70.0		0.0	0.0	3.0	3.0	2013-03-23	23	3	2013	2278861	2278861	HUMAN_OBSERVATION	FCBA-UV		NO APLICA		González Gándara C.; De la Cruz Francisco V.; Argüelles Jiménez J.		CC_BY_4_0	Comisión Nacional para el Conocimiento y Uso de la Biodiversidad (CONABIO)	Argüelles Jiménez J.	NotAType		2025-07-05T04:15:43.792Z		COORDINATE_ROUNDED;CONTINENT_DERIVED_FROM_COORDINATES;SCIENTIFIC_NAME_ID_NOT_FOUND;TAXON_ID_NOT_FOUND;DEPTH_MIN_MAX_SWAPPED;OCCURRENCE_STATUS_INFERRED_FROM_INDIVIDUAL_COUNT
1895698723	eda1016d-1f81-4c43-833f-5ae3f5b12504	fcdd0b23ae0de9dbaa7bd23136527712	Animalia	Echinodermata	Echinoidea	Camarodonta	Echinometridae	Echinometra	Echinometra lucunter		SPECIES	Echinometra lucunter (Linnaeus, 1758)	Echinometra lucunter	(Linnaeus, 1758)	MX	Arrecife La Perla, extremo este del arrecife		PRESENT	1	ff90b050-c256-11db-b71b-b8a03c50a862	18.539778	-94.808361	90.0		0.0	0.0	4.0	4.0	2013-06-17	17	6	2013	2278861	2278861	HUMAN_OBSERVATION	FCBA-UV		NO APLICA		González Gándara C.; De la Cruz Francisco V.; Argüelles Jiménez J.		CC_BY_4_0	Comisión Nacional para el Conocimiento y Uso de la Biodiversidad (CONABIO)	Argüelles Jiménez J.	NotAType		2025-07-05T04:15:43.864Z		COORDINATE_ROUNDED;CONTINENT_DERIVED_FROM_COORDINATES;SCIENTIFIC_NAME_ID_NOT_FOUND;TAXON_ID_NOT_FOUND;DEPTH_MIN_MAX_SWAPPED;OCCURRENCE_STATUS_INFERRED_FROM_INDIVIDUAL_COUNT
1895698718	eda1016d-1f81-4c43-833f-5ae3f5b12504	f6fc20c31865b80c87b4b31b05107326	Animalia	Echinodermata	Echinoidea	Camarodonta	Echinometridae	Echinometra	Echinometra lucunter		SPECIES	Echinometra lucunter (Linnaeus, 1758)	Echinometra lucunter	(Linnaeus, 1758)	MX	Arrecife Zapotitlán, al extremo sur del arrecife		PRESENT	1	ff90b050-c256-11db-b71b-b8a03c50a862	18.487361	-94.777639	90.0		0.0	0.0	1.0	1.0	2013-09-05	5	9	2013	2278861	2278861	PRESERVED_SPECIMEN	FCBA-UV	CI-UV	DF-CC-00480/Ech		González Gándara C.; De la Cruz Francisco V.; Argüelles Jiménez J.		CC_BY_4_0	Comisión Nacional para el Conocimiento y Uso de la Biodiversidad (CONABIO)	Argüelles Jiménez J.	NotAType		2025-07-05T04:15:43.819Z		COORDINATE_ROUNDED;CONTINENT_DERIVED_FROM_COORDINATES;SCIENTIFIC_NAME_ID_NOT_FOUND;TAXON_ID_NOT_FOUND;DEPTH_MIN_MAX_SWAPPED;OCCURRENCE_STATUS_INFERRED_FROM_INDIVIDUAL_COUNT;COLLECTION_MATCH_NONE;INSTITUTION_MATCH_FUZZY;DIFFERENT_OWNER_INSTITUTION
1895698714	eda1016d-1f81-4c43-833f-5ae3f5b12504	f67f8dece9e49f71ab4a1aa20aa4dc7c	Animalia	Echinodermata	Echinoidea	Camarodonta	Echinometridae	Echinometra	Echinometra lucunter		SPECIES	Echinometra lucunter (Linnaeus, 1758)	Echinometra lucunter	(Linnaeus, 1758)	MX	Arrecife Medio, al sureste de barlovento		PRESENT	1	ff90b050-c256-11db-b71b-b8a03c50a862	21.50775	-97.250833	70.0		0.0	0.0	2.5	2.5	2013-05-05	5	5	2013	2278861	2278861	PRESERVED_SPECIMEN	FCBA-UV	CI-UV	DF-CC-00170/Ech		González Gándara C.; De la Cruz Francisco V.; Argüelles Jiménez J.		CC_BY_4_0	Comisión Nacional para el Conocimiento y Uso de la Biodiversidad (CONABIO)	Argüelles Jiménez J.	NotAType		2025-07-05T04:15:43.876Z		COORDINATE_ROUNDED;CONTINENT_DERIVED_FROM_COORDINATES;SCIENTIFIC_NAME_ID_NOT_FOUND;TAXON_ID_NOT_FOUND;DEPTH_MIN_MAX_SWAPPED;OCCURRENCE_STATUS_INFERRED_FROM_INDIVIDUAL_COUNT;COLLECTION_MATCH_NONE;INSTITUTION_MATCH_FUZZY;DIFFERENT_OWNER_INSTITUTION
1895698710	eda1016d-1f81-4c43-833f-5ae3f5b12504	f497ddb19c3f03d5af2be74a53cb98f8	Animalia	Echinodermata	Echinoidea	Camarodonta	Echinometridae	Echinometra	Echinometra lucunter		SPECIES	Echinometra lucunter (Linnaeus, 1758)	Echinometra lucunter	(Linnaeus, 1758)	MX	Arrecife Zapotitlán, área central del arrecife		PRESENT	1	ff90b050-c256-11db-b71b-b8a03c50a862	18.515944	-94.781889	90.0		0.0	0.0	2.0	2.0	2013-09-06	6	9	2013	2278861	2278861	HUMAN_OBSERVATION	FCBA-UV		NO APLICA		González Gándara C.; De la Cruz Francisco V.; Argüelles Jiménez J.		CC_BY_4_0	Comisión Nacional para el Conocimiento y Uso de la Biodiversidad (CONABIO)	De la Cruz Francisco V.	NotAType		2025-07-05T04:15:43.872Z		COORDINATE_ROUNDED;CONTINENT_DERIVED_FROM_COORDINATES;SCIENTIFIC_NAME_ID_NOT_FOUND;TAXON_ID_NOT_FOUND;DEPTH_MIN_MAX_SWAPPED;OCCURRENCE_STATUS_INFERRED_FROM_INDIVIDUAL_COUNT
1895698706	eda1016d-1f81-4c43-833f-5ae3f5b12504	f48222bc09e230c08432138d38c9bf5d	Animalia	Echinodermata	Echinoidea	Camarodonta	Echinometridae	Echinometra	Echinometra lucunter		SPECIES	Echinometra lucunter (Linnaeus, 1758)	Echinometra lucunter	(Linnaeus, 1758)	MX	Arrecife Zapotitlán, al extremo norte del arrecife		PRESENT	1	ff90b050-c256-11db-b71b-b8a03c50a862	18.512111	-94.782278	90.0		0.0	0.0	2.5	2.5	2013-06-18	18	6	2013	2278861	2278861	PRESERVED_SPECIMEN	FCBA-UV	CI-UV	DF-CC-00378/Ech		González Gándara C.; De la Cruz Francisco V.; Argüelles Jiménez J.		CC_BY_4_0	Comisión Nacional para el Conocimiento y Uso de la Biodiversidad (CONABIO)	Argüelles Jiménez J.	NotAType		2025-07-05T04:15:43.670Z		COORDINATE_ROUNDED;CONTINENT_DERIVED_FROM_COORDINATES;SCIENTIFIC_NAME_ID_NOT_FOUND;TAXON_ID_NOT_FOUND;DEPTH_MIN_MAX_SWAPPED;OCCURRENCE_STATUS_INFERRED_FROM_INDIVIDUAL_COUNT;COLLECTION_MATCH_NONE;INSTITUTION_MATCH_FUZZY;DIFFERENT_OWNER_INSTITUTION
1895698702	eda1016d-1f81-4c43-833f-5ae3f5b12504	f3fc2388d2c665aa7e8e67e7c20c1941	Animalia	Echinodermata	Echinoidea	Camarodonta	Echinometridae	Echinometra	Echinometra lucunter		SPECIES	Echinometra lucunter (Linnaeus, 1758)	Echinometra lucunter	(Linnaeus, 1758)	MX	Arrecife Zapotitlán, al extremo sur del arrecife		PRESENT	1	ff90b050-c256-11db-b71b-b8a03c50a862	18.486972	-94.775917	90.0		0.0	0.0	1.5	1.5	2013-09-05	5	9	2013	2278861	2278861	HUMAN_OBSERVATION	FCBA-UV		NO APLICA		González Gándara C.; De la Cruz Francisco V.; Argüelles Jiménez J.		CC_BY_4_0	Comisión Nacional para el Conocimiento y Uso de la Biodiversidad (CONABIO)	González Gándara C.	NotAType		2025-07-05T04:15:43.796Z		COORDINATE_ROUNDED;CONTINENT_DERIVED_FROM_COORDINATES;SCIENTIFIC_NAME_ID_NOT_FOUND;TAXON_ID_NOT_FOUND;DEPTH_MIN_MAX_SWAPPED;OCCURRENCE_STATUS_INFERRED_FROM_INDIVIDUAL_COUNT
1895698701	eda1016d-1f81-4c43-833f-5ae3f5b12504	d9dd5b31b937ca301c454344a3fb49cc	Animalia	Echinodermata	Echinoidea	Camarodonta	Echinometridae	Echinometra	Echinometra lucunter		SPECIES	Echinometra lucunter (Linnaeus, 1758)	Echinometra lucunter	(Linnaeus, 1758)	MX	Arrecife Zapotitlán, área central del arrecife		PRESENT	1	ff90b050-c256-11db-b71b-b8a03c50a862	18.510417	-94.779417	90.0		0.0	0.0	6.0	6.0	2014-05-07	7	5	2014	2278861	2278861	HUMAN_OBSERVATION	FCBA-UV		NO APLICA		González Gándara C.; De la Cruz Francisco V.; Argüelles Jiménez J.		CC_BY_4_0	Comisión Nacional para el Conocimiento y Uso de la Biodiversidad (CONABIO)	Flores Serrano S. D.	NotAType		2025-07-05T04:15:43.818Z		COORDINATE_ROUNDED;CONTINENT_DERIVED_FROM_COORDINATES;SCIENTIFIC_NAME_ID_NOT_FOUND;TAXON_ID_NOT_FOUND;DEPTH_MIN_MAX_SWAPPED;OCCURRENCE_STATUS_INFERRED_FROM_INDIVIDUAL_COUNT
1895698699	eda1016d-1f81-4c43-833f-5ae3f5b12504	f1a19a3ba1f4200480e7618e0281fdd8	Animalia	Echinodermata	Echinoidea	Camarodonta	Echinometridae	Echinometra	Echinometra lucunter		SPECIES	Echinometra lucunter (Linnaeus, 1758)	Echinometra lucunter	(Linnaeus, 1758)	MX	Arrecife La Perla, extremo oeste del arrecife, inmediaciones del barco undido		PRESENT	1	ff90b050-c256-11db-b71b-b8a03c50a862	18.551417	-94.876555	90.0		0.0	0.0	2.0	2.0	2013-09-08	8	9	2013	2278861	2278861	HUMAN_OBSERVATION	FCBA-UV		NO APLICA		González Gándara C.; De la Cruz Francisco V.; Argüelles Jiménez J.		CC_BY_4_0	Comisión Nacional para el Conocimiento y Uso de la Biodiversidad (CONABIO)	González Gándara C.	NotAType		2025-07-05T04:15:43.778Z		COORDINATE_ROUNDED;CONTINENT_DERIVED_FROM_COORDINATES;SCIENTIFIC_NAME_ID_NOT_FOUND;TAXON_ID_NOT_FOUND;DEPTH_MIN_MAX_SWAPPED;OCCURRENCE_STATUS_INFERRED_FROM_INDIVIDUAL_COUNT
1895698697	eda1016d-1f81-4c43-833f-5ae3f5b12504	d9c0d848d2286deeea988e989694552d	Animalia	Echinodermata	Echinoidea	Camarodonta	Echinometridae	Echinometra	Echinometra lucunter		SPECIES	Echinometra lucunter (Linnaeus, 1758)	Echinometra lucunter	(Linnaeus, 1758)	MX	Arrecife Zapotitlán, al extremo sur del arrecife		PRESENT	1	ff90b050-c256-11db-b71b-b8a03c50a862	18.487361	-94.777639	90.0		0.0	0.0	1.0	1.0	2013-09-05	5	9	2013	2278861	2278861	PRESERVED_SPECIMEN	FCBA-UV	CI-UV	DF-CC-00482/Ech		González Gándara C.; De la Cruz Francisco V.; Argüelles Jiménez J.		CC_BY_4_0	Comisión Nacional para el Conocimiento y Uso de la Biodiversidad (CONABIO)	Argüelles Jiménez J.	NotAType		2025-07-05T04:15:43.726Z		COORDINATE_ROUNDED;CONTINENT_DERIVED_FROM_COORDINATES;SCIENTIFIC_NAME_ID_NOT_FOUND;TAXON_ID_NOT_FOUND;DEPTH_MIN_MAX_SWAPPED;OCCURRENCE_STATUS_INFERRED_FROM_INDIVIDUAL_COUNT;COLLECTION_MATCH_NONE;INSTITUTION_MATCH_FUZZY;DIFFERENT_OWNER_INSTITUTION
1895698695	eda1016d-1f81-4c43-833f-5ae3f5b12504	f16b5b73a65c06ccb0625e076fd27186	Animalia	Echinodermata	Echinoidea	Camarodonta	Echinometridae	Echinometra	Echinometra lucunter		SPECIES	Echinometra lucunter (Linnaeus, 1758)	Echinometra lucunter	(Linnaeus, 1758)	MX	Arrecife Zapotitlán, al extremo sur del arrecife		PRESENT	1	ff90b050-c256-11db-b71b-b8a03c50a862	18.487361	-94.777639	90.0		0.0	0.0	1.0	1.0	2013-09-05	5	9	2013	2278861	2278861	PRESERVED_SPECIMEN	FCBA-UV	CI-UV	DF-CC-00485/Ech		González Gándara C.; De la Cruz Francisco V.; Argüelles Jiménez J.		CC_BY_4_0	Comisión Nacional para el Conocimiento y Uso de la Biodiversidad (CONABIO)	Argüelles Jiménez J.	NotAType		2025-07-05T04:15:43.827Z		COORDINATE_ROUNDED;CONTINENT_DERIVED_FROM_COORDINATES;SCIENTIFIC_NAME_ID_NOT_FOUND;TAXON_ID_NOT_FOUND;DEPTH_MIN_MAX_SWAPPED;OCCURRENCE_STATUS_INFERRED_FROM_INDIVIDUAL_COUNT;COLLECTION_MATCH_NONE;INSTITUTION_MATCH_FUZZY;DIFFERENT_OWNER_INSTITUTION
1895698693	eda1016d-1f81-4c43-833f-5ae3f5b12504	d9775beee23a0044223ab84c2301a4d3	Animalia	Echinodermata	Echinoidea	Camarodonta	Echinometridae	Echinometra	Echinometra lucunter		SPECIES	Echinometra lucunter (Linnaeus, 1758)	Echinometra lucunter	(Linnaeus, 1758)	MX	Arrecife Medio, al sureste de barlovento		PRESENT	1	ff90b050-c256-11db-b71b-b8a03c50a862	21.50775	-97.250833	70.0		0.0	0.0	2.5	2.5	2013-05-05	5	5	2013	2278861	2278861	PRESERVED_SPECIMEN	FCBA-UV	CI-UV	DF-CC-00162/Ech		González Gándara C.; De la Cruz Francisco V.; Argüelles Jiménez J.		CC_BY_4_0	Comisión Nacional para el Conocimiento y Uso de la Biodiversidad (CONABIO)	Argüelles Jiménez J.	NotAType		2025-07-05T04:15:43.875Z		COORDINATE_ROUNDED;CONTINENT_DERIVED_FROM_COORDINATES;SCIENTIFIC_NAME_ID_NOT_FOUND;TAXON_ID_NOT_FOUND;DEPTH_MIN_MAX_SWAPPED;OCCURRENCE_STATUS_INFERRED_FROM_INDIVIDUAL_COUNT;COLLECTION_MATCH_NONE;INSTITUTION_MATCH_FUZZY;DIFFERENT_OWNER_INSTITUTION
1895698691	eda1016d-1f81-4c43-833f-5ae3f5b12504	ee066383e6d2183289d8d9a54432461b	Animalia	Echinodermata	Echinoidea	Camarodonta	Echinometridae	Echinometra	Echinometra lucunter		SPECIES	Echinometra lucunter (Linnaeus, 1758)	Echinometra lucunter	(Linnaeus, 1758)	MX	Arrecife Zapotitlán, al extremo sur del arrecife		PRESENT	1	ff90b050-c256-11db-b71b-b8a03c50a862	18.487889	-94.777861	90.0		0.0	0.0	1.0	1.0	2013-09-05	5	9	2013	2278861	2278861	HUMAN_OBSERVATION	FCBA-UV		NO APLICA		González Gándara C.; De la Cruz Francisco V.; Argüelles Jiménez J.		CC_BY_4_0	Comisión Nacional para el Conocimiento y Uso de la Biodiversidad (CONABIO)	Argüelles Jiménez J.	NotAType		2025-07-05T04:15:43.790Z		COORDINATE_ROUNDED;CONTINENT_DERIVED_FROM_COORDINATES;SCIENTIFIC_NAME_ID_NOT_FOUND;TAXON_ID_NOT_FOUND;DEPTH_MIN_MAX_SWAPPED;OCCURRENCE_STATUS_INFERRED_FROM_INDIVIDUAL_COUNT
1895698687	eda1016d-1f81-4c43-833f-5ae3f5b12504	ed3e1ea9c49245fad57301f86e2e7c9a	Animalia	Echinodermata	Echinoidea	Camarodonta	Echinometridae	Echinometra	Echinometra lucunter		SPECIES	Echinometra lucunter (Linnaeus, 1758)	Echinometra lucunter	(Linnaeus, 1758)	MX	Arrecife La Perla, porción central del arrecife		PRESENT	1	ff90b050-c256-11db-b71b-b8a03c50a862	18.544111	-94.826778	90.0		0.0	0.0	1.0	1.0	2013-09-07	7	9	2013	2278861	2278861	HUMAN_OBSERVATION	FCBA-UV		NO APLICA		González Gándara C.; De la Cruz Francisco V.; Argüelles Jiménez J.		CC_BY_4_0	Comisión Nacional para el Conocimiento y Uso de la Biodiversidad (CONABIO)	De la Cruz Francisco V.	NotAType		2025-07-05T04:15:43.841Z		COORDINATE_ROUNDED;CONTINENT_DERIVED_FROM_COORDINATES;SCIENTIFIC_NAME_ID_NOT_FOUND;TAXON_ID_NOT_FOUND;DEPTH_MIN_MAX_SWAPPED;OCCURRENCE_STATUS_INFERRED_FROM_INDIVIDUAL_COUNT
1895698684	eda1016d-1f81-4c43-833f-5ae3f5b12504	d8c39e80242ba5a5bd7da943b8d05443	Animalia	Echinodermata	Echinoidea	Camarodonta	Echinometridae	Echinometra	Echinometra lucunter		SPECIES	Echinometra lucunter (Linnaeus, 1758)	Echinometra lucunter	(Linnaeus, 1758)	MX	Arrecife Blanquilla, al noreste de barlovento		PRESENT	1	ff90b050-c256-11db-b71b-b8a03c50a862	21.549056	-97.282111	70.0		0.0	0.0	3.0	3.0	2013-03-23	23	3	2013	2278861	2278861	HUMAN_OBSERVATION	FCBA-UV		NO APLICA		González Gándara C.; De la Cruz Francisco V.; Argüelles Jiménez J.		CC_BY_4_0	Comisión Nacional para el Conocimiento y Uso de la Biodiversidad (CONABIO)	Argüelles Jiménez J.	NotAType		2025-07-05T04:15:43.814Z		COORDINATE_ROUNDED;CONTINENT_DERIVED_FROM_COORDINATES;SCIENTIFIC_NAME_ID_NOT_FOUND;TAXON_ID_NOT_FOUND;DEPTH_MIN_MAX_SWAPPED;OCCURRENCE_STATUS_INFERRED_FROM_INDIVIDUAL_COUNT
1895698683	eda1016d-1f81-4c43-833f-5ae3f5b12504	eccd0213831cbcd077e29a657ec4abd8	Animalia	Echinodermata	Echinoidea	Camarodonta	Echinometridae	Echinometra	Echinometra lucunter		SPECIES	Echinometra lucunter (Linnaeus, 1758)	Echinometra lucunter	(Linnaeus, 1758)	MX	Arrecife Zapotitlán, al extremo sur del arrecife		PRESENT	1	ff90b050-c256-11db-b71b-b8a03c50a862	18.487361	-94.777639	90.0		0.0	0.0	1.0	1.0	2013-09-05	5	9	2013	2278861	2278861	HUMAN_OBSERVATION	FCBA-UV		NO APLICA		González Gándara C.; De la Cruz Francisco V.; Argüelles Jiménez J.		CC_BY_4_0	Comisión Nacional para el Conocimiento y Uso de la Biodiversidad (CONABIO)	De la Cruz Francisco V.	NotAType		2025-07-05T04:15:43.823Z		COORDINATE_ROUNDED;CONTINENT_DERIVED_FROM_COORDINATES;SCIENTIFIC_NAME_ID_NOT_FOUND;TAXON_ID_NOT_FOUND;DEPTH_MIN_MAX_SWAPPED;OCCURRENCE_STATUS_INFERRED_FROM_INDIVIDUAL_COUNT
1895698681	eda1016d-1f81-4c43-833f-5ae3f5b12504	d8a15f3fb7e9d4b942ea4f1e753dda1f	Animalia	Echinodermata	Echinoidea	Camarodonta	Echinometridae	Echinometra	Echinometra lucunter		SPECIES	Echinometra lucunter (Linnaeus, 1758)	Echinometra lucunter	(Linnaeus, 1758)	MX	Arrecife Zapotitlán, al extremo sur del arrecife		PRESENT	1	ff90b050-c256-11db-b71b-b8a03c50a862	18.488639	-94.777528	90.0		0.0	0.0	1.0	1.0	2013-09-05	5	9	2013	2278861	2278861	HUMAN_OBSERVATION	FCBA-UV		NO APLICA		González Gándara C.; De la Cruz Francisco V.; Argüelles Jiménez J.		CC_BY_4_0	Comisión Nacional para el Conocimiento y Uso de la Biodiversidad (CONABIO)	González Gándara C.	NotAType		2025-07-05T04:15:43.887Z		COORDINATE_ROUNDED;CONTINENT_DERIVED_FROM_COORDINATES;SCIENTIFIC_NAME_ID_NOT_FOUND;TAXON_ID_NOT_FOUND;DEPTH_MIN_MAX_SWAPPED;OCCURRENCE_STATUS_INFERRED_FROM_INDIVIDUAL_COUNT
1895698679	eda1016d-1f81-4c43-833f-5ae3f5b12504	ec323ab970f5a800498647129b109aaa	Animalia	Echinodermata	Echinoidea	Camarodonta	Echinometridae	Echinometra	Echinometra lucunter		SPECIES	Echinometra lucunter (Linnaeus, 1758)	Echinometra lucunter	(Linnaeus, 1758)	MX	Arrecife Zapotitlán, al extremo sur del arrecife		PRESENT	1	ff90b050-c256-11db-b71b-b8a03c50a862	18.488306	-94.777805	90.0		0.0	0.0	1.0	1.0	2013-09-05	5	9	2013	2278861	2278861	HUMAN_OBSERVATION	FCBA-UV		NO APLICA		González Gándara C.; De la Cruz Francisco V.; Argüelles Jiménez J.		CC_BY_4_0	Comisión Nacional para el Conocimiento y Uso de la Biodiversidad (CONABIO)	González Gándara C.	NotAType		2025-07-05T04:15:43.577Z		COORDINATE_ROUNDED;CONTINENT_DERIVED_FROM_COORDINATES;SCIENTIFIC_NAME_ID_NOT_FOUND;TAXON_ID_NOT_FOUND;DEPTH_MIN_MAX_SWAPPED;OCCURRENCE_STATUS_INFERRED_FROM_INDIVIDUAL_COUNT
1895698676	eda1016d-1f81-4c43-833f-5ae3f5b12504	d87560bb4fb1725b99e2387c4557093e	Animalia	Echinodermata	Echinoidea	Camarodonta	Echinometridae	Echinometra	Echinometra lucunter		SPECIES	Echinometra lucunter (Linnaeus, 1758)	Echinometra lucunter	(Linnaeus, 1758)	MX	Arrecife Palo Seco, área central del arrecife		PRESENT	1	ff90b050-c256-11db-b71b-b8a03c50a862	18.175389	-94.524972	90.0		0.0	0.0	7.0	7.0	2013-06-16	16	6	2013	2278861	2278861	PRESERVED_SPECIMEN	FCBA-UV	CI-UV	DF-CC-00349/Ech		González Gándara C.; De la Cruz Francisco V.; Argüelles Jiménez J.		CC_BY_4_0	Comisión Nacional para el Conocimiento y Uso de la Biodiversidad (CONABIO)	Argüelles Jiménez J.	NotAType		2025-07-05T04:15:43.740Z		COORDINATE_ROUNDED;CONTINENT_DERIVED_FROM_COORDINATES;SCIENTIFIC_NAME_ID_NOT_FOUND;TAXON_ID_NOT_FOUND;DEPTH_MIN_MAX_SWAPPED;OCCURRENCE_STATUS_INFERRED_FROM_INDIVIDUAL_COUNT;COLLECTION_MATCH_NONE;INSTITUTION_MATCH_FUZZY;DIFFERENT_OWNER_INSTITUTION
1895698675	eda1016d-1f81-4c43-833f-5ae3f5b12504	ebc0c5c4c02d636acf4024aa9073ebdf	Animalia	Echinodermata	Echinoidea	Camarodonta	Echinometridae	Echinometra	Echinometra lucunter		SPECIES	Echinometra lucunter (Linnaeus, 1758)	Echinometra lucunter	(Linnaeus, 1758)	MX	Arrecife La Perla, extremo oeste del arrecife		PRESENT	1	ff90b050-c256-11db-b71b-b8a03c50a862	18.551361	-94.872667	90.0		0.0	0.0	1.5	1.5	2013-09-08	8	9	2013	2278861	2278861	HUMAN_OBSERVATION	FCBA-UV		NO APLICA		González Gándara C.; De la Cruz Francisco V.; Argüelles Jiménez J.		CC_BY_4_0	Comisión Nacional para el Conocimiento y Uso de la Biodiversidad (CONABIO)	González Gándara C.	NotAType		2025-07-05T04:15:43.577Z		COORDINATE_ROUNDED;CONTINENT_DERIVED_FROM_COORDINATES;SCIENTIFIC_NAME_ID_NOT_FOUND;TAXON_ID_NOT_FOUND;DEPTH_MIN_MAX_SWAPPED;OCCURRENCE_STATUS_INFERRED_FROM_INDIVIDUAL_COUNT
1895698672	eda1016d-1f81-4c43-833f-5ae3f5b12504	eba110ff3ee6f9f5dfec1072e12882e2	Animalia	Echinodermata	Echinoidea	Camarodonta	Echinometridae	Echinometra	Echinometra lucunter		SPECIES	Echinometra lucunter (Linnaeus, 1758)	Echinometra lucunter	(Linnaeus, 1758)	MX	Arrecife Zapotitlán, área central del arrecife		PRESENT	1	ff90b050-c256-11db-b71b-b8a03c50a862	18.496417	-94.778278	90.0		0.0	0.0	2.0	2.0	2013-09-06	6	9	2013	2278861	2278861	HUMAN_OBSERVATION	FCBA-UV		NO APLICA		González Gándara C.; De la Cruz Francisco V.; Argüelles Jiménez J.		CC_BY_4_0	Comisión Nacional para el Conocimiento y Uso de la Biodiversidad (CONABIO)	González Gándara C.	NotAType		2025-07-05T04:15:43.727Z		COORDINATE_ROUNDED;CONTINENT_DERIVED_FROM_COORDINATES;SCIENTIFIC_NAME_ID_NOT_FOUND;TAXON_ID_NOT_FOUND;DEPTH_MIN_MAX_SWAPPED;OCCURRENCE_STATUS_INFERRED_FROM_INDIVIDUAL_COUNT
1895698671	eda1016d-1f81-4c43-833f-5ae3f5b12504	d761b6ea35cc29bf09057ac5dbb13416	Animalia	Echinodermata	Echinoidea	Camarodonta	Echinometridae	Echinometra	Echinometra lucunter		SPECIES	Echinometra lucunter (Linnaeus, 1758)	Echinometra lucunter	(Linnaeus, 1758)	MX	Arrecife Zapotitlán, al extremo sur del arrecife		PRESENT	1	ff90b050-c256-11db-b71b-b8a03c50a862	18.487889	-94.777861	90.0		0.0	0.0	1.0	1.0	2013-09-05	5	9	2013	2278861	2278861	HUMAN_OBSERVATION	FCBA-UV		NO APLICA		González Gándara C.; De la Cruz Francisco V.; Argüelles Jiménez J.		CC_BY_4_0	Comisión Nacional para el Conocimiento y Uso de la Biodiversidad (CONABIO)	Argüelles Jiménez J.	NotAType		2025-07-05T04:15:43.823Z		COORDINATE_ROUNDED;CONTINENT_DERIVED_FROM_COORDINATES;SCIENTIFIC_NAME_ID_NOT_FOUND;TAXON_ID_NOT_FOUND;DEPTH_MIN_MAX_SWAPPED;OCCURRENCE_STATUS_INFERRED_FROM_INDIVIDUAL_COUNT
1895698669	eda1016d-1f81-4c43-833f-5ae3f5b12504	eb3bec43018bc683d8d271f2e9e8994b	Animalia	Echinodermata	Echinoidea	Camarodonta	Echinometridae	Echinometra	Echinometra lucunter		SPECIES	Echinometra lucunter (Linnaeus, 1758)	Echinometra lucunter	(Linnaeus, 1758)	MX	Arrecife Zapotitlán, área central del arrecife		PRESENT	1	ff90b050-c256-11db-b71b-b8a03c50a862	18.496583	-94.778667	90.0		0.0	0.0	1.5	1.5	2013-09-06	6	9	2013	2278861	2278861	HUMAN_OBSERVATION	FCBA-UV		NO APLICA		González Gándara C.; De la Cruz Francisco V.; Argüelles Jiménez J.		CC_BY_4_0	Comisión Nacional para el Conocimiento y Uso de la Biodiversidad (CONABIO)	González Gándara C.	NotAType		2025-07-05T04:15:43.836Z		COORDINATE_ROUNDED;CONTINENT_DERIVED_FROM_COORDINATES;SCIENTIFIC_NAME_ID_NOT_FOUND;TAXON_ID_NOT_FOUND;DEPTH_MIN_MAX_SWAPPED;OCCURRENCE_STATUS_INFERRED_FROM_INDIVIDUAL_COUNT
1895698667	eda1016d-1f81-4c43-833f-5ae3f5b12504	d74f3ddc130adee06ee2d8e181f101af	Animalia	Echinodermata	Echinoidea	Camarodonta	Echinometridae	Echinometra	Echinometra lucunter		SPECIES	Echinometra lucunter (Linnaeus, 1758)	Echinometra lucunter	(Linnaeus, 1758)	MX	Arrecife Zapotitlán, al extremo norte del arrecife		PRESENT	1	ff90b050-c256-11db-b71b-b8a03c50a862	18.515806	-94.786889	90.0		0.0	0.0	1.5	1.5	2013-06-18	18	6	2013	2278861	2278861	HUMAN_OBSERVATION	FCBA-UV		NO APLICA		González Gándara C.; De la Cruz Francisco V.; Argüelles Jiménez J.		CC_BY_4_0	Comisión Nacional para el Conocimiento y Uso de la Biodiversidad (CONABIO)	Argüelles Jiménez J.	NotAType		2025-07-05T04:15:43.903Z		COORDINATE_ROUNDED;CONTINENT_DERIVED_FROM_COORDINATES;SCIENTIFIC_NAME_ID_NOT_FOUND;TAXON_ID_NOT_FOUND;DEPTH_MIN_MAX_SWAPPED;OCCURRENCE_STATUS_INFERRED_FROM_INDIVIDUAL_COUNT
1895698666	eda1016d-1f81-4c43-833f-5ae3f5b12504	bb16755d393643cbfca38dc8c0e1bfcd	Animalia	Echinodermata	Echinoidea	Camarodonta	Echinometridae	Echinometra	Echinometra lucunter		SPECIES	Echinometra lucunter (Linnaeus, 1758)	Echinometra lucunter	(Linnaeus, 1758)	MX	Arrecife Zapotitlán, al extremo sur del arrecife		PRESENT	1	ff90b050-c256-11db-b71b-b8a03c50a862	18.487361	-94.777639	90.0		0.0	0.0	1.0	1.0	2013-09-05	5	9	2013	2278861	2278861	PRESERVED_SPECIMEN	FCBA-UV	CI-UV	DF-CC-00476/Ech		González Gándara C.; De la Cruz Francisco V.; Argüelles Jiménez J.		CC_BY_4_0	Comisión Nacional para el Conocimiento y Uso de la Biodiversidad (CONABIO)	Argüelles Jiménez J.	NotAType		2025-07-05T04:15:43.831Z		COORDINATE_ROUNDED;CONTINENT_DERIVED_FROM_COORDINATES;SCIENTIFIC_NAME_ID_NOT_FOUND;TAXON_ID_NOT_FOUND;DEPTH_MIN_MAX_SWAPPED;OCCURRENCE_STATUS_INFERRED_FROM_INDIVIDUAL_COUNT;COLLECTION_MATCH_NONE;INSTITUTION_MATCH_FUZZY;DIFFERENT_OWNER_INSTITUTION
1895698664	eda1016d-1f81-4c43-833f-5ae3f5b12504	eacebbbceffe6401c40abbfd8213fb32	Animalia	Echinodermata	Echinoidea	Camarodonta	Echinometridae	Echinometra	Echinometra lucunter		SPECIES	Echinometra lucunter (Linnaeus, 1758)	Echinometra lucunter	(Linnaeus, 1758)	MX	Arrecife Zapotitlán, área central del arrecife		PRESENT	1	ff90b050-c256-11db-b71b-b8a03c50a862	18.502111	-94.780639	90.0		0.0	0.0	2.0	2.0	2013-09-07	7	9	2013	2278861	2278861	HUMAN_OBSERVATION	FCBA-UV		NO APLICA		González Gándara C.; De la Cruz Francisco V.; Argüelles Jiménez J.		CC_BY_4_0	Comisión Nacional para el Conocimiento y Uso de la Biodiversidad (CONABIO)	González Gándara C.	NotAType		2025-07-05T04:15:43.839Z		COORDINATE_ROUNDED;CONTINENT_DERIVED_FROM_COORDINATES;SCIENTIFIC_NAME_ID_NOT_FOUND;TAXON_ID_NOT_FOUND;DEPTH_MIN_MAX_SWAPPED;OCCURRENCE_STATUS_INFERRED_FROM_INDIVIDUAL_COUNT
1895698663	eda1016d-1f81-4c43-833f-5ae3f5b12504	d5b63ae7b2824927582c0e327034d41c	Animalia	Echinodermata	Echinoidea	Camarodonta	Echinometridae	Echinometra	Echinometra lucunter		SPECIES	Echinometra lucunter (Linnaeus, 1758)	Echinometra lucunter	(Linnaeus, 1758)	MX	Arrecife La Perla, porción central del arrecife		PRESENT	1	ff90b050-c256-11db-b71b-b8a03c50a862	18.543861	-94.827583	90.0		0.0	0.0	1.0	1.0	2013-09-07	7	9	2013	2278861	2278861	HUMAN_OBSERVATION	FCBA-UV		NO APLICA		González Gándara C.; De la Cruz Francisco V.; Argüelles Jiménez J.		CC_BY_4_0	Comisión Nacional para el Conocimiento y Uso de la Biodiversidad (CONABIO)	González Gándara C.	NotAType		2025-07-05T04:15:43.882Z		COORDINATE_ROUNDED;CONTINENT_DERIVED_FROM_COORDINATES;SCIENTIFIC_NAME_ID_NOT_FOUND;TAXON_ID_NOT_FOUND;DEPTH_MIN_MAX_SWAPPED;OCCURRENCE_STATUS_INFERRED_FROM_INDIVIDUAL_COUNT
1895698662	eda1016d-1f81-4c43-833f-5ae3f5b12504	ba40b0c303fed70d534b2ac6d0b17f86	Animalia	Echinodermata	Echinoidea	Camarodonta	Echinometridae	Echinometra	Echinometra lucunter		SPECIES	Echinometra lucunter (Linnaeus, 1758)	Echinometra lucunter	(Linnaeus, 1758)	MX	Arrecife Zapotitlán, área central del arrecife		PRESENT	1	ff90b050-c256-11db-b71b-b8a03c50a862	18.496417	-94.778278	90.0		0.0	0.0	2.0	2.0	2013-09-06	6	9	2013	2278861	2278861	HUMAN_OBSERVATION	FCBA-UV		NO APLICA		González Gándara C.; De la Cruz Francisco V.; Argüelles Jiménez J.		CC_BY_4_0	Comisión Nacional para el Conocimiento y Uso de la Biodiversidad (CONABIO)	Argüelles Jiménez J.	NotAType		2025-07-05T04:15:43.834Z		COORDINATE_ROUNDED;CONTINENT_DERIVED_FROM_COORDINATES;SCIENTIFIC_NAME_ID_NOT_FOUND;TAXON_ID_NOT_FOUND;DEPTH_MIN_MAX_SWAPPED;OCCURRENCE_STATUS_INFERRED_FROM_INDIVIDUAL_COUNT
1895698660	eda1016d-1f81-4c43-833f-5ae3f5b12504	908b29465235c958dcebd471c5864a8a	Animalia	Echinodermata	Echinoidea	Camarodonta	Echinometridae	Echinometra	Echinometra lucunter		SPECIES	Echinometra lucunter (Linnaeus, 1758)	Echinometra lucunter	(Linnaeus, 1758)	MX	Arrecife La Perla, extremo este del arrecife		PRESENT	1	ff90b050-c256-11db-b71b-b8a03c50a862	18.543	-94.819194	90.0		0.0	0.0	2.5	2.5	2013-06-17	17	6	2013	2278861	2278861	HUMAN_OBSERVATION	FCBA-UV		NO APLICA		González Gándara C.; De la Cruz Francisco V.; Argüelles Jiménez J.		CC_BY_4_0	Comisión Nacional para el Conocimiento y Uso de la Biodiversidad (CONABIO)	González Gándara C.	NotAType		2025-07-05T04:15:43.790Z		COORDINATE_ROUNDED;CONTINENT_DERIVED_FROM_COORDINATES;SCIENTIFIC_NAME_ID_NOT_FOUND;TAXON_ID_NOT_FOUND;DEPTH_MIN_MAX_SWAPPED;OCCURRENCE_STATUS_INFERRED_FROM_INDIVIDUAL_COUNT
1895698658	eda1016d-1f81-4c43-833f-5ae3f5b12504	e88ccb1a8ccf54457a47aeee8fbbf7ec	Animalia	Echinodermata	Echinoidea	Camarodonta	Echinometridae	Echinometra	Echinometra lucunter		SPECIES	Echinometra lucunter (Linnaeus, 1758)	Echinometra lucunter	(Linnaeus, 1758)	MX	Arrecife Zapotitlán, al extremo sur del arrecife		PRESENT	1	ff90b050-c256-11db-b71b-b8a03c50a862	18.487361	-94.777639	90.0		0.0	0.0	1.0	1.0	2013-09-05	5	9	2013	2278861	2278861	HUMAN_OBSERVATION	FCBA-UV		NO APLICA		González Gándara C.; De la Cruz Francisco V.; Argüelles Jiménez J.		CC_BY_4_0	Comisión Nacional para el Conocimiento y Uso de la Biodiversidad (CONABIO)	De la Cruz Francisco V.	NotAType		2025-07-05T04:15:43.670Z		COORDINATE_ROUNDED;CONTINENT_DERIVED_FROM_COORDINATES;SCIENTIFIC_NAME_ID_NOT_FOUND;TAXON_ID_NOT_FOUND;DEPTH_MIN_MAX_SWAPPED;OCCURRENCE_STATUS_INFERRED_FROM_INDIVIDUAL_COUNT
1895698656	eda1016d-1f81-4c43-833f-5ae3f5b12504	b71daaadff2a2682e4f598101df65d4d	Animalia	Echinodermata	Echinoidea	Camarodonta	Echinometridae	Echinometra	Echinometra lucunter		SPECIES	Echinometra lucunter (Linnaeus, 1758)	Echinometra lucunter	(Linnaeus, 1758)	MX	Arrecife Zapotitlán, al extremo norte del arrecife		PRESENT	1	ff90b050-c256-11db-b71b-b8a03c50a862	18.512111	-94.782278	90.0		0.0	0.0	2.5	2.5	2013-06-18	18	6	2013	2278861	2278861	HUMAN_OBSERVATION	FCBA-UV		NO APLICA		González Gándara C.; De la Cruz Francisco V.; Argüelles Jiménez J.		CC_BY_4_0	Comisión Nacional para el Conocimiento y Uso de la Biodiversidad (CONABIO)	Argüelles Jiménez J.	NotAType		2025-07-05T04:15:43.777Z		COORDINATE_ROUNDED;CONTINENT_DERIVED_FROM_COORDINATES;SCIENTIFIC_NAME_ID_NOT_FOUND;TAXON_ID_NOT_FOUND;DEPTH_MIN_MAX_SWAPPED;OCCURRENCE_STATUS_INFERRED_FROM_INDIVIDUAL_COUNT
1895698655	eda1016d-1f81-4c43-833f-5ae3f5b12504	8f95160772b285ff78276f8594ca640d	Animalia	Echinodermata	Echinoidea	Camarodonta	Echinometridae	Echinometra	Echinometra lucunter		SPECIES	Echinometra lucunter (Linnaeus, 1758)	Echinometra lucunter	(Linnaeus, 1758)	MX	Arrecife La Perla, extremo oeste del arrecife		PRESENT	1	ff90b050-c256-11db-b71b-b8a03c50a862	18.551139	-94.872389	90.0		0.0	0.0	1.0	1.0	2013-09-08	8	9	2013	2278861	2278861	HUMAN_OBSERVATION	FCBA-UV		NO APLICA		González Gándara C.; De la Cruz Francisco V.; Argüelles Jiménez J.		CC_BY_4_0	Comisión Nacional para el Conocimiento y Uso de la Biodiversidad (CONABIO)	De la Cruz Francisco V.	NotAType		2025-07-05T04:15:43.815Z		COORDINATE_ROUNDED;CONTINENT_DERIVED_FROM_COORDINATES;SCIENTIFIC_NAME_ID_NOT_FOUND;TAXON_ID_NOT_FOUND;DEPTH_MIN_MAX_SWAPPED;OCCURRENCE_STATUS_INFERRED_FROM_INDIVIDUAL_COUNT
1895698652	eda1016d-1f81-4c43-833f-5ae3f5b12504	e85708167e10d30f65fa1a93f5f8574d	Animalia	Echinodermata	Echinoidea	Camarodonta	Echinometridae	Echinometra	Echinometra lucunter		SPECIES	Echinometra lucunter (Linnaeus, 1758)	Echinometra lucunter	(Linnaeus, 1758)	MX	Arrecife La Perla, extremo oeste del arrecife		PRESENT	1	ff90b050-c256-11db-b71b-b8a03c50a862	18.550861	-94.872139	90.0		0.0	0.0	1.0	1.0	2013-09-08	8	9	2013	2278861	2278861	HUMAN_OBSERVATION	FCBA-UV		NO APLICA		González Gándara C.; De la Cruz Francisco V.; Argüelles Jiménez J.		CC_BY_4_0	Comisión Nacional para el Conocimiento y Uso de la Biodiversidad (CONABIO)	González Gándara C.	NotAType		2025-07-05T04:15:43.855Z		COORDINATE_ROUNDED;CONTINENT_DERIVED_FROM_COORDINATES;SCIENTIFIC_NAME_ID_NOT_FOUND;TAXON_ID_NOT_FOUND;DEPTH_MIN_MAX_SWAPPED;OCCURRENCE_STATUS_INFERRED_FROM_INDIVIDUAL_COUNT
1895698651	eda1016d-1f81-4c43-833f-5ae3f5b12504	b5a209548b1dbadfab48562f10a26252	Animalia	Echinodermata	Echinoidea	Camarodonta	Echinometridae	Echinometra	Echinometra lucunter		SPECIES	Echinometra lucunter (Linnaeus, 1758)	Echinometra lucunter	(Linnaeus, 1758)	MX	Arrecife Zapotitlán, al extremo norte del arrecife		PRESENT	1	ff90b050-c256-11db-b71b-b8a03c50a862	18.511167	-94.782167	90.0		0.0	0.0	3.0	3.0	2013-06-18	18	6	2013	2278861	2278861	HUMAN_OBSERVATION	FCBA-UV		NO APLICA		González Gándara C.; De la Cruz Francisco V.; Argüelles Jiménez J.		CC_BY_4_0	Comisión Nacional para el Conocimiento y Uso de la Biodiversidad (CONABIO)	Argüelles Jiménez J.	NotAType		2025-07-05T04:15:43.815Z		COORDINATE_ROUNDED;CONTINENT_DERIVED_FROM_COORDINATES;SCIENTIFIC_NAME_ID_NOT_FOUND;TAXON_ID_NOT_FOUND;DEPTH_MIN_MAX_SWAPPED;OCCURRENCE_STATUS_INFERRED_FROM_INDIVIDUAL_COUNT
1895698650	eda1016d-1f81-4c43-833f-5ae3f5b12504	d3771a08413214f512aa78b0541f97d2	Animalia	Echinodermata	Echinoidea	Camarodonta	Echinometridae	Echinometra	Echinometra lucunter		SPECIES	Echinometra lucunter (Linnaeus, 1758)	Echinometra lucunter	(Linnaeus, 1758)	MX	Arrecife Zapotitlán, al extremo sur del arrecife		PRESENT	1	ff90b050-c256-11db-b71b-b8a03c50a862	18.487889	-94.777861	90.0		0.0	0.0	1.0	1.0	2013-09-05	5	9	2013	2278861	2278861	HUMAN_OBSERVATION	FCBA-UV		NO APLICA		González Gándara C.; De la Cruz Francisco V.; Argüelles Jiménez J.		CC_BY_4_0	Comisión Nacional para el Conocimiento y Uso de la Biodiversidad (CONABIO)	Argüelles Jiménez J.	NotAType		2025-07-05T04:15:43.862Z		COORDINATE_ROUNDED;CONTINENT_DERIVED_FROM_COORDINATES;SCIENTIFIC_NAME_ID_NOT_FOUND;TAXON_ID_NOT_FOUND;DEPTH_MIN_MAX_SWAPPED;OCCURRENCE_STATUS_INFERRED_FROM_INDIVIDUAL_COUNT
1895698648	eda1016d-1f81-4c43-833f-5ae3f5b12504	8c3ae0588e8421a852a1ef9451d11c14	Animalia	Echinodermata	Echinoidea	Camarodonta	Echinometridae	Echinometra	Echinometra lucunter		SPECIES	Echinometra lucunter (Linnaeus, 1758)	Echinometra lucunter	(Linnaeus, 1758)	MX	Arrecife Zapotitlán, área central del arrecife		PRESENT	1	ff90b050-c256-11db-b71b-b8a03c50a862	18.501778	-94.780417	90.0		0.0	0.0	2.0	2.0	2013-09-07	7	9	2013	2278861	2278861	HUMAN_OBSERVATION	FCBA-UV		NO APLICA		González Gándara C.; De la Cruz Francisco V.; Argüelles Jiménez J.		CC_BY_4_0	Comisión Nacional para el Conocimiento y Uso de la Biodiversidad (CONABIO)	De la Cruz Francisco V.	NotAType		2025-07-05T04:15:43.851Z		COORDINATE_ROUNDED;CONTINENT_DERIVED_FROM_COORDINATES;SCIENTIFIC_NAME_ID_NOT_FOUND;TAXON_ID_NOT_FOUND;DEPTH_MIN_MAX_SWAPPED;OCCURRENCE_STATUS_INFERRED_FROM_INDIVIDUAL_COUNT
1895698646	eda1016d-1f81-4c43-833f-5ae3f5b12504	e7cd9f652408d50168a199d8214dc388	Animalia	Echinodermata	Echinoidea	Camarodonta	Echinometridae	Echinometra	Echinometra lucunter		SPECIES	Echinometra lucunter (Linnaeus, 1758)	Echinometra lucunter	(Linnaeus, 1758)	MX	Arrecife Zapotitlán, al extremo sur del arrecife		PRESENT	1	ff90b050-c256-11db-b71b-b8a03c50a862	18.486861	-94.775833	90.0		0.0	0.0	2.5	2.5	2013-09-05	5	9	2013	2278861	2278861	HUMAN_OBSERVATION	FCBA-UV		NO APLICA		González Gándara C.; De la Cruz Francisco V.; Argüelles Jiménez J.		CC_BY_4_0	Comisión Nacional para el Conocimiento y Uso de la Biodiversidad (CONABIO)	De la Cruz Francisco V.	NotAType		2025-07-05T04:15:43.804Z		COORDINATE_ROUNDED;CONTINENT_DERIVED_FROM_COORDINATES;SCIENTIFIC_NAME_ID_NOT_FOUND;TAXON_ID_NOT_FOUND;DEPTH_MIN_MAX_SWAPPED;OCCURRENCE_STATUS_INFERRED_FROM_INDIVIDUAL_COUNT
1895698645	eda1016d-1f81-4c43-833f-5ae3f5b12504	d370983f8b3ac588312ec204889f6b6c	Animalia	Echinodermata	Echinoidea	Camarodonta	Echinometridae	Echinometra	Echinometra lucunter		SPECIES	Echinometra lucunter (Linnaeus, 1758)	Echinometra lucunter	(Linnaeus, 1758)	MX	Arrecife La Perla, porción central del arrecife		PRESENT	1	ff90b050-c256-11db-b71b-b8a03c50a862	18.543667	-94.826583	90.0		0.0	0.0	1.0	1.0	2013-09-07	7	9	2013	2278861	2278861	HUMAN_OBSERVATION	FCBA-UV		NO APLICA		González Gándara C.; De la Cruz Francisco V.; Argüelles Jiménez J.		CC_BY_4_0	Comisión Nacional para el Conocimiento y Uso de la Biodiversidad (CONABIO)	González Gándara C.	NotAType		2025-07-05T04:15:43.788Z		COORDINATE_ROUNDED;CONTINENT_DERIVED_FROM_COORDINATES;SCIENTIFIC_NAME_ID_NOT_FOUND;TAXON_ID_NOT_FOUND;DEPTH_MIN_MAX_SWAPPED;OCCURRENCE_STATUS_INFERRED_FROM_INDIVIDUAL_COUNT
1895698644	eda1016d-1f81-4c43-833f-5ae3f5b12504	b4f9a408e649ac3b53b1764efa2ce705	Animalia	Echinodermata	Echinoidea	Camarodonta	Echinometridae	Echinometra	Echinometra lucunter		SPECIES	Echinometra lucunter (Linnaeus, 1758)	Echinometra lucunter	(Linnaeus, 1758)	MX	Arrecife Zapotitlán, área central del arrecife		PRESENT	1	ff90b050-c256-11db-b71b-b8a03c50a862	18.500944	-94.781139	90.0		0.0	0.0	1.5	1.5	2013-09-07	7	9	2013	2278861	2278861	HUMAN_OBSERVATION	FCBA-UV		NO APLICA		González Gándara C.; De la Cruz Francisco V.; Argüelles Jiménez J.		CC_BY_4_0	Comisión Nacional para el Conocimiento y Uso de la Biodiversidad (CONABIO)	González Gándara C.	NotAType		2025-07-05T04:15:43.789Z		COORDINATE_ROUNDED;CONTINENT_DERIVED_FROM_COORDINATES;SCIENTIFIC_NAME_ID_NOT_FOUND;TAXON_ID_NOT_FOUND;DEPTH_MIN_MAX_SWAPPED;OCCURRENCE_STATUS_INFERRED_FROM_INDIVIDUAL_COUNT
1895698642	eda1016d-1f81-4c43-833f-5ae3f5b12504	8be767dd162f2bbadff7e1c5f78c9119	Animalia	Echinodermata	Echinoidea	Camarodonta	Echinometridae	Echinometra	Echinometra lucunter		SPECIES	Echinometra lucunter (Linnaeus, 1758)	Echinometra lucunter	(Linnaeus, 1758)	MX	Arrecife Zapotitlán, área central del arrecife		PRESENT	1	ff90b050-c256-11db-b71b-b8a03c50a862	18.509944	-94.781528	90.0		0.0	0.0	2.0	2.0	2013-09-06	6	9	2013	2278861	2278861	HUMAN_OBSERVATION	FCBA-UV		NO APLICA		González Gándara C.; De la Cruz Francisco V.; Argüelles Jiménez J.		CC_BY_4_0	Comisión Nacional para el Conocimiento y Uso de la Biodiversidad (CONABIO)	González Gándara C.	NotAType		2025-07-05T04:15:43.846Z		COORDINATE_ROUNDED;CONTINENT_DERIVED_FROM_COORDINATES;SCIENTIFIC_NAME_ID_NOT_FOUND;TAXON_ID_NOT_FOUND;DEPTH_MIN_MAX_SWAPPED;OCCURRENCE_STATUS_INFERRED_FROM_INDIVIDUAL_COUNT
1895698640	eda1016d-1f81-4c43-833f-5ae3f5b12504	e77d9bd1ea6507a4b56473d59c6f6ae8	Animalia	Echinodermata	Echinoidea	Camarodonta	Echinometridae	Echinometra	Echinometra lucunter		SPECIES	Echinometra lucunter (Linnaeus, 1758)	Echinometra lucunter	(Linnaeus, 1758)	MX	Arrecife Zapotitlán, área central del arrecife		PRESENT	1	ff90b050-c256-11db-b71b-b8a03c50a862	18.496583	-94.778667	90.0		0.0	0.0	1.5	1.5	2013-09-06	6	9	2013	2278861	2278861	HUMAN_OBSERVATION	FCBA-UV		NO APLICA		González Gándara C.; De la Cruz Francisco V.; Argüelles Jiménez J.		CC_BY_4_0	Comisión Nacional para el Conocimiento y Uso de la Biodiversidad (CONABIO)	González Gándara C.	NotAType		2025-07-05T04:15:43.728Z		COORDINATE_ROUNDED;CONTINENT_DERIVED_FROM_COORDINATES;SCIENTIFIC_NAME_ID_NOT_FOUND;TAXON_ID_NOT_FOUND;DEPTH_MIN_MAX_SWAPPED;OCCURRENCE_STATUS_INFERRED_FROM_INDIVIDUAL_COUNT
1895698639	eda1016d-1f81-4c43-833f-5ae3f5b12504	d35fdbc9bec2686bfab9a35de7c71efe	Animalia	Echinodermata	Echinoidea	Camarodonta	Echinometridae	Echinometra	Echinometra lucunter		SPECIES	Echinometra lucunter (Linnaeus, 1758)	Echinometra lucunter	(Linnaeus, 1758)	MX	Arrecife Zapotitlán, al extremo norte del arrecife		PRESENT	1	ff90b050-c256-11db-b71b-b8a03c50a862	18.515778	-94.786028	90.0		0.0	0.0	3.0	3.0	2013-06-18	18	6	2013	2278861	2278861	HUMAN_OBSERVATION	FCBA-UV		NO APLICA		González Gándara C.; De la Cruz Francisco V.; Argüelles Jiménez J.		CC_BY_4_0	Comisión Nacional para el Conocimiento y Uso de la Biodiversidad (CONABIO)	Argüelles Jiménez J.	NotAType		2025-07-05T04:15:43.818Z		COORDINATE_ROUNDED;CONTINENT_DERIVED_FROM_COORDINATES;SCIENTIFIC_NAME_ID_NOT_FOUND;TAXON_ID_NOT_FOUND;DEPTH_MIN_MAX_SWAPPED;OCCURRENCE_STATUS_INFERRED_FROM_INDIVIDUAL_COUNT
1895698638	eda1016d-1f81-4c43-833f-5ae3f5b12504	b47dd885701ec75d6a14626632ce1a58	Animalia	Echinodermata	Echinoidea	Camarodonta	Echinometridae	Echinometra	Echinometra lucunter		SPECIES	Echinometra lucunter (Linnaeus, 1758)	Echinometra lucunter	(Linnaeus, 1758)	MX	Arrecife Blanquilla, al este de barlovento		PRESENT	1	ff90b050-c256-11db-b71b-b8a03c50a862	21.544972	-97.27725	70.0		0.0	0.0	2.5	2.5	2013-03-23	23	3	2013	2278861	2278861	HUMAN_OBSERVATION	FCBA-UV		NO APLICA		González Gándara C.; De la Cruz Francisco V.; Argüelles Jiménez J.		CC_BY_4_0	Comisión Nacional para el Conocimiento y Uso de la Biodiversidad (CONABIO)	De la Cruz Francisco V.	NotAType		2025-07-05T04:15:43.880Z		COORDINATE_ROUNDED;CONTINENT_DERIVED_FROM_COORDINATES;SCIENTIFIC_NAME_ID_NOT_FOUND;TAXON_ID_NOT_FOUND;DEPTH_MIN_MAX_SWAPPED;OCCURRENCE_STATUS_INFERRED_FROM_INDIVIDUAL_COUNT
1895698636	eda1016d-1f81-4c43-833f-5ae3f5b12504	8bd761d8cc300e2f8693236d990c6749	Animalia	Echinodermata	Echinoidea	Camarodonta	Echinometridae	Echinometra	Echinometra lucunter		SPECIES	Echinometra lucunter (Linnaeus, 1758)	Echinometra lucunter	(Linnaeus, 1758)	MX	Arrecife Zapotitlán, al extremo sur del arrecife		PRESENT	1	ff90b050-c256-11db-b71b-b8a03c50a862	18.487361	-94.777639	90.0		0.0	0.0	1.0	1.0	2013-09-05	5	9	2013	2278861	2278861	HUMAN_OBSERVATION	FCBA-UV		NO APLICA		González Gándara C.; De la Cruz Francisco V.; Argüelles Jiménez J.		CC_BY_4_0	Comisión Nacional para el Conocimiento y Uso de la Biodiversidad (CONABIO)	De la Cruz Francisco V.	NotAType		2025-07-05T04:15:43.790Z		COORDINATE_ROUNDED;CONTINENT_DERIVED_FROM_COORDINATES;SCIENTIFIC_NAME_ID_NOT_FOUND;TAXON_ID_NOT_FOUND;DEPTH_MIN_MAX_SWAPPED;OCCURRENCE_STATUS_INFERRED_FROM_INDIVIDUAL_COUNT
1895698632	eda1016d-1f81-4c43-833f-5ae3f5b12504	d315ecde4fd8e9fd31df2a9f2ab0a082	Animalia	Echinodermata	Echinoidea	Camarodonta	Echinometridae	Echinometra	Echinometra lucunter		SPECIES	Echinometra lucunter (Linnaeus, 1758)	Echinometra lucunter	(Linnaeus, 1758)	MX	Arrecife Zapotitlán, área central del arrecife		PRESENT	1	ff90b050-c256-11db-b71b-b8a03c50a862	18.501778	-94.780417	90.0		0.0	0.0	2.0	2.0	2013-09-07	7	9	2013	2278861	2278861	HUMAN_OBSERVATION	FCBA-UV		NO APLICA		González Gándara C.; De la Cruz Francisco V.; Argüelles Jiménez J.		CC_BY_4_0	Comisión Nacional para el Conocimiento y Uso de la Biodiversidad (CONABIO)	De la Cruz Francisco V.	NotAType		2025-07-05T04:15:43.833Z		COORDINATE_ROUNDED;CONTINENT_DERIVED_FROM_COORDINATES;SCIENTIFIC_NAME_ID_NOT_FOUND;TAXON_ID_NOT_FOUND;DEPTH_MIN_MAX_SWAPPED;OCCURRENCE_STATUS_INFERRED_FROM_INDIVIDUAL_COUNT
1895698630	eda1016d-1f81-4c43-833f-5ae3f5b12504	89e8a277b7fa8c2e5b3d1d8b3e1dae99	Animalia	Echinodermata	Echinoidea	Camarodonta	Echinometridae	Echinometra	Echinometra lucunter		SPECIES	Echinometra lucunter (Linnaeus, 1758)	Echinometra lucunter	(Linnaeus, 1758)	MX	Arrecife Zapotitlán, al extremo sur del arrecife		PRESENT	1	ff90b050-c256-11db-b71b-b8a03c50a862	18.486972	-94.775528	90.0		0.0	0.0	2.5	2.5	2013-09-05	5	9	2013	2278861	2278861	HUMAN_OBSERVATION	FCBA-UV		NO APLICA		González Gándara C.; De la Cruz Francisco V.; Argüelles Jiménez J.		CC_BY_4_0	Comisión Nacional para el Conocimiento y Uso de la Biodiversidad (CONABIO)	González Gándara C.	NotAType		2025-07-05T04:15:43.818Z		COORDINATE_ROUNDED;CONTINENT_DERIVED_FROM_COORDINATES;SCIENTIFIC_NAME_ID_NOT_FOUND;TAXON_ID_NOT_FOUND;DEPTH_MIN_MAX_SWAPPED;OCCURRENCE_STATUS_INFERRED_FROM_INDIVIDUAL_COUNT
1895698628	eda1016d-1f81-4c43-833f-5ae3f5b12504	d214fa62707a1e7136173fb3abdb5364	Animalia	Echinodermata	Echinoidea	Camarodonta	Echinometridae	Echinometra	Echinometra lucunter		SPECIES	Echinometra lucunter (Linnaeus, 1758)	Echinometra lucunter	(Linnaeus, 1758)	MX	Arrecife Zapotitlán, área central del arrecife		PRESENT	1	ff90b050-c256-11db-b71b-b8a03c50a862	18.510417	-94.779417	90.0		0.0	0.0	6.0	6.0	2014-05-07	7	5	2014	2278861	2278861	HUMAN_OBSERVATION	FCBA-UV		NO APLICA		González Gándara C.; De la Cruz Francisco V.; Argüelles Jiménez J.		CC_BY_4_0	Comisión Nacional para el Conocimiento y Uso de la Biodiversidad (CONABIO)	De la Cruz Francisco V.	NotAType		2025-07-05T04:15:43.678Z		COORDINATE_ROUNDED;CONTINENT_DERIVED_FROM_COORDINATES;SCIENTIFIC_NAME_ID_NOT_FOUND;TAXON_ID_NOT_FOUND;DEPTH_MIN_MAX_SWAPPED;OCCURRENCE_STATUS_INFERRED_FROM_INDIVIDUAL_COUNT
1895698627	eda1016d-1f81-4c43-833f-5ae3f5b12504	e4b3016d2e2be798fc00d82897f053dc	Animalia	Echinodermata	Echinoidea	Camarodonta	Echinometridae	Echinometra	Echinometra lucunter		SPECIES	Echinometra lucunter (Linnaeus, 1758)	Echinometra lucunter	(Linnaeus, 1758)	MX	Arrecife Zapotitlán, área central del arrecife		PRESENT	1	ff90b050-c256-11db-b71b-b8a03c50a862	18.49725	-94.778778	90.0		0.0	0.0	1.5	1.5	2013-09-06	6	9	2013	2278861	2278861	HUMAN_OBSERVATION	FCBA-UV		NO APLICA		González Gándara C.; De la Cruz Francisco V.; Argüelles Jiménez J.		CC_BY_4_0	Comisión Nacional para el Conocimiento y Uso de la Biodiversidad (CONABIO)	González Gándara C.	NotAType		2025-07-05T04:15:43.858Z		COORDINATE_ROUNDED;CONTINENT_DERIVED_FROM_COORDINATES;SCIENTIFIC_NAME_ID_NOT_FOUND;TAXON_ID_NOT_FOUND;DEPTH_MIN_MAX_SWAPPED;OCCURRENCE_STATUS_INFERRED_FROM_INDIVIDUAL_COUNT
1895698625	eda1016d-1f81-4c43-833f-5ae3f5b12504	b2afa8c090decf082e2183581ad7c310	Animalia	Echinodermata	Echinoidea	Camarodonta	Echinometridae	Echinometra	Echinometra lucunter		SPECIES	Echinometra lucunter (Linnaeus, 1758)	Echinometra lucunter	(Linnaeus, 1758)	MX	Arrecife La Perla, extremo oeste del arrecife		PRESENT	1	ff90b050-c256-11db-b71b-b8a03c50a862	18.550861	-94.872139	90.0		0.0	0.0	1.0	1.0	2013-09-08	8	9	2013	2278861	2278861	HUMAN_OBSERVATION	FCBA-UV		NO APLICA		González Gándara C.; De la Cruz Francisco V.; Argüelles Jiménez J.		CC_BY_4_0	Comisión Nacional para el Conocimiento y Uso de la Biodiversidad (CONABIO)	Argüelles Jiménez J.	NotAType		2025-07-05T04:15:43.816Z		COORDINATE_ROUNDED;CONTINENT_DERIVED_FROM_COORDINATES;SCIENTIFIC_NAME_ID_NOT_FOUND;TAXON_ID_NOT_FOUND;DEPTH_MIN_MAX_SWAPPED;OCCURRENCE_STATUS_INFERRED_FROM_INDIVIDUAL_COUNT
1895698624	eda1016d-1f81-4c43-833f-5ae3f5b12504	89524aa54ff2146a899285cac3048026	Animalia	Echinodermata	Echinoidea	Camarodonta	Echinometridae	Echinometra	Echinometra lucunter		SPECIES	Echinometra lucunter (Linnaeus, 1758)	Echinometra lucunter	(Linnaeus, 1758)	MX	Arrecife La Perla, porción central del arrecife		PRESENT	1	ff90b050-c256-11db-b71b-b8a03c50a862	18.543667	-94.826055	90.0		0.0	0.0	1.0	1.0	2013-09-07	7	9	2013	2278861	2278861	HUMAN_OBSERVATION	FCBA-UV		NO APLICA		González Gándara C.; De la Cruz Francisco V.; Argüelles Jiménez J.		CC_BY_4_0	Comisión Nacional para el Conocimiento y Uso de la Biodiversidad (CONABIO)	González Gándara C.	NotAType		2025-07-05T04:15:43.816Z		COORDINATE_ROUNDED;CONTINENT_DERIVED_FROM_COORDINATES;SCIENTIFIC_NAME_ID_NOT_FOUND;TAXON_ID_NOT_FOUND;DEPTH_MIN_MAX_SWAPPED;OCCURRENCE_STATUS_INFERRED_FROM_INDIVIDUAL_COUNT
1895698622	eda1016d-1f81-4c43-833f-5ae3f5b12504	b201703b4663fa9b2f4db4ff1470a6ed	Animalia	Echinodermata	Echinoidea	Camarodonta	Echinometridae	Echinometra	Echinometra lucunter		SPECIES	Echinometra lucunter (Linnaeus, 1758)	Echinometra lucunter	(Linnaeus, 1758)	MX	Arrecife Zapotitlán, al extremo sur del arrecife		PRESENT	1	ff90b050-c256-11db-b71b-b8a03c50a862	18.486861	-94.775833	90.0		0.0	0.0	2.5	2.5	2013-09-05	5	9	2013	2278861	2278861	HUMAN_OBSERVATION	FCBA-UV		NO APLICA		González Gándara C.; De la Cruz Francisco V.; Argüelles Jiménez J.		CC_BY_4_0	Comisión Nacional para el Conocimiento y Uso de la Biodiversidad (CONABIO)	González Gándara C.	NotAType		2025-07-05T04:15:43.788Z		COORDINATE_ROUNDED;CONTINENT_DERIVED_FROM_COORDINATES;SCIENTIFIC_NAME_ID_NOT_FOUND;TAXON_ID_NOT_FOUND;DEPTH_MIN_MAX_SWAPPED;OCCURRENCE_STATUS_INFERRED_FROM_INDIVIDUAL_COUNT
1895698621	eda1016d-1f81-4c43-833f-5ae3f5b12504	d213c6964cc407dc9916df30224302cb	Animalia	Echinodermata	Echinoidea	Camarodonta	Echinometridae	Echinometra	Echinometra lucunter		SPECIES	Echinometra lucunter (Linnaeus, 1758)	Echinometra lucunter	(Linnaeus, 1758)	MX	Arrecife Zapotitlán, área central del arrecife		PRESENT	1	ff90b050-c256-11db-b71b-b8a03c50a862	18.501778	-94.780417	90.0		0.0	0.0	2.0	2.0	2013-09-07	7	9	2013	2278861	2278861	HUMAN_OBSERVATION	FCBA-UV		NO APLICA		González Gándara C.; De la Cruz Francisco V.; Argüelles Jiménez J.		CC_BY_4_0	Comisión Nacional para el Conocimiento y Uso de la Biodiversidad (CONABIO)	González Gándara C.	NotAType		2025-07-05T04:15:43.807Z		COORDINATE_ROUNDED;CONTINENT_DERIVED_FROM_COORDINATES;SCIENTIFIC_NAME_ID_NOT_FOUND;TAXON_ID_NOT_FOUND;DEPTH_MIN_MAX_SWAPPED;OCCURRENCE_STATUS_INFERRED_FROM_INDIVIDUAL_COUNT
1895698620	eda1016d-1f81-4c43-833f-5ae3f5b12504	e48b72ac8924cb3ed7c792afb0b6a5e4	Animalia	Echinodermata	Echinoidea	Camarodonta	Echinometridae	Echinometra	Echinometra lucunter		SPECIES	Echinometra lucunter (Linnaeus, 1758)	Echinometra lucunter	(Linnaeus, 1758)	MX	Arrecife La Perla, extremo oeste del arrecife		PRESENT	1	ff90b050-c256-11db-b71b-b8a03c50a862	18.551139	-94.872389	90.0		0.0	0.0	1.0	1.0	2013-09-08	8	9	2013	2278861	2278861	PRESERVED_SPECIMEN	FCBA-UV	CI-UV	DF-CC-00426/Ech		González Gándara C.; De la Cruz Francisco V.; Argüelles Jiménez J.		CC_BY_4_0	Comisión Nacional para el Conocimiento y Uso de la Biodiversidad (CONABIO)	De la Cruz Francisco V.	NotAType		2025-07-05T04:15:43.778Z		COORDINATE_ROUNDED;CONTINENT_DERIVED_FROM_COORDINATES;SCIENTIFIC_NAME_ID_NOT_FOUND;TAXON_ID_NOT_FOUND;DEPTH_MIN_MAX_SWAPPED;OCCURRENCE_STATUS_INFERRED_FROM_INDIVIDUAL_COUNT;COLLECTION_MATCH_NONE;INSTITUTION_MATCH_FUZZY;DIFFERENT_OWNER_INSTITUTION
1895698618	eda1016d-1f81-4c43-833f-5ae3f5b12504	894b2c4c166e6ed4044c682ee1bb3b12	Animalia	Echinodermata	Echinoidea	Camarodonta	Echinometridae	Echinometra	Echinometra lucunter		SPECIES	Echinometra lucunter (Linnaeus, 1758)	Echinometra lucunter	(Linnaeus, 1758)	MX	Arrecife Zapotitlán, al extremo sur del arrecife		PRESENT	1	ff90b050-c256-11db-b71b-b8a03c50a862	18.486972	-94.775917	90.0		0.0	0.0	1.5	1.5	2013-09-05	5	9	2013	2278861	2278861	HUMAN_OBSERVATION	FCBA-UV		NO APLICA		González Gándara C.; De la Cruz Francisco V.; Argüelles Jiménez J.		CC_BY_4_0	Comisión Nacional para el Conocimiento y Uso de la Biodiversidad (CONABIO)	González Gándara C.	NotAType		2025-07-05T04:15:43.716Z		COORDINATE_ROUNDED;CONTINENT_DERIVED_FROM_COORDINATES;SCIENTIFIC_NAME_ID_NOT_FOUND;TAXON_ID_NOT_FOUND;DEPTH_MIN_MAX_SWAPPED;OCCURRENCE_STATUS_INFERRED_FROM_INDIVIDUAL_COUNT
1895698617	eda1016d-1f81-4c43-833f-5ae3f5b12504	88af62a88497dbdd5fdbb7dae3e12161	Animalia	Echinodermata	Echinoidea	Camarodonta	Echinometridae	Echinometra	Echinometra lucunter		SPECIES	Echinometra lucunter (Linnaeus, 1758)	Echinometra lucunter	(Linnaeus, 1758)	MX	Arrecife Zapotitlán, área central del arrecife		PRESENT	1	ff90b050-c256-11db-b71b-b8a03c50a862	18.501278	-94.780472	90.0		0.0	0.0	2.0	2.0	2013-09-07	7	9	2013	2278861	2278861	HUMAN_OBSERVATION	FCBA-UV		NO APLICA		González Gándara C.; De la Cruz Francisco V.; Argüelles Jiménez J.		CC_BY_4_0	Comisión Nacional para el Conocimiento y Uso de la Biodiversidad (CONABIO)	González Gándara C.	NotAType		2025-07-05T04:15:43.807Z		COORDINATE_ROUNDED;CONTINENT_DERIVED_FROM_COORDINATES;SCIENTIFIC_NAME_ID_NOT_FOUND;TAXON_ID_NOT_FOUND;DEPTH_MIN_MAX_SWAPPED;OCCURRENCE_STATUS_INFERRED_FROM_INDIVIDUAL_COUNT
1895698615	eda1016d-1f81-4c43-833f-5ae3f5b12504	b0e27eb378db659100ac1de9d4a87f8c	Animalia	Echinodermata	Echinoidea	Camarodonta	Echinometridae	Echinometra	Echinometra lucunter		SPECIES	Echinometra lucunter (Linnaeus, 1758)	Echinometra lucunter	(Linnaeus, 1758)	MX	Arrecife La Perla, extremo oeste del arrecife, inmediaciones del barco undido		PRESENT	1	ff90b050-c256-11db-b71b-b8a03c50a862	18.550861	-94.876167	90.0		0.0	0.0	1.5	1.5	2013-09-08	8	9	2013	2278861	2278861	HUMAN_OBSERVATION	FCBA-UV		NO APLICA		González Gándara C.; De la Cruz Francisco V.; Argüelles Jiménez J.		CC_BY_4_0	Comisión Nacional para el Conocimiento y Uso de la Biodiversidad (CONABIO)	González Gándara C.	NotAType		2025-07-05T04:15:43.861Z		COORDINATE_ROUNDED;CONTINENT_DERIVED_FROM_COORDINATES;SCIENTIFIC_NAME_ID_NOT_FOUND;TAXON_ID_NOT_FOUND;DEPTH_MIN_MAX_SWAPPED;OCCURRENCE_STATUS_INFERRED_FROM_INDIVIDUAL_COUNT
1895698613	eda1016d-1f81-4c43-833f-5ae3f5b12504	d197797d9641ab8ca28c075beb9b02fe	Animalia	Echinodermata	Echinoidea	Camarodonta	Echinometridae	Echinometra	Echinometra lucunter		SPECIES	Echinometra lucunter (Linnaeus, 1758)	Echinometra lucunter	(Linnaeus, 1758)	MX	Arrecife Zapotitlán, al extremo sur del arrecife		PRESENT	1	ff90b050-c256-11db-b71b-b8a03c50a862	18.487139	-94.775583	90.0		0.0	0.0	2.5	2.5	2013-09-05	5	9	2013	2278861	2278861	HUMAN_OBSERVATION	FCBA-UV		NO APLICA		González Gándara C.; De la Cruz Francisco V.; Argüelles Jiménez J.		CC_BY_4_0	Comisión Nacional para el Conocimiento y Uso de la Biodiversidad (CONABIO)	Argüelles Jiménez J.	NotAType		2025-07-05T04:15:43.738Z		COORDINATE_ROUNDED;CONTINENT_DERIVED_FROM_COORDINATES;SCIENTIFIC_NAME_ID_NOT_FOUND;TAXON_ID_NOT_FOUND;DEPTH_MIN_MAX_SWAPPED;OCCURRENCE_STATUS_INFERRED_FROM_INDIVIDUAL_COUNT
1895698612	eda1016d-1f81-4c43-833f-5ae3f5b12504	b0486cb0995ef2038fc40d611b589a73	Animalia	Echinodermata	Echinoidea	Camarodonta	Echinometridae	Echinometra	Echinometra lucunter		SPECIES	Echinometra lucunter (Linnaeus, 1758)	Echinometra lucunter	(Linnaeus, 1758)	MX	Arrecife Medio, al sureste de barlovento		PRESENT	1	ff90b050-c256-11db-b71b-b8a03c50a862	21.50775	-97.250833	70.0		0.0	0.0	2.5	2.5	2013-05-05	5	5	2013	2278861	2278861	PRESERVED_SPECIMEN	FCBA-UV	CI-UV	DF-CC-00141/Ech		González Gándara C.; De la Cruz Francisco V.; Argüelles Jiménez J.		CC_BY_4_0	Comisión Nacional para el Conocimiento y Uso de la Biodiversidad (CONABIO)	Argüelles Jiménez J.	NotAType		2025-07-05T04:15:43.782Z		COORDINATE_ROUNDED;CONTINENT_DERIVED_FROM_COORDINATES;SCIENTIFIC_NAME_ID_NOT_FOUND;TAXON_ID_NOT_FOUND;DEPTH_MIN_MAX_SWAPPED;OCCURRENCE_STATUS_INFERRED_FROM_INDIVIDUAL_COUNT;COLLECTION_MATCH_NONE;INSTITUTION_MATCH_FUZZY;DIFFERENT_OWNER_INSTITUTION
1895698611	eda1016d-1f81-4c43-833f-5ae3f5b12504	880399c7be07c23a1a854ca532579677	Animalia	Echinodermata	Echinoidea	Camarodonta	Echinometridae	Echinometra	Echinometra lucunter		SPECIES	Echinometra lucunter (Linnaeus, 1758)	Echinometra lucunter	(Linnaeus, 1758)	MX	Arrecife La Perla, porción central del arrecife		PRESENT	1	ff90b050-c256-11db-b71b-b8a03c50a862	18.544111	-94.826778	90.0		0.0	0.0	1.0	1.0	2013-09-07	7	9	2013	2278861	2278861	HUMAN_OBSERVATION	FCBA-UV		NO APLICA		González Gándara C.; De la Cruz Francisco V.; Argüelles Jiménez J.		CC_BY_4_0	Comisión Nacional para el Conocimiento y Uso de la Biodiversidad (CONABIO)	Argüelles Jiménez J.	NotAType		2025-07-05T04:15:43.727Z		COORDINATE_ROUNDED;CONTINENT_DERIVED_FROM_COORDINATES;SCIENTIFIC_NAME_ID_NOT_FOUND;TAXON_ID_NOT_FOUND;DEPTH_MIN_MAX_SWAPPED;OCCURRENCE_STATUS_INFERRED_FROM_INDIVIDUAL_COUNT
1895698610	eda1016d-1f81-4c43-833f-5ae3f5b12504	d10c2b8b989360aeb3098bc9abdd59c0	Animalia	Echinodermata	Echinoidea	Camarodonta	Echinometridae	Echinometra	Echinometra lucunter		SPECIES	Echinometra lucunter (Linnaeus, 1758)	Echinometra lucunter	(Linnaeus, 1758)	MX	Arrecife Zapotitlán, área central del arrecife		PRESENT	1	ff90b050-c256-11db-b71b-b8a03c50a862	18.496806	-94.77825	90.0		0.0	0.0	1.5	1.5	2013-09-06	6	9	2013	2278861	2278861	HUMAN_OBSERVATION	FCBA-UV		NO APLICA		González Gándara C.; De la Cruz Francisco V.; Argüelles Jiménez J.		CC_BY_4_0	Comisión Nacional para el Conocimiento y Uso de la Biodiversidad (CONABIO)	De la Cruz Francisco V.	NotAType		2025-07-05T04:15:43.837Z		COORDINATE_ROUNDED;CONTINENT_DERIVED_FROM_COORDINATES;SCIENTIFIC_NAME_ID_NOT_FOUND;TAXON_ID_NOT_FOUND;DEPTH_MIN_MAX_SWAPPED;OCCURRENCE_STATUS_INFERRED_FROM_INDIVIDUAL_COUNT
1895698609	eda1016d-1f81-4c43-833f-5ae3f5b12504	e357fac91af0873e95196103f413788c	Animalia	Echinodermata	Echinoidea	Camarodonta	Echinometridae	Echinometra	Echinometra lucunter		SPECIES	Echinometra lucunter (Linnaeus, 1758)	Echinometra lucunter	(Linnaeus, 1758)	MX	Arrecife Zapotitlán, al extremo norte del arrecife		PRESENT	1	ff90b050-c256-11db-b71b-b8a03c50a862	18.515806	-94.786889	90.0		0.0	0.0	1.5	1.5	2013-06-18	18	6	2013	2278861	2278861	PRESERVED_SPECIMEN	FCBA-UV	CI-UV	DF-CC-00383/Ech		González Gándara C.; De la Cruz Francisco V.; Argüelles Jiménez J.		CC_BY_4_0	Comisión Nacional para el Conocimiento y Uso de la Biodiversidad (CONABIO)	Argüelles Jiménez J.	NotAType		2025-07-05T04:15:43.903Z		COORDINATE_ROUNDED;CONTINENT_DERIVED_FROM_COORDINATES;SCIENTIFIC_NAME_ID_NOT_FOUND;TAXON_ID_NOT_FOUND;DEPTH_MIN_MAX_SWAPPED;OCCURRENCE_STATUS_INFERRED_FROM_INDIVIDUAL_COUNT;COLLECTION_MATCH_NONE;INSTITUTION_MATCH_FUZZY;DIFFERENT_OWNER_INSTITUTION
1895698608	eda1016d-1f81-4c43-833f-5ae3f5b12504	87b6848b3bed61d815ceb076b8c6a8f4	Animalia	Echinodermata	Echinoidea	Camarodonta	Echinometridae	Echinometra	Echinometra lucunter		SPECIES	Echinometra lucunter (Linnaeus, 1758)	Echinometra lucunter	(Linnaeus, 1758)	MX	Arrecife La Perla, porción central del arrecife		PRESENT	1	ff90b050-c256-11db-b71b-b8a03c50a862	18.544194	-94.827167	90.0		0.0	0.0	1.0	1.0	2013-09-07	7	9	2013	2278861	2278861	HUMAN_OBSERVATION	FCBA-UV		NO APLICA		González Gándara C.; De la Cruz Francisco V.; Argüelles Jiménez J.		CC_BY_4_0	Comisión Nacional para el Conocimiento y Uso de la Biodiversidad (CONABIO)	González Gándara C.	NotAType		2025-07-05T04:15:43.886Z		COORDINATE_ROUNDED;CONTINENT_DERIVED_FROM_COORDINATES;SCIENTIFIC_NAME_ID_NOT_FOUND;TAXON_ID_NOT_FOUND;DEPTH_MIN_MAX_SWAPPED;OCCURRENCE_STATUS_INFERRED_FROM_INDIVIDUAL_COUNT
1895698607	eda1016d-1f81-4c43-833f-5ae3f5b12504	e34bcc2f69aef82d467d50939b8410c6	Animalia	Echinodermata	Echinoidea	Camarodonta	Echinometridae	Echinometra	Echinometra lucunter		SPECIES	Echinometra lucunter (Linnaeus, 1758)	Echinometra lucunter	(Linnaeus, 1758)	MX	Arrecife Zapotitlán, al extremo sur del arrecife		PRESENT	1	ff90b050-c256-11db-b71b-b8a03c50a862	18.486972	-94.775694	90.0		0.0	0.0	2.5	2.5	2013-09-05	5	9	2013	2278861	2278861	HUMAN_OBSERVATION	FCBA-UV		NO APLICA		González Gándara C.; De la Cruz Francisco V.; Argüelles Jiménez J.		CC_BY_4_0	Comisión Nacional para el Conocimiento y Uso de la Biodiversidad (CONABIO)	González Gándara C.	NotAType		2025-07-05T04:15:43.802Z		COORDINATE_ROUNDED;CONTINENT_DERIVED_FROM_COORDINATES;SCIENTIFIC_NAME_ID_NOT_FOUND;TAXON_ID_NOT_FOUND;DEPTH_MIN_MAX_SWAPPED;OCCURRENCE_STATUS_INFERRED_FROM_INDIVIDUAL_COUNT
1895698606	eda1016d-1f81-4c43-833f-5ae3f5b12504	d01210f83a8838eb006095f9f607c492	Animalia	Echinodermata	Echinoidea	Camarodonta	Echinometridae	Echinometra	Echinometra lucunter		SPECIES	Echinometra lucunter (Linnaeus, 1758)	Echinometra lucunter	(Linnaeus, 1758)	MX	Arrecife Tripie, extremo sur del arrecife		PRESENT	1	ff90b050-c256-11db-b71b-b8a03c50a862	18.175889	-94.368028	90.0		0.0	0.0	6.0	6.0	2013-08-13	13	8	2013	2278861	2278861	HUMAN_OBSERVATION	FCBA-UV		NO APLICA		González Gándara C.; De la Cruz Francisco V.; Argüelles Jiménez J.		CC_BY_4_0	Comisión Nacional para el Conocimiento y Uso de la Biodiversidad (CONABIO)	Argüelles Jiménez J.	NotAType		2025-07-05T04:15:43.808Z		COORDINATE_ROUNDED;CONTINENT_DERIVED_FROM_COORDINATES;SCIENTIFIC_NAME_ID_NOT_FOUND;TAXON_ID_NOT_FOUND;DEPTH_MIN_MAX_SWAPPED;OCCURRENCE_STATUS_INFERRED_FROM_INDIVIDUAL_COUNT
1895698605	eda1016d-1f81-4c43-833f-5ae3f5b12504	b03121a3b2689158ddcbcf1d134c30f7	Animalia	Echinodermata	Echinoidea	Camarodonta	Echinometridae	Echinometra	Echinometra lucunter		SPECIES	Echinometra lucunter (Linnaeus, 1758)	Echinometra lucunter	(Linnaeus, 1758)	MX	Arrecife Blanquilla, al este de barlovento		PRESENT	1	ff90b050-c256-11db-b71b-b8a03c50a862	21.545111	-97.277555	70.0		0.0	0.0	2.5	2.5	2013-03-23	23	3	2013	2278861	2278861	HUMAN_OBSERVATION	FCBA-UV		NO APLICA		González Gándara C.; De la Cruz Francisco V.; Argüelles Jiménez J.		CC_BY_4_0	Comisión Nacional para el Conocimiento y Uso de la Biodiversidad (CONABIO)	Argüelles Jiménez J.	NotAType		2025-07-05T04:15:43.874Z		COORDINATE_ROUNDED;CONTINENT_DERIVED_FROM_COORDINATES;SCIENTIFIC_NAME_ID_NOT_FOUND;TAXON_ID_NOT_FOUND;DEPTH_MIN_MAX_SWAPPED;OCCURRENCE_STATUS_INFERRED_FROM_INDIVIDUAL_COUNT
1895698604	eda1016d-1f81-4c43-833f-5ae3f5b12504	b0263879a3613486cac070c9d7c3ba3f	Animalia	Echinodermata	Echinoidea	Camarodonta	Echinometridae	Echinometra	Echinometra lucunter		SPECIES	Echinometra lucunter (Linnaeus, 1758)	Echinometra lucunter	(Linnaeus, 1758)	MX	Arrecife Zapotitlán, al extremo norte del arrecife		PRESENT	1	ff90b050-c256-11db-b71b-b8a03c50a862	18.511889	-94.783	90.0		0.0	0.0	3.0	3.0	2013-06-18	18	6	2013	2278861	2278861	HUMAN_OBSERVATION	FCBA-UV		NO APLICA		González Gándara C.; De la Cruz Francisco V.; Argüelles Jiménez J.		CC_BY_4_0	Comisión Nacional para el Conocimiento y Uso de la Biodiversidad (CONABIO)	Argüelles Jiménez J.	NotAType		2025-07-05T04:15:43.867Z		COORDINATE_ROUNDED;CONTINENT_DERIVED_FROM_COORDINATES;SCIENTIFIC_NAME_ID_NOT_FOUND;TAXON_ID_NOT_FOUND;DEPTH_MIN_MAX_SWAPPED;OCCURRENCE_STATUS_INFERRED_FROM_INDIVIDUAL_COUNT
1895698603	eda1016d-1f81-4c43-833f-5ae3f5b12504	8720834b8cb035cd32664ac9c2c0bab2	Animalia	Echinodermata	Echinoidea	Camarodonta	Echinometridae	Echinometra	Echinometra lucunter		SPECIES	Echinometra lucunter (Linnaeus, 1758)	Echinometra lucunter	(Linnaeus, 1758)	MX	Arrecife Zapotitlán, al extremo sur del arrecife		PRESENT	1	ff90b050-c256-11db-b71b-b8a03c50a862	18.489278	-94.777833	90.0		0.0	0.0	1.5	1.5	2013-09-05	5	9	2013	2278861	2278861	HUMAN_OBSERVATION	FCBA-UV		NO APLICA		González Gándara C.; De la Cruz Francisco V.; Argüelles Jiménez J.		CC_BY_4_0	Comisión Nacional para el Conocimiento y Uso de la Biodiversidad (CONABIO)	Argüelles Jiménez J.	NotAType		2025-07-05T04:15:43.809Z		COORDINATE_ROUNDED;CONTINENT_DERIVED_FROM_COORDINATES;SCIENTIFIC_NAME_ID_NOT_FOUND;TAXON_ID_NOT_FOUND;DEPTH_MIN_MAX_SWAPPED;OCCURRENCE_STATUS_INFERRED_FROM_INDIVIDUAL_COUNT
1895698602	eda1016d-1f81-4c43-833f-5ae3f5b12504	e30b41ad26307eadcc4deea35e5a3503	Animalia	Echinodermata	Echinoidea	Camarodonta	Echinometridae	Echinometra	Echinometra lucunter		SPECIES	Echinometra lucunter (Linnaeus, 1758)	Echinometra lucunter	(Linnaeus, 1758)	MX	Arrecife Zapotitlán, área central del arrecife		PRESENT	1	ff90b050-c256-11db-b71b-b8a03c50a862	18.501278	-94.780472	90.0		0.0	0.0	2.0	2.0	2013-09-07	7	9	2013	2278861	2278861	HUMAN_OBSERVATION	FCBA-UV		NO APLICA		González Gándara C.; De la Cruz Francisco V.; Argüelles Jiménez J.		CC_BY_4_0	Comisión Nacional para el Conocimiento y Uso de la Biodiversidad (CONABIO)	De la Cruz Francisco V.	NotAType		2025-07-05T04:15:43.789Z		COORDINATE_ROUNDED;CONTINENT_DERIVED_FROM_COORDINATES;SCIENTIFIC_NAME_ID_NOT_FOUND;TAXON_ID_NOT_FOUND;DEPTH_MIN_MAX_SWAPPED;OCCURRENCE_STATUS_INFERRED_FROM_INDIVIDUAL_COUNT
1895698601	eda1016d-1f81-4c43-833f-5ae3f5b12504	cef58a6e95cb0b027dcf43083bcc4c06	Animalia	Echinodermata	Echinoidea	Camarodonta	Echinometridae	Echinometra	Echinometra lucunter		SPECIES	Echinometra lucunter (Linnaeus, 1758)	Echinometra lucunter	(Linnaeus, 1758)	MX	Arrecife La Perla, extremo oeste del arrecife, inmediaciones del barco undido		PRESENT	1	ff90b050-c256-11db-b71b-b8a03c50a862	18.551139	-94.876972	90.0		0.0	0.0	1.5	1.5	2013-09-08	8	9	2013	2278861	2278861	HUMAN_OBSERVATION	FCBA-UV		NO APLICA		González Gándara C.; De la Cruz Francisco V.; Argüelles Jiménez J.		CC_BY_4_0	Comisión Nacional para el Conocimiento y Uso de la Biodiversidad (CONABIO)	González Gándara C.	NotAType		2025-07-05T04:15:43.586Z		COORDINATE_ROUNDED;CONTINENT_DERIVED_FROM_COORDINATES;SCIENTIFIC_NAME_ID_NOT_FOUND;TAXON_ID_NOT_FOUND;DEPTH_MIN_MAX_SWAPPED;OCCURRENCE_STATUS_INFERRED_FROM_INDIVIDUAL_COUNT
1895698600	eda1016d-1f81-4c43-833f-5ae3f5b12504	ae3f8545dd5e8c4452f34d5d25b876a6	Animalia	Echinodermata	Echinoidea	Camarodonta	Echinometridae	Echinometra	Echinometra lucunter		SPECIES	Echinometra lucunter (Linnaeus, 1758)	Echinometra lucunter	(Linnaeus, 1758)	MX	Arrecife Zapotitlán, al extremo sur del arrecife		PRESENT	1	ff90b050-c256-11db-b71b-b8a03c50a862	18.487361	-94.777639	90.0		0.0	0.0	1.0	1.0	2013-09-05	5	9	2013	2278861	2278861	HUMAN_OBSERVATION	FCBA-UV		NO APLICA		González Gándara C.; De la Cruz Francisco V.; Argüelles Jiménez J.		CC_BY_4_0	Comisión Nacional para el Conocimiento y Uso de la Biodiversidad (CONABIO)	González Gándara C.	NotAType		2025-07-05T04:15:43.726Z		COORDINATE_ROUNDED;CONTINENT_DERIVED_FROM_COORDINATES;SCIENTIFIC_NAME_ID_NOT_FOUND;TAXON_ID_NOT_FOUND;DEPTH_MIN_MAX_SWAPPED;OCCURRENCE_STATUS_INFERRED_FROM_INDIVIDUAL_COUNT
1895698599	eda1016d-1f81-4c43-833f-5ae3f5b12504	e2ded042eaa35cecf4a7a0736e521f51	Animalia	Echinodermata	Echinoidea	Camarodonta	Echinometridae	Echinometra	Echinometra lucunter		SPECIES	Echinometra lucunter (Linnaeus, 1758)	Echinometra lucunter	(Linnaeus, 1758)	MX	Arrecife Zapotitlán, área central del arrecife		PRESENT	1	ff90b050-c256-11db-b71b-b8a03c50a862	18.500944	-94.780555	90.0		0.0	0.0	2.0	2.0	2013-09-07	7	9	2013	2278861	2278861	HUMAN_OBSERVATION	FCBA-UV		NO APLICA		González Gándara C.; De la Cruz Francisco V.; Argüelles Jiménez J.		CC_BY_4_0	Comisión Nacional para el Conocimiento y Uso de la Biodiversidad (CONABIO)	Argüelles Jiménez J.	NotAType		2025-07-05T04:15:43.851Z		COORDINATE_ROUNDED;CONTINENT_DERIVED_FROM_COORDINATES;SCIENTIFIC_NAME_ID_NOT_FOUND;TAXON_ID_NOT_FOUND;DEPTH_MIN_MAX_SWAPPED;OCCURRENCE_STATUS_INFERRED_FROM_INDIVIDUAL_COUNT
1895698597	eda1016d-1f81-4c43-833f-5ae3f5b12504	cda8b2e3823933780f435da2f8bc3a5a	Animalia	Echinodermata	Echinoidea	Camarodonta	Echinometridae	Echinometra	Echinometra lucunter		SPECIES	Echinometra lucunter (Linnaeus, 1758)	Echinometra lucunter	(Linnaeus, 1758)	MX	Arrecife Medio, al sureste de barlovento		PRESENT	1	ff90b050-c256-11db-b71b-b8a03c50a862	21.50775	-97.250833	70.0		0.0	0.0	2.5	2.5	2013-05-05	5	5	2013	2278861	2278861	PRESERVED_SPECIMEN	FCBA-UV	CI-UV	DF-CC-00149/Ech		González Gándara C.; De la Cruz Francisco V.; Argüelles Jiménez J.		CC_BY_4_0	Comisión Nacional para el Conocimiento y Uso de la Biodiversidad (CONABIO)	Argüelles Jiménez J.	NotAType		2025-07-05T04:15:43.873Z		COORDINATE_ROUNDED;CONTINENT_DERIVED_FROM_COORDINATES;SCIENTIFIC_NAME_ID_NOT_FOUND;TAXON_ID_NOT_FOUND;DEPTH_MIN_MAX_SWAPPED;OCCURRENCE_STATUS_INFERRED_FROM_INDIVIDUAL_COUNT;COLLECTION_MATCH_NONE;INSTITUTION_MATCH_FUZZY;DIFFERENT_OWNER_INSTITUTION
1895698596	eda1016d-1f81-4c43-833f-5ae3f5b12504	e2a17770af7f9dc3aa02fa8ad9881bf4	Animalia	Echinodermata	Echinoidea	Camarodonta	Echinometridae	Echinometra	Echinometra lucunter		SPECIES	Echinometra lucunter (Linnaeus, 1758)	Echinometra lucunter	(Linnaeus, 1758)	MX	Arrecife Zapotitlán, al extremo sur del arrecife		PRESENT	1	ff90b050-c256-11db-b71b-b8a03c50a862	18.487889	-94.777861	90.0		0.0	0.0	1.0	1.0	2013-09-05	5	9	2013	2278861	2278861	HUMAN_OBSERVATION	FCBA-UV		NO APLICA		González Gándara C.; De la Cruz Francisco V.; Argüelles Jiménez J.		CC_BY_4_0	Comisión Nacional para el Conocimiento y Uso de la Biodiversidad (CONABIO)	González Gándara C.	NotAType		2025-07-05T04:15:43.887Z		COORDINATE_ROUNDED;CONTINENT_DERIVED_FROM_COORDINATES;SCIENTIFIC_NAME_ID_NOT_FOUND;TAXON_ID_NOT_FOUND;DEPTH_MIN_MAX_SWAPPED;OCCURRENCE_STATUS_INFERRED_FROM_INDIVIDUAL_COUNT
1895698595	eda1016d-1f81-4c43-833f-5ae3f5b12504	adbc6d5be1c94f1db20006b256cdedf8	Animalia	Echinodermata	Echinoidea	Camarodonta	Echinometridae	Echinometra	Echinometra lucunter		SPECIES	Echinometra lucunter (Linnaeus, 1758)	Echinometra lucunter	(Linnaeus, 1758)	MX	Arrecife Zapotitlán, al extremo sur del arrecife		PRESENT	1	ff90b050-c256-11db-b71b-b8a03c50a862	18.487889	-94.777861	90.0		0.0	0.0	1.0	1.0	2013-09-05	5	9	2013	2278861	2278861	HUMAN_OBSERVATION	FCBA-UV		NO APLICA		González Gándara C.; De la Cruz Francisco V.; Argüelles Jiménez J.		CC_BY_4_0	Comisión Nacional para el Conocimiento y Uso de la Biodiversidad (CONABIO)	Argüelles Jiménez J.	NotAType		2025-07-05T04:15:43.812Z		COORDINATE_ROUNDED;CONTINENT_DERIVED_FROM_COORDINATES;SCIENTIFIC_NAME_ID_NOT_FOUND;TAXON_ID_NOT_FOUND;DEPTH_MIN_MAX_SWAPPED;OCCURRENCE_STATUS_INFERRED_FROM_INDIVIDUAL_COUNT
1895698594	eda1016d-1f81-4c43-833f-5ae3f5b12504	cd687ac39f264c6131a5b2abc2900e66	Animalia	Echinodermata	Echinoidea	Camarodonta	Echinometridae	Echinometra	Echinometra lucunter		SPECIES	Echinometra lucunter (Linnaeus, 1758)	Echinometra lucunter	(Linnaeus, 1758)	MX	Arrecife Palo Seco, área central del arrecife		PRESENT	1	ff90b050-c256-11db-b71b-b8a03c50a862	18.175806	-94.525028	90.0		0.0	0.0	7.5	7.5	2013-06-15	15	6	2013	2278861	2278861	HUMAN_OBSERVATION	FCBA-UV		NO APLICA		González Gándara C.; De la Cruz Francisco V.; Argüelles Jiménez J.		CC_BY_4_0	Comisión Nacional para el Conocimiento y Uso de la Biodiversidad (CONABIO)	González Gándara C.	NotAType		2025-07-05T04:15:43.823Z		COORDINATE_ROUNDED;CONTINENT_DERIVED_FROM_COORDINATES;SCIENTIFIC_NAME_ID_NOT_FOUND;TAXON_ID_NOT_FOUND;DEPTH_MIN_MAX_SWAPPED;OCCURRENCE_STATUS_INFERRED_FROM_INDIVIDUAL_COUNT
1895698593	eda1016d-1f81-4c43-833f-5ae3f5b12504	8496502d7b7112423bdc190c3131f7c6	Animalia	Echinodermata	Echinoidea	Camarodonta	Echinometridae	Echinometra	Echinometra lucunter		SPECIES	Echinometra lucunter (Linnaeus, 1758)	Echinometra lucunter	(Linnaeus, 1758)	MX	Arrecife Medio, al sureste de barlovento		PRESENT	1	ff90b050-c256-11db-b71b-b8a03c50a862	21.50775	-97.250833	70.0		0.0	0.0	2.5	2.5	2013-05-05	5	5	2013	2278861	2278861	PRESERVED_SPECIMEN	FCBA-UV	CI-UV	DF-CC-00150/Ech		González Gándara C.; De la Cruz Francisco V.; Argüelles Jiménez J.		CC_BY_4_0	Comisión Nacional para el Conocimiento y Uso de la Biodiversidad (CONABIO)	Argüelles Jiménez J.	NotAType		2025-07-05T04:15:43.801Z		COORDINATE_ROUNDED;CONTINENT_DERIVED_FROM_COORDINATES;SCIENTIFIC_NAME_ID_NOT_FOUND;TAXON_ID_NOT_FOUND;DEPTH_MIN_MAX_SWAPPED;OCCURRENCE_STATUS_INFERRED_FROM_INDIVIDUAL_COUNT;COLLECTION_MATCH_NONE;INSTITUTION_MATCH_FUZZY;DIFFERENT_OWNER_INSTITUTION
1895698592	eda1016d-1f81-4c43-833f-5ae3f5b12504	ad8f19757498dd254cb9de313a679bfe	Animalia	Echinodermata	Echinoidea	Camarodonta	Echinometridae	Echinometra	Echinometra lucunter		SPECIES	Echinometra lucunter (Linnaeus, 1758)	Echinometra lucunter	(Linnaeus, 1758)	MX	Arrecife Zapotitlán, área central del arrecife		PRESENT	1	ff90b050-c256-11db-b71b-b8a03c50a862	18.510611	-94.782139	90.0		0.0	0.0	2.0	2.0	2013-09-06	6	9	2013	2278861	2278861	HUMAN_OBSERVATION	FCBA-UV		NO APLICA		González Gándara C.; De la Cruz Francisco V.; Argüelles Jiménez J.		CC_BY_4_0	Comisión Nacional para el Conocimiento y Uso de la Biodiversidad (CONABIO)	Argüelles Jiménez J.	NotAType		2025-07-05T04:15:43.703Z		COORDINATE_ROUNDED;CONTINENT_DERIVED_FROM_COORDINATES;SCIENTIFIC_NAME_ID_NOT_FOUND;TAXON_ID_NOT_FOUND;DEPTH_MIN_MAX_SWAPPED;OCCURRENCE_STATUS_INFERRED_FROM_INDIVIDUAL_COUNT
1895698591	eda1016d-1f81-4c43-833f-5ae3f5b12504	ccb3228d3cbdf101da2a936eebbe8558	Animalia	Echinodermata	Echinoidea	Camarodonta	Echinometridae	Echinometra	Echinometra lucunter		SPECIES	Echinometra lucunter (Linnaeus, 1758)	Echinometra lucunter	(Linnaeus, 1758)	MX	Arrecife Zapotitlán, al extremo norte del arrecife		PRESENT	1	ff90b050-c256-11db-b71b-b8a03c50a862	18.515778	-94.786028	90.0		0.0	0.0	3.0	3.0	2013-06-18	18	6	2013	2278861	2278861	HUMAN_OBSERVATION	FCBA-UV		NO APLICA		González Gándara C.; De la Cruz Francisco V.; Argüelles Jiménez J.		CC_BY_4_0	Comisión Nacional para el Conocimiento y Uso de la Biodiversidad (CONABIO)	Argüelles Jiménez J.	NotAType		2025-07-05T04:15:43.865Z		COORDINATE_ROUNDED;CONTINENT_DERIVED_FROM_COORDINATES;SCIENTIFIC_NAME_ID_NOT_FOUND;TAXON_ID_NOT_FOUND;DEPTH_MIN_MAX_SWAPPED;OCCURRENCE_STATUS_INFERRED_FROM_INDIVIDUAL_COUNT
1895698590	eda1016d-1f81-4c43-833f-5ae3f5b12504	e1cfc626b746039892c8ded89febc598	Animalia	Echinodermata	Echinoidea	Camarodonta	Echinometridae	Echinometra	Echinometra lucunter		SPECIES	Echinometra lucunter (Linnaeus, 1758)	Echinometra lucunter	(Linnaeus, 1758)	MX	Arrecife Zapotitlán, al extremo sur del arrecife		PRESENT	1	ff90b050-c256-11db-b71b-b8a03c50a862	18.486861	-94.775833	90.0		0.0	0.0	2.5	2.5	2013-09-05	5	9	2013	2278861	2278861	HUMAN_OBSERVATION	FCBA-UV		NO APLICA		González Gándara C.; De la Cruz Francisco V.; Argüelles Jiménez J.		CC_BY_4_0	Comisión Nacional para el Conocimiento y Uso de la Biodiversidad (CONABIO)	González Gándara C.	NotAType		2025-07-05T04:15:43.843Z		COORDINATE_ROUNDED;CONTINENT_DERIVED_FROM_COORDINATES;SCIENTIFIC_NAME_ID_NOT_FOUND;TAXON_ID_NOT_FOUND;DEPTH_MIN_MAX_SWAPPED;OCCURRENCE_STATUS_INFERRED_FROM_INDIVIDUAL_COUNT
1895698589	eda1016d-1f81-4c43-833f-5ae3f5b12504	836eedb1b50ff13508b0648a08d5c0b0	Animalia	Echinodermata	Echinoidea	Camarodonta	Echinometridae	Echinometra	Echinometra lucunter		SPECIES	Echinometra lucunter (Linnaeus, 1758)	Echinometra lucunter	(Linnaeus, 1758)	MX	Arrecife Medio, al sureste de barlovento		PRESENT	1	ff90b050-c256-11db-b71b-b8a03c50a862	21.50725	-97.251055	70.0		0.0	0.0	2.5	2.5	2013-05-05	5	5	2013	2278861	2278861	HUMAN_OBSERVATION	FCBA-UV		NO APLICA		González Gándara C.; De la Cruz Francisco V.; Argüelles Jiménez J.		CC_BY_4_0	Comisión Nacional para el Conocimiento y Uso de la Biodiversidad (CONABIO)	De la Cruz Francisco V.	NotAType		2025-07-05T04:15:43.873Z		COORDINATE_ROUNDED;CONTINENT_DERIVED_FROM_COORDINATES;SCIENTIFIC_NAME_ID_NOT_FOUND;TAXON_ID_NOT_FOUND;DEPTH_MIN_MAX_SWAPPED;OCCURRENCE_STATUS_INFERRED_FROM_INDIVIDUAL_COUNT
1895698588	eda1016d-1f81-4c43-833f-5ae3f5b12504	cb7586a186c75b14c758576a0aecf26a	Animalia	Echinodermata	Echinoidea	Camarodonta	Echinometridae	Echinometra	Echinometra lucunter		SPECIES	Echinometra lucunter (Linnaeus, 1758)	Echinometra lucunter	(Linnaeus, 1758)	MX	Arrecife Zapotitlán, área central del arrecife		PRESENT	1	ff90b050-c256-11db-b71b-b8a03c50a862	18.496333	-94.778555	90.0		0.0	0.0	2.0	2.0	2013-09-06	6	9	2013	2278861	2278861	HUMAN_OBSERVATION	FCBA-UV		NO APLICA		González Gándara C.; De la Cruz Francisco V.; Argüelles Jiménez J.		CC_BY_4_0	Comisión Nacional para el Conocimiento y Uso de la Biodiversidad (CONABIO)	González Gándara C.	NotAType		2025-07-05T04:15:43.871Z		COORDINATE_ROUNDED;CONTINENT_DERIVED_FROM_COORDINATES;SCIENTIFIC_NAME_ID_NOT_FOUND;TAXON_ID_NOT_FOUND;DEPTH_MIN_MAX_SWAPPED;OCCURRENCE_STATUS_INFERRED_FROM_INDIVIDUAL_COUNT
1895698587	eda1016d-1f81-4c43-833f-5ae3f5b12504	ad1db6bd65fb7d61c684840dcc7e94c1	Animalia	Echinodermata	Echinoidea	Camarodonta	Echinometridae	Echinometra	Echinometra lucunter		SPECIES	Echinometra lucunter (Linnaeus, 1758)	Echinometra lucunter	(Linnaeus, 1758)	MX	Arrecife Medio, al sureste de barlovento		PRESENT	1	ff90b050-c256-11db-b71b-b8a03c50a862	21.50775	-97.250833	70.0		0.0	0.0	2.5	2.5	2013-05-05	5	5	2013	2278861	2278861	PRESERVED_SPECIMEN	FCBA-UV	CI-UV	DF-CC-00160/Ech		González Gándara C.; De la Cruz Francisco V.; Argüelles Jiménez J.		CC_BY_4_0	Comisión Nacional para el Conocimiento y Uso de la Biodiversidad (CONABIO)	Argüelles Jiménez J.	NotAType		2025-07-05T04:15:43.791Z		COORDINATE_ROUNDED;CONTINENT_DERIVED_FROM_COORDINATES;SCIENTIFIC_NAME_ID_NOT_FOUND;TAXON_ID_NOT_FOUND;DEPTH_MIN_MAX_SWAPPED;OCCURRENCE_STATUS_INFERRED_FROM_INDIVIDUAL_COUNT;COLLECTION_MATCH_NONE;INSTITUTION_MATCH_FUZZY;DIFFERENT_OWNER_INSTITUTION
1895698586	eda1016d-1f81-4c43-833f-5ae3f5b12504	e09147bb36313c782c1bc65560e26c87	Animalia	Echinodermata	Echinoidea	Camarodonta	Echinometridae	Echinometra	Echinometra lucunter		SPECIES	Echinometra lucunter (Linnaeus, 1758)	Echinometra lucunter	(Linnaeus, 1758)	MX	Arrecife La Perla, extremo oeste del arrecife		PRESENT	1	ff90b050-c256-11db-b71b-b8a03c50a862	18.551139	-94.872389	90.0		0.0	0.0	1.0	1.0	2013-09-08	8	9	2013	2278861	2278861	PRESERVED_SPECIMEN	FCBA-UV	CI-UV	DF-CC-00429/Ech		González Gándara C.; De la Cruz Francisco V.; Argüelles Jiménez J.		CC_BY_4_0	Comisión Nacional para el Conocimiento y Uso de la Biodiversidad (CONABIO)	De la Cruz Francisco V.	NotAType		2025-07-05T04:15:43.893Z		COORDINATE_ROUNDED;CONTINENT_DERIVED_FROM_COORDINATES;SCIENTIFIC_NAME_ID_NOT_FOUND;TAXON_ID_NOT_FOUND;DEPTH_MIN_MAX_SWAPPED;OCCURRENCE_STATUS_INFERRED_FROM_INDIVIDUAL_COUNT;COLLECTION_MATCH_NONE;INSTITUTION_MATCH_FUZZY;DIFFERENT_OWNER_INSTITUTION
1895698584	eda1016d-1f81-4c43-833f-5ae3f5b12504	cb224d3fa6a1945e6ca95230bd7c57c2	Animalia	Echinodermata	Echinoidea	Camarodonta	Echinometridae	Echinometra	Echinometra lucunter		SPECIES	Echinometra lucunter (Linnaeus, 1758)	Echinometra lucunter	(Linnaeus, 1758)	MX	Arrecife La Perla, extremo oeste del arrecife, inmediaciones del barco undido		PRESENT	1	ff90b050-c256-11db-b71b-b8a03c50a862	18.550944	-94.875889	90.0		0.0	0.0	1.5	1.5	2013-09-08	8	9	2013	2278861	2278861	HUMAN_OBSERVATION	FCBA-UV		NO APLICA		González Gándara C.; De la Cruz Francisco V.; Argüelles Jiménez J.		CC_BY_4_0	Comisión Nacional para el Conocimiento y Uso de la Biodiversidad (CONABIO)	González Gándara C.	NotAType		2025-07-05T04:15:43.813Z		COORDINATE_ROUNDED;CONTINENT_DERIVED_FROM_COORDINATES;SCIENTIFIC_NAME_ID_NOT_FOUND;TAXON_ID_NOT_FOUND;DEPTH_MIN_MAX_SWAPPED;OCCURRENCE_STATUS_INFERRED_FROM_INDIVIDUAL_COUNT
1895698582	eda1016d-1f81-4c43-833f-5ae3f5b12504	dfae30c0e65e402f5b1e28ac7b9fa629	Animalia	Echinodermata	Echinoidea	Camarodonta	Echinometridae	Echinometra	Echinometra lucunter		SPECIES	Echinometra lucunter (Linnaeus, 1758)	Echinometra lucunter	(Linnaeus, 1758)	MX	Arrecife Zapotitlán, área central del arrecife		PRESENT	1	ff90b050-c256-11db-b71b-b8a03c50a862	18.497278	-94.778444	90.0		0.0	0.0	2.0	2.0	2013-09-06	6	9	2013	2278861	2278861	HUMAN_OBSERVATION	FCBA-UV		NO APLICA		González Gándara C.; De la Cruz Francisco V.; Argüelles Jiménez J.		CC_BY_4_0	Comisión Nacional para el Conocimiento y Uso de la Biodiversidad (CONABIO)	González Gándara C.	NotAType		2025-07-05T04:15:43.862Z		COORDINATE_ROUNDED;CONTINENT_DERIVED_FROM_COORDINATES;SCIENTIFIC_NAME_ID_NOT_FOUND;TAXON_ID_NOT_FOUND;DEPTH_MIN_MAX_SWAPPED;OCCURRENCE_STATUS_INFERRED_FROM_INDIVIDUAL_COUNT
1895698581	eda1016d-1f81-4c43-833f-5ae3f5b12504	64a517c7ea7bd605d84b4c38da51d787	Animalia	Echinodermata	Echinoidea	Camarodonta	Echinometridae	Echinometra	Echinometra lucunter		SPECIES	Echinometra lucunter (Linnaeus, 1758)	Echinometra lucunter	(Linnaeus, 1758)	MX	Arrecife Zapotitlán, área central del arrecife		PRESENT	1	ff90b050-c256-11db-b71b-b8a03c50a862	18.510194	-94.782111	90.0		0.0	0.0	2.0	2.0	2013-09-06	6	9	2013	2278861	2278861	HUMAN_OBSERVATION	FCBA-UV		NO APLICA		González Gándara C.; De la Cruz Francisco V.; Argüelles Jiménez J.		CC_BY_4_0	Comisión Nacional para el Conocimiento y Uso de la Biodiversidad (CONABIO)	González Gándara C.	NotAType		2025-07-05T04:15:43.814Z		COORDINATE_ROUNDED;CONTINENT_DERIVED_FROM_COORDINATES;SCIENTIFIC_NAME_ID_NOT_FOUND;TAXON_ID_NOT_FOUND;DEPTH_MIN_MAX_SWAPPED;OCCURRENCE_STATUS_INFERRED_FROM_INDIVIDUAL_COUNT
1895698580	eda1016d-1f81-4c43-833f-5ae3f5b12504	cafadc85d5dee350dcffe7e24ab3ae97	Animalia	Echinodermata	Echinoidea	Camarodonta	Echinometridae	Echinometra	Echinometra lucunter		SPECIES	Echinometra lucunter (Linnaeus, 1758)	Echinometra lucunter	(Linnaeus, 1758)	MX	Arrecife La Perla, extremo este del arrecife		PRESENT	1	ff90b050-c256-11db-b71b-b8a03c50a862	18.539778	-94.808361	90.0		0.0	0.0	4.0	4.0	2013-06-17	17	6	2013	2278861	2278861	HUMAN_OBSERVATION	FCBA-UV		NO APLICA		González Gándara C.; De la Cruz Francisco V.; Argüelles Jiménez J.		CC_BY_4_0	Comisión Nacional para el Conocimiento y Uso de la Biodiversidad (CONABIO)	Argüelles Jiménez J.	NotAType		2025-07-05T04:15:43.827Z		COORDINATE_ROUNDED;CONTINENT_DERIVED_FROM_COORDINATES;SCIENTIFIC_NAME_ID_NOT_FOUND;TAXON_ID_NOT_FOUND;DEPTH_MIN_MAX_SWAPPED;OCCURRENCE_STATUS_INFERRED_FROM_INDIVIDUAL_COUNT
1895698579	eda1016d-1f81-4c43-833f-5ae3f5b12504	7fb53d68224fed021be4fa0663d70d15	Animalia	Echinodermata	Echinoidea	Camarodonta	Echinometridae	Echinometra	Echinometra lucunter		SPECIES	Echinometra lucunter (Linnaeus, 1758)	Echinometra lucunter	(Linnaeus, 1758)	MX	Arrecife La Perla, porción central del arrecife		PRESENT	1	ff90b050-c256-11db-b71b-b8a03c50a862	18.544111	-94.826778	90.0		0.0	0.0	1.0	1.0	2013-09-07	7	9	2013	2278861	2278861	HUMAN_OBSERVATION	FCBA-UV		NO APLICA		González Gándara C.; De la Cruz Francisco V.; Argüelles Jiménez J.		CC_BY_4_0	Comisión Nacional para el Conocimiento y Uso de la Biodiversidad (CONABIO)	Argüelles Jiménez J.	NotAType		2025-07-05T04:15:43.796Z		COORDINATE_ROUNDED;CONTINENT_DERIVED_FROM_COORDINATES;SCIENTIFIC_NAME_ID_NOT_FOUND;TAXON_ID_NOT_FOUND;DEPTH_MIN_MAX_SWAPPED;OCCURRENCE_STATUS_INFERRED_FROM_INDIVIDUAL_COUNT
1895698578	eda1016d-1f81-4c43-833f-5ae3f5b12504	ded3ba92d6abfaf73accd00a314ac17c	Animalia	Echinodermata	Echinoidea	Camarodonta	Echinometridae	Echinometra	Echinometra lucunter		SPECIES	Echinometra lucunter (Linnaeus, 1758)	Echinometra lucunter	(Linnaeus, 1758)	MX	Arrecife Medio, al sureste de barlovento		PRESENT	1	ff90b050-c256-11db-b71b-b8a03c50a862	21.50775	-97.250833	70.0		0.0	0.0	2.5	2.5	2013-05-05	5	5	2013	2278861	2278861	PRESERVED_SPECIMEN	FCBA-UV	CI-UV	DF-CC-00145/Ech		González Gándara C.; De la Cruz Francisco V.; Argüelles Jiménez J.		CC_BY_4_0	Comisión Nacional para el Conocimiento y Uso de la Biodiversidad (CONABIO)	Argüelles Jiménez J.	NotAType		2025-07-05T04:15:43.876Z		COORDINATE_ROUNDED;CONTINENT_DERIVED_FROM_COORDINATES;SCIENTIFIC_NAME_ID_NOT_FOUND;TAXON_ID_NOT_FOUND;DEPTH_MIN_MAX_SWAPPED;OCCURRENCE_STATUS_INFERRED_FROM_INDIVIDUAL_COUNT;COLLECTION_MATCH_NONE;INSTITUTION_MATCH_FUZZY;DIFFERENT_OWNER_INSTITUTION
1895698577	eda1016d-1f81-4c43-833f-5ae3f5b12504	aaae5876694892a59f7c0b55ab469dff	Animalia	Echinodermata	Echinoidea	Camarodonta	Echinometridae	Echinometra	Echinometra lucunter		SPECIES	Echinometra lucunter (Linnaeus, 1758)	Echinometra lucunter	(Linnaeus, 1758)	MX	Arrecife Zapotitlán, área central del arrecife		PRESENT	1	ff90b050-c256-11db-b71b-b8a03c50a862	18.515944	-94.781889	90.0		0.0	0.0	2.0	2.0	2013-09-06	6	9	2013	2278861	2278861	HUMAN_OBSERVATION	FCBA-UV		NO APLICA		González Gándara C.; De la Cruz Francisco V.; Argüelles Jiménez J.		CC_BY_4_0	Comisión Nacional para el Conocimiento y Uso de la Biodiversidad (CONABIO)	González Gándara C.	NotAType		2025-07-05T04:15:43.792Z		COORDINATE_ROUNDED;CONTINENT_DERIVED_FROM_COORDINATES;SCIENTIFIC_NAME_ID_NOT_FOUND;TAXON_ID_NOT_FOUND;DEPTH_MIN_MAX_SWAPPED;OCCURRENCE_STATUS_INFERRED_FROM_INDIVIDUAL_COUNT
1895698576	eda1016d-1f81-4c43-833f-5ae3f5b12504	64a282e49e1431d25779c78228502479	Animalia	Echinodermata	Echinoidea	Camarodonta	Echinometridae	Echinometra	Echinometra lucunter		SPECIES	Echinometra lucunter (Linnaeus, 1758)	Echinometra lucunter	(Linnaeus, 1758)	MX	Arrecife La Perla, extremo este del arrecife		PRESENT	1	ff90b050-c256-11db-b71b-b8a03c50a862	18.540417	-94.809861	90.0		0.0	0.0	3.0	3.0	2014-05-06	6	5	2014	2278861	2278861	HUMAN_OBSERVATION	FCBA-UV		NO APLICA		González Gándara C.; De la Cruz Francisco V.; Argüelles Jiménez J.		CC_BY_4_0	Comisión Nacional para el Conocimiento y Uso de la Biodiversidad (CONABIO)	De la Cruz Francisco V.	NotAType		2025-07-05T04:15:43.665Z		COORDINATE_ROUNDED;CONTINENT_DERIVED_FROM_COORDINATES;SCIENTIFIC_NAME_ID_NOT_FOUND;TAXON_ID_NOT_FOUND;DEPTH_MIN_MAX_SWAPPED;OCCURRENCE_STATUS_INFERRED_FROM_INDIVIDUAL_COUNT
1895698574	eda1016d-1f81-4c43-833f-5ae3f5b12504	7dbbfefb561dde89adf3e4bcecd9797c	Animalia	Echinodermata	Echinoidea	Camarodonta	Echinometridae	Echinometra	Echinometra lucunter		SPECIES	Echinometra lucunter (Linnaeus, 1758)	Echinometra lucunter	(Linnaeus, 1758)	MX	Arrecife Zapotitlán, al extremo norte del arrecife		PRESENT	1	ff90b050-c256-11db-b71b-b8a03c50a862	18.511167	-94.782167	90.0		0.0	0.0	3.0	3.0	2013-06-18	18	6	2013	2278861	2278861	HUMAN_OBSERVATION	FCBA-UV		NO APLICA		González Gándara C.; De la Cruz Francisco V.; Argüelles Jiménez J.		CC_BY_4_0	Comisión Nacional para el Conocimiento y Uso de la Biodiversidad (CONABIO)	Argüelles Jiménez J.	NotAType		2025-07-05T04:15:43.699Z		COORDINATE_ROUNDED;CONTINENT_DERIVED_FROM_COORDINATES;SCIENTIFIC_NAME_ID_NOT_FOUND;TAXON_ID_NOT_FOUND;DEPTH_MIN_MAX_SWAPPED;OCCURRENCE_STATUS_INFERRED_FROM_INDIVIDUAL_COUNT
1895698573	eda1016d-1f81-4c43-833f-5ae3f5b12504	a9ec77c63f4e3cb60337f31f99bb6398	Animalia	Echinodermata	Echinoidea	Camarodonta	Echinometridae	Echinometra	Echinometra lucunter		SPECIES	Echinometra lucunter (Linnaeus, 1758)	Echinometra lucunter	(Linnaeus, 1758)	MX	Arrecife Zapotitlán, área central del arrecife		PRESENT	1	ff90b050-c256-11db-b71b-b8a03c50a862	18.501417	-94.781083	90.0		0.0	0.0	1.5	1.5	2013-09-07	7	9	2013	2278861	2278861	HUMAN_OBSERVATION	FCBA-UV		NO APLICA		González Gándara C.; De la Cruz Francisco V.; Argüelles Jiménez J.		CC_BY_4_0	Comisión Nacional para el Conocimiento y Uso de la Biodiversidad (CONABIO)	González Gándara C.	NotAType		2025-07-05T04:15:43.836Z		COORDINATE_ROUNDED;CONTINENT_DERIVED_FROM_COORDINATES;SCIENTIFIC_NAME_ID_NOT_FOUND;TAXON_ID_NOT_FOUND;DEPTH_MIN_MAX_SWAPPED;OCCURRENCE_STATUS_INFERRED_FROM_INDIVIDUAL_COUNT
1895698571	eda1016d-1f81-4c43-833f-5ae3f5b12504	debe3f96e7c1e5abc87599f39ef0021f	Animalia	Echinodermata	Echinoidea	Camarodonta	Echinometridae	Echinometra	Echinometra lucunter		SPECIES	Echinometra lucunter (Linnaeus, 1758)	Echinometra lucunter	(Linnaeus, 1758)	MX	Arrecife Medio, al sureste de barlovento		PRESENT	1	ff90b050-c256-11db-b71b-b8a03c50a862	21.50775	-97.250833	70.0		0.0	0.0	2.5	2.5	2013-05-05	5	5	2013	2278861	2278861	PRESERVED_SPECIMEN	FCBA-UV	CI-UV	DF-CC-00159/Ech		González Gándara C.; De la Cruz Francisco V.; Argüelles Jiménez J.		CC_BY_4_0	Comisión Nacional para el Conocimiento y Uso de la Biodiversidad (CONABIO)	Argüelles Jiménez J.	NotAType		2025-07-05T04:15:43.849Z		COORDINATE_ROUNDED;CONTINENT_DERIVED_FROM_COORDINATES;SCIENTIFIC_NAME_ID_NOT_FOUND;TAXON_ID_NOT_FOUND;DEPTH_MIN_MAX_SWAPPED;OCCURRENCE_STATUS_INFERRED_FROM_INDIVIDUAL_COUNT;COLLECTION_MATCH_NONE;INSTITUTION_MATCH_FUZZY;DIFFERENT_OWNER_INSTITUTION
1895698570	eda1016d-1f81-4c43-833f-5ae3f5b12504	6425c1779d8acf63168071b372d9676d	Animalia	Echinodermata	Echinoidea	Camarodonta	Echinometridae	Echinometra	Echinometra lucunter		SPECIES	Echinometra lucunter (Linnaeus, 1758)	Echinometra lucunter	(Linnaeus, 1758)	MX	Arrecife Zapotitlán, área central del arrecife		PRESENT	1	ff90b050-c256-11db-b71b-b8a03c50a862	18.495944	-94.778417	90.0		0.0	0.0	2.0	2.0	2013-09-06	6	9	2013	2278861	2278861	HUMAN_OBSERVATION	FCBA-UV		NO APLICA		González Gándara C.; De la Cruz Francisco V.; Argüelles Jiménez J.		CC_BY_4_0	Comisión Nacional para el Conocimiento y Uso de la Biodiversidad (CONABIO)	González Gándara C.	NotAType		2025-07-05T04:15:43.828Z		COORDINATE_ROUNDED;CONTINENT_DERIVED_FROM_COORDINATES;SCIENTIFIC_NAME_ID_NOT_FOUND;TAXON_ID_NOT_FOUND;DEPTH_MIN_MAX_SWAPPED;OCCURRENCE_STATUS_INFERRED_FROM_INDIVIDUAL_COUNT
1895698569	eda1016d-1f81-4c43-833f-5ae3f5b12504	c9c8ca5f87c34adc10562862579bd909	Animalia	Echinodermata	Echinoidea	Camarodonta	Echinometridae	Echinometra	Echinometra lucunter		SPECIES	Echinometra lucunter (Linnaeus, 1758)	Echinometra lucunter	(Linnaeus, 1758)	MX	Arrecife La Perla, porción central del arrecife		PRESENT	1	ff90b050-c256-11db-b71b-b8a03c50a862	18.544111	-94.826778	90.0		0.0	0.0	1.0	1.0	2013-09-07	7	9	2013	2278861	2278861	HUMAN_OBSERVATION	FCBA-UV		NO APLICA		González Gándara C.; De la Cruz Francisco V.; Argüelles Jiménez J.		CC_BY_4_0	Comisión Nacional para el Conocimiento y Uso de la Biodiversidad (CONABIO)	González Gándara C.	NotAType		2025-07-05T04:15:43.794Z		COORDINATE_ROUNDED;CONTINENT_DERIVED_FROM_COORDINATES;SCIENTIFIC_NAME_ID_NOT_FOUND;TAXON_ID_NOT_FOUND;DEPTH_MIN_MAX_SWAPPED;OCCURRENCE_STATUS_INFERRED_FROM_INDIVIDUAL_COUNT
1895698568	eda1016d-1f81-4c43-833f-5ae3f5b12504	7db119cce32ae5f90cdd3200d9750c73	Animalia	Echinodermata	Echinoidea	Camarodonta	Echinometridae	Echinometra	Echinometra lucunter		SPECIES	Echinometra lucunter (Linnaeus, 1758)	Echinometra lucunter	(Linnaeus, 1758)	MX	Arrecife Blanquilla, al este de barlovento		PRESENT	1	ff90b050-c256-11db-b71b-b8a03c50a862	21.545111	-97.277555	70.0		0.0	0.0	2.5	2.5	2013-03-23	23	3	2013	2278861	2278861	HUMAN_OBSERVATION	FCBA-UV		NO APLICA		González Gándara C.; De la Cruz Francisco V.; Argüelles Jiménez J.		CC_BY_4_0	Comisión Nacional para el Conocimiento y Uso de la Biodiversidad (CONABIO)	De la Cruz Francisco V.	NotAType		2025-07-05T04:15:43.827Z		COORDINATE_ROUNDED;CONTINENT_DERIVED_FROM_COORDINATES;SCIENTIFIC_NAME_ID_NOT_FOUND;TAXON_ID_NOT_FOUND;DEPTH_MIN_MAX_SWAPPED;OCCURRENCE_STATUS_INFERRED_FROM_INDIVIDUAL_COUNT
1895698567	eda1016d-1f81-4c43-833f-5ae3f5b12504	a9a3ec91a5b23a3e489cf57a5476e34d	Animalia	Echinodermata	Echinoidea	Camarodonta	Echinometridae	Echinometra	Echinometra lucunter		SPECIES	Echinometra lucunter (Linnaeus, 1758)	Echinometra lucunter	(Linnaeus, 1758)	MX	Arrecife Palo Seco, área central del arrecife		PRESENT	1	ff90b050-c256-11db-b71b-b8a03c50a862	18.175389	-94.524972	90.0		0.0	0.0	7.0	7.0	2013-06-16	16	6	2013	2278861	2278861	PRESERVED_SPECIMEN	FCBA-UV	CI-UV	DF-CC-00348/Ech		González Gándara C.; De la Cruz Francisco V.; Argüelles Jiménez J.		CC_BY_4_0	Comisión Nacional para el Conocimiento y Uso de la Biodiversidad (CONABIO)	Argüelles Jiménez J.	NotAType		2025-07-05T04:15:43.809Z		COORDINATE_ROUNDED;CONTINENT_DERIVED_FROM_COORDINATES;SCIENTIFIC_NAME_ID_NOT_FOUND;TAXON_ID_NOT_FOUND;DEPTH_MIN_MAX_SWAPPED;OCCURRENCE_STATUS_INFERRED_FROM_INDIVIDUAL_COUNT;COLLECTION_MATCH_NONE;INSTITUTION_MATCH_FUZZY;DIFFERENT_OWNER_INSTITUTION
1895698565	eda1016d-1f81-4c43-833f-5ae3f5b12504	dd67b1ffe5c64bd398a4dea5baf06fa7	Animalia	Echinodermata	Echinoidea	Camarodonta	Echinometridae	Echinometra	Echinometra lucunter		SPECIES	Echinometra lucunter (Linnaeus, 1758)	Echinometra lucunter	(Linnaeus, 1758)	MX	Arrecife Medio, al sureste de barlovento		PRESENT	1	ff90b050-c256-11db-b71b-b8a03c50a862	21.50775	-97.250833	70.0		0.0	0.0	2.5	2.5	2013-05-05	5	5	2013	2278861	2278861	PRESERVED_SPECIMEN	FCBA-UV	CI-UV	DF-CC-00171/Ech		González Gándara C.; De la Cruz Francisco V.; Argüelles Jiménez J.		CC_BY_4_0	Comisión Nacional para el Conocimiento y Uso de la Biodiversidad (CONABIO)	Argüelles Jiménez J.	NotAType		2025-07-05T04:15:43.812Z		COORDINATE_ROUNDED;CONTINENT_DERIVED_FROM_COORDINATES;SCIENTIFIC_NAME_ID_NOT_FOUND;TAXON_ID_NOT_FOUND;DEPTH_MIN_MAX_SWAPPED;OCCURRENCE_STATUS_INFERRED_FROM_INDIVIDUAL_COUNT;COLLECTION_MATCH_NONE;INSTITUTION_MATCH_FUZZY;DIFFERENT_OWNER_INSTITUTION
1895698564	eda1016d-1f81-4c43-833f-5ae3f5b12504	63a88e9b58741a887f088f96557e997e	Animalia	Echinodermata	Echinoidea	Camarodonta	Echinometridae	Echinometra	Echinometra lucunter		SPECIES	Echinometra lucunter (Linnaeus, 1758)	Echinometra lucunter	(Linnaeus, 1758)	MX	Arrecife Zapotitlán, al extremo sur del arrecife		PRESENT	1	ff90b050-c256-11db-b71b-b8a03c50a862	18.48875	-94.778	90.0		0.0	0.0	1.0	1.0	2013-09-05	5	9	2013	2278861	2278861	HUMAN_OBSERVATION	FCBA-UV		NO APLICA		González Gándara C.; De la Cruz Francisco V.; Argüelles Jiménez J.		CC_BY_4_0	Comisión Nacional para el Conocimiento y Uso de la Biodiversidad (CONABIO)	González Gándara C.	NotAType		2025-07-05T04:15:43.782Z		CONTINENT_DERIVED_FROM_COORDINATES;SCIENTIFIC_NAME_ID_NOT_FOUND;TAXON_ID_NOT_FOUND;DEPTH_MIN_MAX_SWAPPED;OCCURRENCE_STATUS_INFERRED_FROM_INDIVIDUAL_COUNT
1895698563	eda1016d-1f81-4c43-833f-5ae3f5b12504	7da56419718180c1fc3bdac3e1ac878f	Animalia	Echinodermata	Echinoidea	Camarodonta	Echinometridae	Echinometra	Echinometra lucunter		SPECIES	Echinometra lucunter (Linnaeus, 1758)	Echinometra lucunter	(Linnaeus, 1758)	MX	Arrecife Tripie, extremo sur del arrecife		PRESENT	1	ff90b050-c256-11db-b71b-b8a03c50a862	18.176833	-94.3675	90.0		0.0	0.0	6.0	6.0	2013-08-13	13	8	2013	2278861	2278861	HUMAN_OBSERVATION	FCBA-UV		NO APLICA		González Gándara C.; De la Cruz Francisco V.; Argüelles Jiménez J.		CC_BY_4_0	Comisión Nacional para el Conocimiento y Uso de la Biodiversidad (CONABIO)	González Gándara C.	NotAType		2025-07-05T04:15:43.783Z		COORDINATE_ROUNDED;CONTINENT_DERIVED_FROM_COORDINATES;SCIENTIFIC_NAME_ID_NOT_FOUND;TAXON_ID_NOT_FOUND;DEPTH_MIN_MAX_SWAPPED;OCCURRENCE_STATUS_INFERRED_FROM_INDIVIDUAL_COUNT
1895698559	eda1016d-1f81-4c43-833f-5ae3f5b12504	db64f3772c9a1ee45a9667551ab611ab	Animalia	Echinodermata	Echinoidea	Camarodonta	Echinometridae	Echinometra	Echinometra lucunter		SPECIES	Echinometra lucunter (Linnaeus, 1758)	Echinometra lucunter	(Linnaeus, 1758)	MX	Arrecife Zapotitlán, área central del arrecife		PRESENT	1	ff90b050-c256-11db-b71b-b8a03c50a862	18.497056	-94.778417	90.0		0.0	0.0	1.5	1.5	2013-09-06	6	9	2013	2278861	2278861	HUMAN_OBSERVATION	FCBA-UV		NO APLICA		González Gándara C.; De la Cruz Francisco V.; Argüelles Jiménez J.		CC_BY_4_0	Comisión Nacional para el Conocimiento y Uso de la Biodiversidad (CONABIO)	González Gándara C.	NotAType		2025-07-05T04:15:43.886Z		COORDINATE_ROUNDED;CONTINENT_DERIVED_FROM_COORDINATES;SCIENTIFIC_NAME_ID_NOT_FOUND;TAXON_ID_NOT_FOUND;DEPTH_MIN_MAX_SWAPPED;OCCURRENCE_STATUS_INFERRED_FROM_INDIVIDUAL_COUNT
1895698558	eda1016d-1f81-4c43-833f-5ae3f5b12504	62ee0e8ce6f7653142fa760e2f32a6e7	Animalia	Echinodermata	Echinoidea	Camarodonta	Echinometridae	Echinometra	Echinometra lucunter		SPECIES	Echinometra lucunter (Linnaeus, 1758)	Echinometra lucunter	(Linnaeus, 1758)	MX	Arrecife Zapotitlán, al extremo norte del arrecife		PRESENT	1	ff90b050-c256-11db-b71b-b8a03c50a862	18.515806	-94.786889	90.0		0.0	0.0	1.5	1.5	2013-06-18	18	6	2013	2278861	2278861	HUMAN_OBSERVATION	FCBA-UV		NO APLICA		González Gándara C.; De la Cruz Francisco V.; Argüelles Jiménez J.		CC_BY_4_0	Comisión Nacional para el Conocimiento y Uso de la Biodiversidad (CONABIO)	De la Cruz Francisco V.	NotAType		2025-07-05T04:15:43.866Z		COORDINATE_ROUNDED;CONTINENT_DERIVED_FROM_COORDINATES;SCIENTIFIC_NAME_ID_NOT_FOUND;TAXON_ID_NOT_FOUND;DEPTH_MIN_MAX_SWAPPED;OCCURRENCE_STATUS_INFERRED_FROM_INDIVIDUAL_COUNT
1895698557	eda1016d-1f81-4c43-833f-5ae3f5b12504	7cd1cdb04977d976bd4d6976ba4068ae	Animalia	Echinodermata	Echinoidea	Camarodonta	Echinometridae	Echinometra	Echinometra lucunter		SPECIES	Echinometra lucunter (Linnaeus, 1758)	Echinometra lucunter	(Linnaeus, 1758)	MX	Arrecife Zapotitlán, al extremo sur del arrecife		PRESENT	1	ff90b050-c256-11db-b71b-b8a03c50a862	18.487139	-94.775583	90.0		0.0	0.0	2.5	2.5	2013-09-05	5	9	2013	2278861	2278861	HUMAN_OBSERVATION	FCBA-UV		NO APLICA		González Gándara C.; De la Cruz Francisco V.; Argüelles Jiménez J.		CC_BY_4_0	Comisión Nacional para el Conocimiento y Uso de la Biodiversidad (CONABIO)	De la Cruz Francisco V.	NotAType		2025-07-05T04:15:43.817Z		COORDINATE_ROUNDED;CONTINENT_DERIVED_FROM_COORDINATES;SCIENTIFIC_NAME_ID_NOT_FOUND;TAXON_ID_NOT_FOUND;DEPTH_MIN_MAX_SWAPPED;OCCURRENCE_STATUS_INFERRED_FROM_INDIVIDUAL_COUNT
1895698556	eda1016d-1f81-4c43-833f-5ae3f5b12504	a95c433ee82e711016cefdf8dc743643	Animalia	Echinodermata	Echinoidea	Camarodonta	Echinometridae	Echinometra	Echinometra lucunter		SPECIES	Echinometra lucunter (Linnaeus, 1758)	Echinometra lucunter	(Linnaeus, 1758)	MX	Arrecife Zapotitlán, al extremo sur del arrecife		PRESENT	1	ff90b050-c256-11db-b71b-b8a03c50a862	18.48775	-94.777417	90.0		0.0	0.0	2.0	2.0	2013-09-05	5	9	2013	2278861	2278861	HUMAN_OBSERVATION	FCBA-UV		NO APLICA		González Gándara C.; De la Cruz Francisco V.; Argüelles Jiménez J.		CC_BY_4_0	Comisión Nacional para el Conocimiento y Uso de la Biodiversidad (CONABIO)	González Gándara C.	NotAType		2025-07-05T04:15:43.833Z		COORDINATE_ROUNDED;CONTINENT_DERIVED_FROM_COORDINATES;SCIENTIFIC_NAME_ID_NOT_FOUND;TAXON_ID_NOT_FOUND;DEPTH_MIN_MAX_SWAPPED;OCCURRENCE_STATUS_INFERRED_FROM_INDIVIDUAL_COUNT
1895698555	eda1016d-1f81-4c43-833f-5ae3f5b12504	c8fcec6f4c72c5013936c714154d118d	Animalia	Echinodermata	Echinoidea	Camarodonta	Echinometridae	Echinometra	Echinometra lucunter		SPECIES	Echinometra lucunter (Linnaeus, 1758)	Echinometra lucunter	(Linnaeus, 1758)	MX	Arrecife Zapotitlán, área central del arrecife		PRESENT	1	ff90b050-c256-11db-b71b-b8a03c50a862	18.497056	-94.778417	90.0		0.0	0.0	1.5	1.5	2013-09-06	6	9	2013	2278861	2278861	HUMAN_OBSERVATION	FCBA-UV		NO APLICA		González Gándara C.; De la Cruz Francisco V.; Argüelles Jiménez J.		CC_BY_4_0	Comisión Nacional para el Conocimiento y Uso de la Biodiversidad (CONABIO)	Argüelles Jiménez J.	NotAType		2025-07-05T04:15:43.904Z		COORDINATE_ROUNDED;CONTINENT_DERIVED_FROM_COORDINATES;SCIENTIFIC_NAME_ID_NOT_FOUND;TAXON_ID_NOT_FOUND;DEPTH_MIN_MAX_SWAPPED;OCCURRENCE_STATUS_INFERRED_FROM_INDIVIDUAL_COUNT
1895698553	eda1016d-1f81-4c43-833f-5ae3f5b12504	db2e0f3b4c4f118eaedba35d083f8e24	Animalia	Echinodermata	Echinoidea	Camarodonta	Echinometridae	Echinometra	Echinometra lucunter		SPECIES	Echinometra lucunter (Linnaeus, 1758)	Echinometra lucunter	(Linnaeus, 1758)	MX	Arrecife Zapotitlán, área central del arrecife		PRESENT	1	ff90b050-c256-11db-b71b-b8a03c50a862	18.496417	-94.778278	90.0		0.0	0.0	2.0	2.0	2013-09-06	6	9	2013	2278861	2278861	HUMAN_OBSERVATION	FCBA-UV		NO APLICA		González Gándara C.; De la Cruz Francisco V.; Argüelles Jiménez J.		CC_BY_4_0	Comisión Nacional para el Conocimiento y Uso de la Biodiversidad (CONABIO)	De la Cruz Francisco V.	NotAType		2025-07-05T04:15:43.856Z		COORDINATE_ROUNDED;CONTINENT_DERIVED_FROM_COORDINATES;SCIENTIFIC_NAME_ID_NOT_FOUND;TAXON_ID_NOT_FOUND;DEPTH_MIN_MAX_SWAPPED;OCCURRENCE_STATUS_INFERRED_FROM_INDIVIDUAL_COUNT
1895698552	eda1016d-1f81-4c43-833f-5ae3f5b12504	60ef69fa7b3297905a111b1cdba35b88	Animalia	Echinodermata	Echinoidea	Camarodonta	Echinometridae	Echinometra	Echinometra lucunter		SPECIES	Echinometra lucunter (Linnaeus, 1758)	Echinometra lucunter	(Linnaeus, 1758)	MX	Arrecife Zapotitlán, al extremo sur del arrecife		PRESENT	1	ff90b050-c256-11db-b71b-b8a03c50a862	18.487361	-94.777639	90.0		0.0	0.0	1.0	1.0	2013-09-05	5	9	2013	2278861	2278861	PRESERVED_SPECIMEN	FCBA-UV	CI-UV	DF-CC-00477/Ech		González Gándara C.; De la Cruz Francisco V.; Argüelles Jiménez J.		CC_BY_4_0	Comisión Nacional para el Conocimiento y Uso de la Biodiversidad (CONABIO)	Argüelles Jiménez J.	NotAType		2025-07-05T04:15:43.670Z		COORDINATE_ROUNDED;CONTINENT_DERIVED_FROM_COORDINATES;SCIENTIFIC_NAME_ID_NOT_FOUND;TAXON_ID_NOT_FOUND;DEPTH_MIN_MAX_SWAPPED;OCCURRENCE_STATUS_INFERRED_FROM_INDIVIDUAL_COUNT;COLLECTION_MATCH_NONE;INSTITUTION_MATCH_FUZZY;DIFFERENT_OWNER_INSTITUTION
1895698551	eda1016d-1f81-4c43-833f-5ae3f5b12504	7c42ff5dabb78acbd48518dbc0996530	Animalia	Echinodermata	Echinoidea	Camarodonta	Echinometridae	Echinometra	Echinometra lucunter		SPECIES	Echinometra lucunter (Linnaeus, 1758)	Echinometra lucunter	(Linnaeus, 1758)	MX	Arrecife Zapotitlán, al extremo norte del arrecife		PRESENT	1	ff90b050-c256-11db-b71b-b8a03c50a862	18.515806	-94.786889	90.0		0.0	0.0	1.5	1.5	2013-06-18	18	6	2013	2278861	2278861	HUMAN_OBSERVATION	FCBA-UV		NO APLICA		González Gándara C.; De la Cruz Francisco V.; Argüelles Jiménez J.		CC_BY_4_0	Comisión Nacional para el Conocimiento y Uso de la Biodiversidad (CONABIO)	Argüelles Jiménez J.	NotAType		2025-07-05T04:15:43.866Z		COORDINATE_ROUNDED;CONTINENT_DERIVED_FROM_COORDINATES;SCIENTIFIC_NAME_ID_NOT_FOUND;TAXON_ID_NOT_FOUND;DEPTH_MIN_MAX_SWAPPED;OCCURRENCE_STATUS_INFERRED_FROM_INDIVIDUAL_COUNT
1895698549	eda1016d-1f81-4c43-833f-5ae3f5b12504	c8bb7d3bdac33e5a80f9a32375863091	Animalia	Echinodermata	Echinoidea	Camarodonta	Echinometridae	Echinometra	Echinometra lucunter		SPECIES	Echinometra lucunter (Linnaeus, 1758)	Echinometra lucunter	(Linnaeus, 1758)	MX	Arrecife La Perla, extremo este del arrecife		PRESENT	1	ff90b050-c256-11db-b71b-b8a03c50a862	18.539778	-94.808361	90.0		0.0	0.0	4.0	4.0	2013-06-17	17	6	2013	2278861	2278861	HUMAN_OBSERVATION	FCBA-UV		NO APLICA		González Gándara C.; De la Cruz Francisco V.; Argüelles Jiménez J.		CC_BY_4_0	Comisión Nacional para el Conocimiento y Uso de la Biodiversidad (CONABIO)	Argüelles Jiménez J.	NotAType		2025-07-05T04:15:43.803Z		COORDINATE_ROUNDED;CONTINENT_DERIVED_FROM_COORDINATES;SCIENTIFIC_NAME_ID_NOT_FOUND;TAXON_ID_NOT_FOUND;DEPTH_MIN_MAX_SWAPPED;OCCURRENCE_STATUS_INFERRED_FROM_INDIVIDUAL_COUNT
1895698548	eda1016d-1f81-4c43-833f-5ae3f5b12504	da54156eb284b682d24480ac198d7be9	Animalia	Echinodermata	Echinoidea	Camarodonta	Echinometridae	Echinometra	Echinometra lucunter		SPECIES	Echinometra lucunter (Linnaeus, 1758)	Echinometra lucunter	(Linnaeus, 1758)	MX	Arrecife Blanquilla, al este de barlovento		PRESENT	1	ff90b050-c256-11db-b71b-b8a03c50a862	21.544694	-97.276972	70.0		0.0	0.0	2.5	2.5	2013-03-23	23	3	2013	2278861	2278861	HUMAN_OBSERVATION	FCBA-UV		NO APLICA		González Gándara C.; De la Cruz Francisco V.; Argüelles Jiménez J.		CC_BY_4_0	Comisión Nacional para el Conocimiento y Uso de la Biodiversidad (CONABIO)	Argüelles Jiménez J.	NotAType		2025-07-05T04:15:43.781Z		COORDINATE_ROUNDED;CONTINENT_DERIVED_FROM_COORDINATES;SCIENTIFIC_NAME_ID_NOT_FOUND;TAXON_ID_NOT_FOUND;DEPTH_MIN_MAX_SWAPPED;OCCURRENCE_STATUS_INFERRED_FROM_INDIVIDUAL_COUNT
1895698546	eda1016d-1f81-4c43-833f-5ae3f5b12504	7ba0851473216626b41ea56cd2a93dbe	Animalia	Echinodermata	Echinoidea	Camarodonta	Echinometridae	Echinometra	Echinometra lucunter		SPECIES	Echinometra lucunter (Linnaeus, 1758)	Echinometra lucunter	(Linnaeus, 1758)	MX	Arrecife Medio, al sureste de barlovento		PRESENT	1	ff90b050-c256-11db-b71b-b8a03c50a862	21.50775	-97.250833	70.0		0.0	0.0	2.5	2.5	2013-05-05	5	5	2013	2278861	2278861	PRESERVED_SPECIMEN	FCBA-UV	CI-UV	DF-CC-00148/Ech		González Gándara C.; De la Cruz Francisco V.; Argüelles Jiménez J.		CC_BY_4_0	Comisión Nacional para el Conocimiento y Uso de la Biodiversidad (CONABIO)	Argüelles Jiménez J.	NotAType		2025-07-05T04:15:43.778Z		COORDINATE_ROUNDED;CONTINENT_DERIVED_FROM_COORDINATES;SCIENTIFIC_NAME_ID_NOT_FOUND;TAXON_ID_NOT_FOUND;DEPTH_MIN_MAX_SWAPPED;OCCURRENCE_STATUS_INFERRED_FROM_INDIVIDUAL_COUNT;COLLECTION_MATCH_NONE;INSTITUTION_MATCH_FUZZY;DIFFERENT_OWNER_INSTITUTION
1895698545	eda1016d-1f81-4c43-833f-5ae3f5b12504	a7624bce7dbaa5d8db08f386ffef627d	Animalia	Echinodermata	Echinoidea	Camarodonta	Echinometridae	Echinometra	Echinometra lucunter		SPECIES	Echinometra lucunter (Linnaeus, 1758)	Echinometra lucunter	(Linnaeus, 1758)	MX	Arrecife Zapotitlán, área central del arrecife		PRESENT	1	ff90b050-c256-11db-b71b-b8a03c50a862	18.496083	-94.778055	90.0		0.0	0.0	2.0	2.0	2013-09-06	6	9	2013	2278861	2278861	HUMAN_OBSERVATION	FCBA-UV		NO APLICA		González Gándara C.; De la Cruz Francisco V.; Argüelles Jiménez J.		CC_BY_4_0	Comisión Nacional para el Conocimiento y Uso de la Biodiversidad (CONABIO)	Argüelles Jiménez J.	NotAType		2025-07-05T04:15:43.872Z		COORDINATE_ROUNDED;CONTINENT_DERIVED_FROM_COORDINATES;SCIENTIFIC_NAME_ID_NOT_FOUND;TAXON_ID_NOT_FOUND;DEPTH_MIN_MAX_SWAPPED;OCCURRENCE_STATUS_INFERRED_FROM_INDIVIDUAL_COUNT
1895698544	eda1016d-1f81-4c43-833f-5ae3f5b12504	c7b9d9eb62c4fbdeb703acaaa552fe7f	Animalia	Echinodermata	Echinoidea	Camarodonta	Echinometridae	Echinometra	Echinometra lucunter		SPECIES	Echinometra lucunter (Linnaeus, 1758)	Echinometra lucunter	(Linnaeus, 1758)	MX	Arrecife La Perla, extremo oeste del arrecife		PRESENT	1	ff90b050-c256-11db-b71b-b8a03c50a862	18.551139	-94.872389	90.0		0.0	0.0	1.0	1.0	2013-09-08	8	9	2013	2278861	2278861	HUMAN_OBSERVATION	FCBA-UV		NO APLICA		González Gándara C.; De la Cruz Francisco V.; Argüelles Jiménez J.		CC_BY_4_0	Comisión Nacional para el Conocimiento y Uso de la Biodiversidad (CONABIO)	González Gándara C.	NotAType		2025-07-05T04:15:43.777Z		COORDINATE_ROUNDED;CONTINENT_DERIVED_FROM_COORDINATES;SCIENTIFIC_NAME_ID_NOT_FOUND;TAXON_ID_NOT_FOUND;DEPTH_MIN_MAX_SWAPPED;OCCURRENCE_STATUS_INFERRED_FROM_INDIVIDUAL_COUNT
1895698543	eda1016d-1f81-4c43-833f-5ae3f5b12504	60526284e5d0d64d094f2128e8d25d87	Animalia	Echinodermata	Echinoidea	Camarodonta	Echinometridae	Echinometra	Echinometra lucunter		SPECIES	Echinometra lucunter (Linnaeus, 1758)	Echinometra lucunter	(Linnaeus, 1758)	MX	Arrecife Zapotitlán, al extremo sur del arrecife		PRESENT	1	ff90b050-c256-11db-b71b-b8a03c50a862	18.487361	-94.777639	90.0		0.0	0.0	1.0	1.0	2013-09-05	5	9	2013	2278861	2278861	PRESERVED_SPECIMEN	FCBA-UV	CI-UV	DF-CC-00479/Ech		González Gándara C.; De la Cruz Francisco V.; Argüelles Jiménez J.		CC_BY_4_0	Comisión Nacional para el Conocimiento y Uso de la Biodiversidad (CONABIO)	Argüelles Jiménez J.	NotAType		2025-07-05T04:15:43.797Z		COORDINATE_ROUNDED;CONTINENT_DERIVED_FROM_COORDINATES;SCIENTIFIC_NAME_ID_NOT_FOUND;TAXON_ID_NOT_FOUND;DEPTH_MIN_MAX_SWAPPED;OCCURRENCE_STATUS_INFERRED_FROM_INDIVIDUAL_COUNT;COLLECTION_MATCH_NONE;INSTITUTION_MATCH_FUZZY;DIFFERENT_OWNER_INSTITUTION
1895698542	eda1016d-1f81-4c43-833f-5ae3f5b12504	a75c2197d3eb18e346f419c9cd2c76e8	Animalia	Echinodermata	Echinoidea	Camarodonta	Echinometridae	Echinometra	Echinometra lucunter		SPECIES	Echinometra lucunter (Linnaeus, 1758)	Echinometra lucunter	(Linnaeus, 1758)	MX	Arrecife Zapotitlán, al extremo norte del arrecife		PRESENT	1	ff90b050-c256-11db-b71b-b8a03c50a862	18.515806	-94.786889	90.0		0.0	0.0	1.5	1.5	2013-06-18	18	6	2013	2278861	2278861	HUMAN_OBSERVATION	FCBA-UV		NO APLICA		González Gándara C.; De la Cruz Francisco V.; Argüelles Jiménez J.		CC_BY_4_0	Comisión Nacional para el Conocimiento y Uso de la Biodiversidad (CONABIO)	De la Cruz Francisco V.	NotAType		2025-07-05T04:15:43.783Z		COORDINATE_ROUNDED;CONTINENT_DERIVED_FROM_COORDINATES;SCIENTIFIC_NAME_ID_NOT_FOUND;TAXON_ID_NOT_FOUND;DEPTH_MIN_MAX_SWAPPED;OCCURRENCE_STATUS_INFERRED_FROM_INDIVIDUAL_COUNT
1895698541	eda1016d-1f81-4c43-833f-5ae3f5b12504	7ab83889cf49cefe4d0dab8082ebd35c	Animalia	Echinodermata	Echinoidea	Camarodonta	Echinometridae	Echinometra	Echinometra lucunter		SPECIES	Echinometra lucunter (Linnaeus, 1758)	Echinometra lucunter	(Linnaeus, 1758)	MX	Arrecife La Perla, extremo este del arrecife		PRESENT	1	ff90b050-c256-11db-b71b-b8a03c50a862	18.539472	-94.8085	90.0		0.0	0.0	3.0	3.0	2013-06-17	17	6	2013	2278861	2278861	HUMAN_OBSERVATION	FCBA-UV		NO APLICA		González Gándara C.; De la Cruz Francisco V.; Argüelles Jiménez J.		CC_BY_4_0	Comisión Nacional para el Conocimiento y Uso de la Biodiversidad (CONABIO)	González Gándara C.	NotAType		2025-07-05T04:15:43.577Z		COORDINATE_ROUNDED;CONTINENT_DERIVED_FROM_COORDINATES;SCIENTIFIC_NAME_ID_NOT_FOUND;TAXON_ID_NOT_FOUND;DEPTH_MIN_MAX_SWAPPED;OCCURRENCE_STATUS_INFERRED_FROM_INDIVIDUAL_COUNT
1895698540	eda1016d-1f81-4c43-833f-5ae3f5b12504	c6f747747646e4b8757b8b7cf8acf0b2	Animalia	Echinodermata	Echinoidea	Camarodonta	Echinometridae	Echinometra	Echinometra lucunter		SPECIES	Echinometra lucunter (Linnaeus, 1758)	Echinometra lucunter	(Linnaeus, 1758)	MX	Arrecife Zapotitlán, área central del arrecife		PRESENT	1	ff90b050-c256-11db-b71b-b8a03c50a862	18.495639	-94.778472	90.0		0.0	0.0	1.5	1.5	2013-09-06	6	9	2013	2278861	2278861	HUMAN_OBSERVATION	FCBA-UV		NO APLICA		González Gándara C.; De la Cruz Francisco V.; Argüelles Jiménez J.		CC_BY_4_0	Comisión Nacional para el Conocimiento y Uso de la Biodiversidad (CONABIO)	González Gándara C.	NotAType		2025-07-05T04:15:43.820Z		COORDINATE_ROUNDED;CONTINENT_DERIVED_FROM_COORDINATES;SCIENTIFIC_NAME_ID_NOT_FOUND;TAXON_ID_NOT_FOUND;DEPTH_MIN_MAX_SWAPPED;OCCURRENCE_STATUS_INFERRED_FROM_INDIVIDUAL_COUNT
1895698537	eda1016d-1f81-4c43-833f-5ae3f5b12504	79cb51e64d21cccbbc83fd284ca24f06	Animalia	Echinodermata	Echinoidea	Camarodonta	Echinometridae	Echinometra	Echinometra lucunter		SPECIES	Echinometra lucunter (Linnaeus, 1758)	Echinometra lucunter	(Linnaeus, 1758)	MX	Arrecife Zapotitlán, área central del arrecife		PRESENT	1	ff90b050-c256-11db-b71b-b8a03c50a862	18.496083	-94.778055	90.0		0.0	0.0	2.0	2.0	2013-09-06	6	9	2013	2278861	2278861	HUMAN_OBSERVATION	FCBA-UV		NO APLICA		González Gándara C.; De la Cruz Francisco V.; Argüelles Jiménez J.		CC_BY_4_0	Comisión Nacional para el Conocimiento y Uso de la Biodiversidad (CONABIO)	Argüelles Jiménez J.	NotAType		2025-07-05T04:15:43.841Z		COORDINATE_ROUNDED;CONTINENT_DERIVED_FROM_COORDINATES;SCIENTIFIC_NAME_ID_NOT_FOUND;TAXON_ID_NOT_FOUND;DEPTH_MIN_MAX_SWAPPED;OCCURRENCE_STATUS_INFERRED_FROM_INDIVIDUAL_COUNT
1895698536	eda1016d-1f81-4c43-833f-5ae3f5b12504	c6e9332317709cbe64b970bd9e8538b2	Animalia	Echinodermata	Echinoidea	Camarodonta	Echinometridae	Echinometra	Echinometra lucunter		SPECIES	Echinometra lucunter (Linnaeus, 1758)	Echinometra lucunter	(Linnaeus, 1758)	MX	Arrecife La Perla, porción central del arrecife		PRESENT	1	ff90b050-c256-11db-b71b-b8a03c50a862	18.544111	-94.826778	90.0		0.0	0.0	1.0	1.0	2013-09-07	7	9	2013	2278861	2278861	HUMAN_OBSERVATION	FCBA-UV		NO APLICA		González Gándara C.; De la Cruz Francisco V.; Argüelles Jiménez J.		CC_BY_4_0	Comisión Nacional para el Conocimiento y Uso de la Biodiversidad (CONABIO)	Argüelles Jiménez J.	NotAType		2025-07-05T04:15:43.821Z		COORDINATE_ROUNDED;CONTINENT_DERIVED_FROM_COORDINATES;SCIENTIFIC_NAME_ID_NOT_FOUND;TAXON_ID_NOT_FOUND;DEPTH_MIN_MAX_SWAPPED;OCCURRENCE_STATUS_INFERRED_FROM_INDIVIDUAL_COUNT
1895698535	eda1016d-1f81-4c43-833f-5ae3f5b12504	5ac960734a2a8fa56369f568424ecb51	Animalia	Echinodermata	Echinoidea	Camarodonta	Echinometridae	Echinometra	Echinometra lucunter		SPECIES	Echinometra lucunter (Linnaeus, 1758)	Echinometra lucunter	(Linnaeus, 1758)	MX	Arrecife Medio, al sureste de barlovento		PRESENT	1	ff90b050-c256-11db-b71b-b8a03c50a862	21.50775	-97.250833	70.0		0.0	0.0	2.5	2.5	2013-05-05	5	5	2013	2278861	2278861	PRESERVED_SPECIMEN	FCBA-UV	CI-UV	DF-CC-00144/Ech		González Gándara C.; De la Cruz Francisco V.; Argüelles Jiménez J.		CC_BY_4_0	Comisión Nacional para el Conocimiento y Uso de la Biodiversidad (CONABIO)	Argüelles Jiménez J.	NotAType		2025-07-05T04:15:43.738Z		COORDINATE_ROUNDED;CONTINENT_DERIVED_FROM_COORDINATES;SCIENTIFIC_NAME_ID_NOT_FOUND;TAXON_ID_NOT_FOUND;DEPTH_MIN_MAX_SWAPPED;OCCURRENCE_STATUS_INFERRED_FROM_INDIVIDUAL_COUNT;COLLECTION_MATCH_NONE;INSTITUTION_MATCH_FUZZY;DIFFERENT_OWNER_INSTITUTION
1895698534	eda1016d-1f81-4c43-833f-5ae3f5b12504	a679411d761289ffd2271722cfc5395e	Animalia	Echinodermata	Echinoidea	Camarodonta	Echinometridae	Echinometra	Echinometra lucunter		SPECIES	Echinometra lucunter (Linnaeus, 1758)	Echinometra lucunter	(Linnaeus, 1758)	MX	Arrecife Blanquilla, al este de barlovento		PRESENT	1	ff90b050-c256-11db-b71b-b8a03c50a862	21.544444	-97.276805	70.0		0.0	0.0	2.5	2.5	2013-03-23	23	3	2013	2278861	2278861	HUMAN_OBSERVATION	FCBA-UV		NO APLICA		González Gándara C.; De la Cruz Francisco V.; Argüelles Jiménez J.		CC_BY_4_0	Comisión Nacional para el Conocimiento y Uso de la Biodiversidad (CONABIO)	De la Cruz Francisco V.	NotAType		2025-07-05T04:15:43.893Z		COORDINATE_ROUNDED;CONTINENT_DERIVED_FROM_COORDINATES;SCIENTIFIC_NAME_ID_NOT_FOUND;TAXON_ID_NOT_FOUND;DEPTH_MIN_MAX_SWAPPED;OCCURRENCE_STATUS_INFERRED_FROM_INDIVIDUAL_COUNT
1895698533	eda1016d-1f81-4c43-833f-5ae3f5b12504	7959c31054d53d5dc9da5465ec291540	Animalia	Echinodermata	Echinoidea	Camarodonta	Echinometridae	Echinometra	Echinometra lucunter		SPECIES	Echinometra lucunter (Linnaeus, 1758)	Echinometra lucunter	(Linnaeus, 1758)	MX	Arrecife Zapotitlán, al extremo sur del arrecife		PRESENT	1	ff90b050-c256-11db-b71b-b8a03c50a862	18.487361	-94.777639	90.0		0.0	0.0	1.0	1.0	2013-09-05	5	9	2013	2278861	2278861	PRESERVED_SPECIMEN	FCBA-UV	CI-UV	DF-CC-00484/Ech		González Gándara C.; De la Cruz Francisco V.; Argüelles Jiménez J.		CC_BY_4_0	Comisión Nacional para el Conocimiento y Uso de la Biodiversidad (CONABIO)	Argüelles Jiménez J.	NotAType		2025-07-05T04:15:43.854Z		COORDINATE_ROUNDED;CONTINENT_DERIVED_FROM_COORDINATES;SCIENTIFIC_NAME_ID_NOT_FOUND;TAXON_ID_NOT_FOUND;DEPTH_MIN_MAX_SWAPPED;OCCURRENCE_STATUS_INFERRED_FROM_INDIVIDUAL_COUNT;COLLECTION_MATCH_NONE;INSTITUTION_MATCH_FUZZY;DIFFERENT_OWNER_INSTITUTION
1895698532	eda1016d-1f81-4c43-833f-5ae3f5b12504	c694ea57dd5b09172f0b20479d2d53fd	Animalia	Echinodermata	Echinoidea	Camarodonta	Echinometridae	Echinometra	Echinometra lucunter		SPECIES	Echinometra lucunter (Linnaeus, 1758)	Echinometra lucunter	(Linnaeus, 1758)	MX	Arrecife La Perla, extremo oeste del arrecife, inmediaciones del barco undido		PRESENT	1	ff90b050-c256-11db-b71b-b8a03c50a862	18.551028	-94.876694	90.0		0.0	0.0	1.5	1.5	2013-09-08	8	9	2013	2278861	2278861	HUMAN_OBSERVATION	FCBA-UV		NO APLICA		González Gándara C.; De la Cruz Francisco V.; Argüelles Jiménez J.		CC_BY_4_0	Comisión Nacional para el Conocimiento y Uso de la Biodiversidad (CONABIO)	González Gándara C.	NotAType		2025-07-05T04:15:43.819Z		COORDINATE_ROUNDED;CONTINENT_DERIVED_FROM_COORDINATES;SCIENTIFIC_NAME_ID_NOT_FOUND;TAXON_ID_NOT_FOUND;DEPTH_MIN_MAX_SWAPPED;OCCURRENCE_STATUS_INFERRED_FROM_INDIVIDUAL_COUNT
1895698531	eda1016d-1f81-4c43-833f-5ae3f5b12504	5a88a2eede5c6696324e570d413ebe1c	Animalia	Echinodermata	Echinoidea	Camarodonta	Echinometridae	Echinometra	Echinometra lucunter		SPECIES	Echinometra lucunter (Linnaeus, 1758)	Echinometra lucunter	(Linnaeus, 1758)	MX	Arrecife Zapotitlán, al extremo norte del arrecife		PRESENT	1	ff90b050-c256-11db-b71b-b8a03c50a862	18.515806	-94.786889	90.0		0.0	0.0	1.5	1.5	2013-06-18	18	6	2013	2278861	2278861	HUMAN_OBSERVATION	FCBA-UV		NO APLICA		González Gándara C.; De la Cruz Francisco V.; Argüelles Jiménez J.		CC_BY_4_0	Comisión Nacional para el Conocimiento y Uso de la Biodiversidad (CONABIO)	Argüelles Jiménez J.	NotAType		2025-07-05T04:15:43.837Z		COORDINATE_ROUNDED;CONTINENT_DERIVED_FROM_COORDINATES;SCIENTIFIC_NAME_ID_NOT_FOUND;TAXON_ID_NOT_FOUND;DEPTH_MIN_MAX_SWAPPED;OCCURRENCE_STATUS_INFERRED_FROM_INDIVIDUAL_COUNT
1895698529	eda1016d-1f81-4c43-833f-5ae3f5b12504	77dc91e811982d2b1458184ae3161cb5	Animalia	Echinodermata	Echinoidea	Camarodonta	Echinometridae	Echinometra	Echinometra lucunter		SPECIES	Echinometra lucunter (Linnaeus, 1758)	Echinometra lucunter	(Linnaeus, 1758)	MX	Arrecife Zapotitlán, área central del arrecife		PRESENT	1	ff90b050-c256-11db-b71b-b8a03c50a862	18.496417	-94.778278	90.0		0.0	0.0	2.0	2.0	2013-09-06	6	9	2013	2278861	2278861	HUMAN_OBSERVATION	FCBA-UV		NO APLICA		González Gándara C.; De la Cruz Francisco V.; Argüelles Jiménez J.		CC_BY_4_0	Comisión Nacional para el Conocimiento y Uso de la Biodiversidad (CONABIO)	Argüelles Jiménez J.	NotAType		2025-07-05T04:15:43.814Z		COORDINATE_ROUNDED;CONTINENT_DERIVED_FROM_COORDINATES;SCIENTIFIC_NAME_ID_NOT_FOUND;TAXON_ID_NOT_FOUND;DEPTH_MIN_MAX_SWAPPED;OCCURRENCE_STATUS_INFERRED_FROM_INDIVIDUAL_COUNT
1895698528	eda1016d-1f81-4c43-833f-5ae3f5b12504	c60da81b81ab6879707a1f8177ed98cf	Animalia	Echinodermata	Echinoidea	Camarodonta	Echinometridae	Echinometra	Echinometra lucunter		SPECIES	Echinometra lucunter (Linnaeus, 1758)	Echinometra lucunter	(Linnaeus, 1758)	MX	Arrecife La Perla, extremo oeste del arrecife		PRESENT	1	ff90b050-c256-11db-b71b-b8a03c50a862	18.551111	-94.876111	90.0		0.0	0.0	1.5	1.5	2013-09-08	8	9	2013	2278861	2278861	HUMAN_OBSERVATION	FCBA-UV		NO APLICA		González Gándara C.; De la Cruz Francisco V.; Argüelles Jiménez J.		CC_BY_4_0	Comisión Nacional para el Conocimiento y Uso de la Biodiversidad (CONABIO)	De la Cruz Francisco V.	NotAType		2025-07-05T04:15:43.802Z		COORDINATE_ROUNDED;CONTINENT_DERIVED_FROM_COORDINATES;SCIENTIFIC_NAME_ID_NOT_FOUND;TAXON_ID_NOT_FOUND;DEPTH_MIN_MAX_SWAPPED;OCCURRENCE_STATUS_INFERRED_FROM_INDIVIDUAL_COUNT
1895698527	eda1016d-1f81-4c43-833f-5ae3f5b12504	593e852b39cc7182442d568bee4476b8	Animalia	Echinodermata	Echinoidea	Camarodonta	Echinometridae	Echinometra	Echinometra lucunter		SPECIES	Echinometra lucunter (Linnaeus, 1758)	Echinometra lucunter	(Linnaeus, 1758)	MX	Arrecife Medio, al sureste de barlovento		PRESENT	1	ff90b050-c256-11db-b71b-b8a03c50a862	21.50775	-97.250833	70.0		0.0	0.0	2.5	2.5	2013-05-05	5	5	2013	2278861	2278861	PRESERVED_SPECIMEN	FCBA-UV	CI-UV	DF-CC-00146/Ech		González Gándara C.; De la Cruz Francisco V.; Argüelles Jiménez J.		CC_BY_4_0	Comisión Nacional para el Conocimiento y Uso de la Biodiversidad (CONABIO)	Argüelles Jiménez J.	NotAType		2025-07-05T04:15:43.740Z		COORDINATE_ROUNDED;CONTINENT_DERIVED_FROM_COORDINATES;SCIENTIFIC_NAME_ID_NOT_FOUND;TAXON_ID_NOT_FOUND;DEPTH_MIN_MAX_SWAPPED;OCCURRENCE_STATUS_INFERRED_FROM_INDIVIDUAL_COUNT;COLLECTION_MATCH_NONE;INSTITUTION_MATCH_FUZZY;DIFFERENT_OWNER_INSTITUTION
1895698526	eda1016d-1f81-4c43-833f-5ae3f5b12504	a37814f0c4f5dd127fa087f4e0bcab56	Animalia	Echinodermata	Echinoidea	Camarodonta	Echinometridae	Echinometra	Echinometra lucunter		SPECIES	Echinometra lucunter (Linnaeus, 1758)	Echinometra lucunter	(Linnaeus, 1758)	MX	Arrecife Zapotitlán, área central del arrecife		PRESENT	1	ff90b050-c256-11db-b71b-b8a03c50a862	18.496889	-94.778694	90.0		0.0	0.0	1.5	1.5	2013-09-06	6	9	2013	2278861	2278861	HUMAN_OBSERVATION	FCBA-UV		NO APLICA		González Gándara C.; De la Cruz Francisco V.; Argüelles Jiménez J.		CC_BY_4_0	Comisión Nacional para el Conocimiento y Uso de la Biodiversidad (CONABIO)	González Gándara C.	NotAType		2025-07-05T04:15:43.898Z		COORDINATE_ROUNDED;CONTINENT_DERIVED_FROM_COORDINATES;SCIENTIFIC_NAME_ID_NOT_FOUND;TAXON_ID_NOT_FOUND;DEPTH_MIN_MAX_SWAPPED;OCCURRENCE_STATUS_INFERRED_FROM_INDIVIDUAL_COUNT
1895698525	eda1016d-1f81-4c43-833f-5ae3f5b12504	77b76ee3f01d4956cf52e68e70b5e1fc	Animalia	Echinodermata	Echinoidea	Camarodonta	Echinometridae	Echinometra	Echinometra lucunter		SPECIES	Echinometra lucunter (Linnaeus, 1758)	Echinometra lucunter	(Linnaeus, 1758)	MX	Arrecife Zapotitlán, al extremo sur del arrecife		PRESENT	1	ff90b050-c256-11db-b71b-b8a03c50a862	18.487139	-94.775583	90.0		0.0	0.0	2.5	2.5	2013-09-05	5	9	2013	2278861	2278861	HUMAN_OBSERVATION	FCBA-UV		NO APLICA		González Gándara C.; De la Cruz Francisco V.; Argüelles Jiménez J.		CC_BY_4_0	Comisión Nacional para el Conocimiento y Uso de la Biodiversidad (CONABIO)	González Gándara C.	NotAType		2025-07-05T04:15:43.728Z		COORDINATE_ROUNDED;CONTINENT_DERIVED_FROM_COORDINATES;SCIENTIFIC_NAME_ID_NOT_FOUND;TAXON_ID_NOT_FOUND;DEPTH_MIN_MAX_SWAPPED;OCCURRENCE_STATUS_INFERRED_FROM_INDIVIDUAL_COUNT
1895698524	eda1016d-1f81-4c43-833f-5ae3f5b12504	c3e13b4c091e592f572e3a73e41a7c8d	Animalia	Echinodermata	Echinoidea	Camarodonta	Echinometridae	Echinometra	Echinometra lucunter		SPECIES	Echinometra lucunter (Linnaeus, 1758)	Echinometra lucunter	(Linnaeus, 1758)	MX	Arrecife Zapotitlán, al extremo norte del arrecife		PRESENT	1	ff90b050-c256-11db-b71b-b8a03c50a862	18.511889	-94.783	90.0		0.0	0.0	3.0	3.0	2013-06-18	18	6	2013	2278861	2278861	HUMAN_OBSERVATION	FCBA-UV		NO APLICA		González Gándara C.; De la Cruz Francisco V.; Argüelles Jiménez J.		CC_BY_4_0	Comisión Nacional para el Conocimiento y Uso de la Biodiversidad (CONABIO)	Argüelles Jiménez J.	NotAType		2025-07-05T04:15:43.903Z		COORDINATE_ROUNDED;CONTINENT_DERIVED_FROM_COORDINATES;SCIENTIFIC_NAME_ID_NOT_FOUND;TAXON_ID_NOT_FOUND;DEPTH_MIN_MAX_SWAPPED;OCCURRENCE_STATUS_INFERRED_FROM_INDIVIDUAL_COUNT
1895698523	eda1016d-1f81-4c43-833f-5ae3f5b12504	592fec62244f086e089574baa99fa6db	Animalia	Echinodermata	Echinoidea	Camarodonta	Echinometridae	Echinometra	Echinometra lucunter		SPECIES	Echinometra lucunter (Linnaeus, 1758)	Echinometra lucunter	(Linnaeus, 1758)	MX	Arrecife La Perla, extremo oeste del arrecife		PRESENT	1	ff90b050-c256-11db-b71b-b8a03c50a862	18.551139	-94.872389	90.0		0.0	0.0	1.0	1.0	2013-09-08	8	9	2013	2278861	2278861	HUMAN_OBSERVATION	FCBA-UV		NO APLICA		González Gándara C.; De la Cruz Francisco V.; Argüelles Jiménez J.		CC_BY_4_0	Comisión Nacional para el Conocimiento y Uso de la Biodiversidad (CONABIO)	De la Cruz Francisco V.	NotAType		2025-07-05T04:15:43.800Z		COORDINATE_ROUNDED;CONTINENT_DERIVED_FROM_COORDINATES;SCIENTIFIC_NAME_ID_NOT_FOUND;TAXON_ID_NOT_FOUND;DEPTH_MIN_MAX_SWAPPED;OCCURRENCE_STATUS_INFERRED_FROM_INDIVIDUAL_COUNT
1895698522	eda1016d-1f81-4c43-833f-5ae3f5b12504	a1bc42317bef1cf983506b2869c9a1a8	Animalia	Echinodermata	Echinoidea	Camarodonta	Echinometridae	Echinometra	Echinometra lucunter		SPECIES	Echinometra lucunter (Linnaeus, 1758)	Echinometra lucunter	(Linnaeus, 1758)	MX	Arrecife La Perla, extremo este del arrecife		PRESENT	1	ff90b050-c256-11db-b71b-b8a03c50a862	18.540278	-94.809472	90.0		0.0	0.0	3.0	3.0	2014-05-06	6	5	2014	2278861	2278861	HUMAN_OBSERVATION	FCBA-UV		NO APLICA		González Gándara C.; De la Cruz Francisco V.; Argüelles Jiménez J.		CC_BY_4_0	Comisión Nacional para el Conocimiento y Uso de la Biodiversidad (CONABIO)	Escárcega Quiroga A. P.	NotAType		2025-07-05T04:15:43.813Z		COORDINATE_ROUNDED;CONTINENT_DERIVED_FROM_COORDINATES;SCIENTIFIC_NAME_ID_NOT_FOUND;TAXON_ID_NOT_FOUND;DEPTH_MIN_MAX_SWAPPED;OCCURRENCE_STATUS_INFERRED_FROM_INDIVIDUAL_COUNT
1895698521	eda1016d-1f81-4c43-833f-5ae3f5b12504	7628198503c8089929a6fd71deeb8634	Animalia	Echinodermata	Echinoidea	Camarodonta	Echinometridae	Echinometra	Echinometra lucunter		SPECIES	Echinometra lucunter (Linnaeus, 1758)	Echinometra lucunter	(Linnaeus, 1758)	MX	Arrecife Zapotitlán, área central del arrecife		PRESENT	1	ff90b050-c256-11db-b71b-b8a03c50a862	18.496417	-94.778278	90.0		0.0	0.0	2.0	2.0	2013-09-06	6	9	2013	2278861	2278861	HUMAN_OBSERVATION	FCBA-UV		NO APLICA		González Gándara C.; De la Cruz Francisco V.; Argüelles Jiménez J.		CC_BY_4_0	Comisión Nacional para el Conocimiento y Uso de la Biodiversidad (CONABIO)	Argüelles Jiménez J.	NotAType		2025-07-05T04:15:43.903Z		COORDINATE_ROUNDED;CONTINENT_DERIVED_FROM_COORDINATES;SCIENTIFIC_NAME_ID_NOT_FOUND;TAXON_ID_NOT_FOUND;DEPTH_MIN_MAX_SWAPPED;OCCURRENCE_STATUS_INFERRED_FROM_INDIVIDUAL_COUNT
1895698520	eda1016d-1f81-4c43-833f-5ae3f5b12504	57c2dc79461556da699f63e1e782f76c	Animalia	Echinodermata	Echinoidea	Camarodonta	Echinometridae	Echinometra	Echinometra lucunter		SPECIES	Echinometra lucunter (Linnaeus, 1758)	Echinometra lucunter	(Linnaeus, 1758)	MX	Arrecife Zapotitlán, al extremo sur del arrecife		PRESENT	1	ff90b050-c256-11db-b71b-b8a03c50a862	18.487361	-94.777639	90.0		0.0	0.0	1.0	1.0	2013-09-05	5	9	2013	2278861	2278861	PRESERVED_SPECIMEN	FCBA-UV	CI-UV	DF-CC-00416/Ech		González Gándara C.; De la Cruz Francisco V.; Argüelles Jiménez J.		CC_BY_4_0	Comisión Nacional para el Conocimiento y Uso de la Biodiversidad (CONABIO)	Escárcega Quiroga A. P.	NotAType		2025-07-05T04:15:43.828Z		COORDINATE_ROUNDED;CONTINENT_DERIVED_FROM_COORDINATES;SCIENTIFIC_NAME_ID_NOT_FOUND;TAXON_ID_NOT_FOUND;DEPTH_MIN_MAX_SWAPPED;OCCURRENCE_STATUS_INFERRED_FROM_INDIVIDUAL_COUNT;COLLECTION_MATCH_NONE;INSTITUTION_MATCH_FUZZY;DIFFERENT_OWNER_INSTITUTION
1895698519	eda1016d-1f81-4c43-833f-5ae3f5b12504	c3133acb08db06ae18b14d04b7a845dc	Animalia	Echinodermata	Echinoidea	Camarodonta	Echinometridae	Echinometra	Echinometra lucunter		SPECIES	Echinometra lucunter (Linnaeus, 1758)	Echinometra lucunter	(Linnaeus, 1758)	MX	Arrecife Medio, al sureste de barlovento		PRESENT	1	ff90b050-c256-11db-b71b-b8a03c50a862	21.50775	-97.250833	70.0		0.0	0.0	2.5	2.5	2013-05-05	5	5	2013	2278861	2278861	PRESERVED_SPECIMEN	FCBA-UV	CI-UV	DF-CC-00147/Ech		González Gándara C.; De la Cruz Francisco V.; Argüelles Jiménez J.		CC_BY_4_0	Comisión Nacional para el Conocimiento y Uso de la Biodiversidad (CONABIO)	Argüelles Jiménez J.	NotAType		2025-07-05T04:15:43.852Z		COORDINATE_ROUNDED;CONTINENT_DERIVED_FROM_COORDINATES;SCIENTIFIC_NAME_ID_NOT_FOUND;TAXON_ID_NOT_FOUND;DEPTH_MIN_MAX_SWAPPED;OCCURRENCE_STATUS_INFERRED_FROM_INDIVIDUAL_COUNT;COLLECTION_MATCH_NONE;INSTITUTION_MATCH_FUZZY;DIFFERENT_OWNER_INSTITUTION
1895698517	eda1016d-1f81-4c43-833f-5ae3f5b12504	73aa511ade4afcacf2d744debc288d62	Animalia	Echinodermata	Echinoidea	Camarodonta	Echinometridae	Echinometra	Echinometra lucunter		SPECIES	Echinometra lucunter (Linnaeus, 1758)	Echinometra lucunter	(Linnaeus, 1758)	MX	Arrecife Zapotitlán, área central del arrecife		PRESENT	1	ff90b050-c256-11db-b71b-b8a03c50a862	18.496806	-94.77825	90.0		0.0	0.0	1.5	1.5	2013-09-06	6	9	2013	2278861	2278861	HUMAN_OBSERVATION	FCBA-UV		NO APLICA		González Gándara C.; De la Cruz Francisco V.; Argüelles Jiménez J.		CC_BY_4_0	Comisión Nacional para el Conocimiento y Uso de la Biodiversidad (CONABIO)	Argüelles Jiménez J.	NotAType		2025-07-05T04:15:43.807Z		COORDINATE_ROUNDED;CONTINENT_DERIVED_FROM_COORDINATES;SCIENTIFIC_NAME_ID_NOT_FOUND;TAXON_ID_NOT_FOUND;DEPTH_MIN_MAX_SWAPPED;OCCURRENCE_STATUS_INFERRED_FROM_INDIVIDUAL_COUNT
1895698516	eda1016d-1f81-4c43-833f-5ae3f5b12504	57068538248e7e022d9b0afbcb2326ff	Animalia	Echinodermata	Echinoidea	Camarodonta	Echinometridae	Echinometra	Echinometra lucunter		SPECIES	Echinometra lucunter (Linnaeus, 1758)	Echinometra lucunter	(Linnaeus, 1758)	MX	Arrecife Zapotitlán, al extremo sur del arrecife		PRESENT	1	ff90b050-c256-11db-b71b-b8a03c50a862	18.488306	-94.777805	90.0		0.0	0.0	1.0	1.0	2013-09-05	5	9	2013	2278861	2278861	HUMAN_OBSERVATION	FCBA-UV		NO APLICA		González Gándara C.; De la Cruz Francisco V.; Argüelles Jiménez J.		CC_BY_4_0	Comisión Nacional para el Conocimiento y Uso de la Biodiversidad (CONABIO)	De la Cruz Francisco V.	NotAType		2025-07-05T04:15:43.861Z		COORDINATE_ROUNDED;CONTINENT_DERIVED_FROM_COORDINATES;SCIENTIFIC_NAME_ID_NOT_FOUND;TAXON_ID_NOT_FOUND;DEPTH_MIN_MAX_SWAPPED;OCCURRENCE_STATUS_INFERRED_FROM_INDIVIDUAL_COUNT
1895698515	eda1016d-1f81-4c43-833f-5ae3f5b12504	382b7fa375e49a9270ab6c55cef2ba8a	Animalia	Echinodermata	Echinoidea	Camarodonta	Echinometridae	Echinometra	Echinometra lucunter		SPECIES	Echinometra lucunter (Linnaeus, 1758)	Echinometra lucunter	(Linnaeus, 1758)	MX	Arrecife Zapotitlán, al extremo sur del arrecife		PRESENT	1	ff90b050-c256-11db-b71b-b8a03c50a862	18.487361	-94.777639	90.0		0.0	0.0	1.0	1.0	2013-09-05	5	9	2013	2278861	2278861	PRESERVED_SPECIMEN	FCBA-UV	CI-UV	DF-CC-00478/Ech		González Gándara C.; De la Cruz Francisco V.; Argüelles Jiménez J.		CC_BY_4_0	Comisión Nacional para el Conocimiento y Uso de la Biodiversidad (CONABIO)	Argüelles Jiménez J.	NotAType		2025-07-05T04:15:43.856Z		COORDINATE_ROUNDED;CONTINENT_DERIVED_FROM_COORDINATES;SCIENTIFIC_NAME_ID_NOT_FOUND;TAXON_ID_NOT_FOUND;DEPTH_MIN_MAX_SWAPPED;OCCURRENCE_STATUS_INFERRED_FROM_INDIVIDUAL_COUNT;COLLECTION_MATCH_NONE;INSTITUTION_MATCH_FUZZY;DIFFERENT_OWNER_INSTITUTION
1895698514	eda1016d-1f81-4c43-833f-5ae3f5b12504	c2212bb95ba1dcc8f03acfba344f1c75	Animalia	Echinodermata	Echinoidea	Camarodonta	Echinometridae	Echinometra	Echinometra lucunter		SPECIES	Echinometra lucunter (Linnaeus, 1758)	Echinometra lucunter	(Linnaeus, 1758)	MX	Arrecife La Perla, extremo este del arrecife		PRESENT	1	ff90b050-c256-11db-b71b-b8a03c50a862	18.540417	-94.809861	90.0		0.0	0.0	3.0	3.0	2014-05-06	6	5	2014	2278861	2278861	HUMAN_OBSERVATION	FCBA-UV		NO APLICA		González Gándara C.; De la Cruz Francisco V.; Argüelles Jiménez J.		CC_BY_4_0	Comisión Nacional para el Conocimiento y Uso de la Biodiversidad (CONABIO)	Flores Serrano S. D.	NotAType		2025-07-05T04:15:43.829Z		COORDINATE_ROUNDED;CONTINENT_DERIVED_FROM_COORDINATES;SCIENTIFIC_NAME_ID_NOT_FOUND;TAXON_ID_NOT_FOUND;DEPTH_MIN_MAX_SWAPPED;OCCURRENCE_STATUS_INFERRED_FROM_INDIVIDUAL_COUNT
1895698513	eda1016d-1f81-4c43-833f-5ae3f5b12504	9f6ee3578c495d88ca891d0e55b718a3	Animalia	Echinodermata	Echinoidea	Camarodonta	Echinometridae	Echinometra	Echinometra lucunter		SPECIES	Echinometra lucunter (Linnaeus, 1758)	Echinometra lucunter	(Linnaeus, 1758)	MX	Arrecife Zapotitlán, al extremo norte del arrecife		PRESENT	1	ff90b050-c256-11db-b71b-b8a03c50a862	18.515806	-94.786889	90.0		0.0	0.0	1.5	1.5	2013-06-18	18	6	2013	2278861	2278861	HUMAN_OBSERVATION	FCBA-UV		NO APLICA		González Gándara C.; De la Cruz Francisco V.; Argüelles Jiménez J.		CC_BY_4_0	Comisión Nacional para el Conocimiento y Uso de la Biodiversidad (CONABIO)	De la Cruz Francisco V.	NotAType		2025-07-05T04:15:43.838Z		COORDINATE_ROUNDED;CONTINENT_DERIVED_FROM_COORDINATES;SCIENTIFIC_NAME_ID_NOT_FOUND;TAXON_ID_NOT_FOUND;DEPTH_MIN_MAX_SWAPPED;OCCURRENCE_STATUS_INFERRED_FROM_INDIVIDUAL_COUNT
1895698512	eda1016d-1f81-4c43-833f-5ae3f5b12504	734ad41c14102ed2d488819b5b672b86	Animalia	Echinodermata	Echinoidea	Camarodonta	Echinometridae	Echinometra	Echinometra lucunter		SPECIES	Echinometra lucunter (Linnaeus, 1758)	Echinometra lucunter	(Linnaeus, 1758)	MX	Arrecife Zapotitlán, al extremo sur del arrecife		PRESENT	1	ff90b050-c256-11db-b71b-b8a03c50a862	18.488306	-94.777805	90.0		0.0	0.0	1.0	1.0	2013-09-05	5	9	2013	2278861	2278861	HUMAN_OBSERVATION	FCBA-UV		NO APLICA		González Gándara C.; De la Cruz Francisco V.; Argüelles Jiménez J.		CC_BY_4_0	Comisión Nacional para el Conocimiento y Uso de la Biodiversidad (CONABIO)	Argüelles Jiménez J.	NotAType		2025-07-05T04:15:43.746Z		COORDINATE_ROUNDED;CONTINENT_DERIVED_FROM_COORDINATES;SCIENTIFIC_NAME_ID_NOT_FOUND;TAXON_ID_NOT_FOUND;DEPTH_MIN_MAX_SWAPPED;OCCURRENCE_STATUS_INFERRED_FROM_INDIVIDUAL_COUNT
1895698511	eda1016d-1f81-4c43-833f-5ae3f5b12504	c08d88f953bc14b96afff3de018d48c8	Animalia	Echinodermata	Echinoidea	Camarodonta	Echinometridae	Echinometra	Echinometra lucunter		SPECIES	Echinometra lucunter (Linnaeus, 1758)	Echinometra lucunter	(Linnaeus, 1758)	MX	Arrecife Zapotitlán, al extremo norte del arrecife		PRESENT	1	ff90b050-c256-11db-b71b-b8a03c50a862	18.51625	-94.786305	90.0		0.0	0.0	3.0	3.0	2013-06-18	18	6	2013	2278861	2278861	HUMAN_OBSERVATION	FCBA-UV		NO APLICA		González Gándara C.; De la Cruz Francisco V.; Argüelles Jiménez J.		CC_BY_4_0	Comisión Nacional para el Conocimiento y Uso de la Biodiversidad (CONABIO)	Argüelles Jiménez J.	NotAType		2025-07-05T04:15:43.727Z		COORDINATE_ROUNDED;CONTINENT_DERIVED_FROM_COORDINATES;SCIENTIFIC_NAME_ID_NOT_FOUND;TAXON_ID_NOT_FOUND;DEPTH_MIN_MAX_SWAPPED;OCCURRENCE_STATUS_INFERRED_FROM_INDIVIDUAL_COUNT
1895698510	eda1016d-1f81-4c43-833f-5ae3f5b12504	54e5ef5067469ea8cb744580cd444045	Animalia	Echinodermata	Echinoidea	Camarodonta	Echinometridae	Echinometra	Echinometra lucunter		SPECIES	Echinometra lucunter (Linnaeus, 1758)	Echinometra lucunter	(Linnaeus, 1758)	MX	Arrecife Zapotitlán, al extremo sur del arrecife		PRESENT	1	ff90b050-c256-11db-b71b-b8a03c50a862	18.487361	-94.777639	90.0		0.0	0.0	1.0	1.0	2013-09-05	5	9	2013	2278861	2278861	HUMAN_OBSERVATION	FCBA-UV		NO APLICA		González Gándara C.; De la Cruz Francisco V.; Argüelles Jiménez J.		CC_BY_4_0	Comisión Nacional para el Conocimiento y Uso de la Biodiversidad (CONABIO)	De la Cruz Francisco V.	NotAType		2025-07-05T04:15:43.801Z		COORDINATE_ROUNDED;CONTINENT_DERIVED_FROM_COORDINATES;SCIENTIFIC_NAME_ID_NOT_FOUND;TAXON_ID_NOT_FOUND;DEPTH_MIN_MAX_SWAPPED;OCCURRENCE_STATUS_INFERRED_FROM_INDIVIDUAL_COUNT
1895698509	eda1016d-1f81-4c43-833f-5ae3f5b12504	381ff88238bd6e17db8c2694bdf11888	Animalia	Echinodermata	Echinoidea	Camarodonta	Echinometridae	Echinometra	Echinometra lucunter		SPECIES	Echinometra lucunter (Linnaeus, 1758)	Echinometra lucunter	(Linnaeus, 1758)	MX	Arrecife Zapotitlán, al extremo sur del arrecife		PRESENT	1	ff90b050-c256-11db-b71b-b8a03c50a862	18.486861	-94.775833	90.0		0.0	0.0	2.5	2.5	2013-09-05	5	9	2013	2278861	2278861	HUMAN_OBSERVATION	FCBA-UV		NO APLICA		González Gándara C.; De la Cruz Francisco V.; Argüelles Jiménez J.		CC_BY_4_0	Comisión Nacional para el Conocimiento y Uso de la Biodiversidad (CONABIO)	Argüelles Jiménez J.	NotAType		2025-07-05T04:15:43.830Z		COORDINATE_ROUNDED;CONTINENT_DERIVED_FROM_COORDINATES;SCIENTIFIC_NAME_ID_NOT_FOUND;TAXON_ID_NOT_FOUND;DEPTH_MIN_MAX_SWAPPED;OCCURRENCE_STATUS_INFERRED_FROM_INDIVIDUAL_COUNT
1895698508	eda1016d-1f81-4c43-833f-5ae3f5b12504	9e3d167bb56be0d7a05db19d972c3f64	Animalia	Echinodermata	Echinoidea	Camarodonta	Echinometridae	Echinometra	Echinometra lucunter		SPECIES	Echinometra lucunter (Linnaeus, 1758)	Echinometra lucunter	(Linnaeus, 1758)	MX	Arrecife La Perla, extremo este del arrecife		PRESENT	1	ff90b050-c256-11db-b71b-b8a03c50a862	18.540417	-94.809861	90.0		0.0	0.0	3.0	3.0	2014-05-06	6	5	2014	2278861	2278861	HUMAN_OBSERVATION	FCBA-UV		NO APLICA		González Gándara C.; De la Cruz Francisco V.; Argüelles Jiménez J.		CC_BY_4_0	Comisión Nacional para el Conocimiento y Uso de la Biodiversidad (CONABIO)	González Gándara C.	NotAType		2025-07-05T04:15:43.859Z		COORDINATE_ROUNDED;CONTINENT_DERIVED_FROM_COORDINATES;SCIENTIFIC_NAME_ID_NOT_FOUND;TAXON_ID_NOT_FOUND;DEPTH_MIN_MAX_SWAPPED;OCCURRENCE_STATUS_INFERRED_FROM_INDIVIDUAL_COUNT
1895698507	eda1016d-1f81-4c43-833f-5ae3f5b12504	716bc1a71363206b30049abfa1aaf7a7	Animalia	Echinodermata	Echinoidea	Camarodonta	Echinometridae	Echinometra	Echinometra lucunter		SPECIES	Echinometra lucunter (Linnaeus, 1758)	Echinometra lucunter	(Linnaeus, 1758)	MX	Arrecife Medio, al sureste de barlovento		PRESENT	1	ff90b050-c256-11db-b71b-b8a03c50a862	21.50775	-97.250833	70.0		0.0	0.0	2.5	2.5	2013-05-05	5	5	2013	2278861	2278861	PRESERVED_SPECIMEN	FCBA-UV	CI-UV	DF-CC-00142/Ech		González Gándara C.; De la Cruz Francisco V.; Argüelles Jiménez J.		CC_BY_4_0	Comisión Nacional para el Conocimiento y Uso de la Biodiversidad (CONABIO)	Argüelles Jiménez J.	NotAType		2025-07-05T04:15:43.670Z		COORDINATE_ROUNDED;CONTINENT_DERIVED_FROM_COORDINATES;SCIENTIFIC_NAME_ID_NOT_FOUND;TAXON_ID_NOT_FOUND;DEPTH_MIN_MAX_SWAPPED;OCCURRENCE_STATUS_INFERRED_FROM_INDIVIDUAL_COUNT;COLLECTION_MATCH_NONE;INSTITUTION_MATCH_FUZZY;DIFFERENT_OWNER_INSTITUTION
1895698506	eda1016d-1f81-4c43-833f-5ae3f5b12504	c02b747b2ee55a3edf29aa16f0f68418	Animalia	Echinodermata	Echinoidea	Camarodonta	Echinometridae	Echinometra	Echinometra lucunter		SPECIES	Echinometra lucunter (Linnaeus, 1758)	Echinometra lucunter	(Linnaeus, 1758)	MX	Arrecife Zapotitlán, área central del arrecife		PRESENT	1	ff90b050-c256-11db-b71b-b8a03c50a862	18.501778	-94.780417	90.0		0.0	0.0	2.0	2.0	2013-09-07	7	9	2013	2278861	2278861	HUMAN_OBSERVATION	FCBA-UV		NO APLICA		González Gándara C.; De la Cruz Francisco V.; Argüelles Jiménez J.		CC_BY_4_0	Comisión Nacional para el Conocimiento y Uso de la Biodiversidad (CONABIO)	Argüelles Jiménez J.	NotAType		2025-07-05T04:15:43.901Z		COORDINATE_ROUNDED;CONTINENT_DERIVED_FROM_COORDINATES;SCIENTIFIC_NAME_ID_NOT_FOUND;TAXON_ID_NOT_FOUND;DEPTH_MIN_MAX_SWAPPED;OCCURRENCE_STATUS_INFERRED_FROM_INDIVIDUAL_COUNT
1895698504	eda1016d-1f81-4c43-833f-5ae3f5b12504	52c5df14cebc23347b2c7ac09c8e8b71	Animalia	Echinodermata	Echinoidea	Camarodonta	Echinometridae	Echinometra	Echinometra lucunter		SPECIES	Echinometra lucunter (Linnaeus, 1758)	Echinometra lucunter	(Linnaeus, 1758)	MX	Arrecife Zapotitlán, al extremo sur del arrecife		PRESENT	1	ff90b050-c256-11db-b71b-b8a03c50a862	18.487361	-94.777639	90.0		0.0	0.0	1.0	1.0	2013-09-05	5	9	2013	2278861	2278861	HUMAN_OBSERVATION	FCBA-UV		NO APLICA		González Gándara C.; De la Cruz Francisco V.; Argüelles Jiménez J.		CC_BY_4_0	Comisión Nacional para el Conocimiento y Uso de la Biodiversidad (CONABIO)	González Gándara C.	NotAType		2025-07-05T04:15:43.840Z		COORDINATE_ROUNDED;CONTINENT_DERIVED_FROM_COORDINATES;SCIENTIFIC_NAME_ID_NOT_FOUND;TAXON_ID_NOT_FOUND;DEPTH_MIN_MAX_SWAPPED;OCCURRENCE_STATUS_INFERRED_FROM_INDIVIDUAL_COUNT
1895698503	eda1016d-1f81-4c43-833f-5ae3f5b12504	9e02c48a02f847724c5ff404d7d5c88c	Animalia	Echinodermata	Echinoidea	Camarodonta	Echinometridae	Echinometra	Echinometra lucunter		SPECIES	Echinometra lucunter (Linnaeus, 1758)	Echinometra lucunter	(Linnaeus, 1758)	MX	Arrecife Zapotitlán, al extremo norte del arrecife		PRESENT	1	ff90b050-c256-11db-b71b-b8a03c50a862	18.51625	-94.786305	90.0		0.0	0.0	3.0	3.0	2013-06-18	18	6	2013	2278861	2278861	HUMAN_OBSERVATION	FCBA-UV		NO APLICA		González Gándara C.; De la Cruz Francisco V.; Argüelles Jiménez J.		CC_BY_4_0	Comisión Nacional para el Conocimiento y Uso de la Biodiversidad (CONABIO)	Argüelles Jiménez J.	NotAType		2025-07-05T04:15:43.807Z		COORDINATE_ROUNDED;CONTINENT_DERIVED_FROM_COORDINATES;SCIENTIFIC_NAME_ID_NOT_FOUND;TAXON_ID_NOT_FOUND;DEPTH_MIN_MAX_SWAPPED;OCCURRENCE_STATUS_INFERRED_FROM_INDIVIDUAL_COUNT
1895698501	eda1016d-1f81-4c43-833f-5ae3f5b12504	713837648f1a2fb5df399e93b2027752	Animalia	Echinodermata	Echinoidea	Camarodonta	Echinometridae	Echinometra	Echinometra lucunter		SPECIES	Echinometra lucunter (Linnaeus, 1758)	Echinometra lucunter	(Linnaeus, 1758)	MX	Arrecife Zapotitlán, al extremo sur del arrecife		PRESENT	1	ff90b050-c256-11db-b71b-b8a03c50a862	18.487194	-94.775722	90.0		0.0	0.0	3.0	3.0	2013-09-05	5	9	2013	2278861	2278861	HUMAN_OBSERVATION	FCBA-UV		NO APLICA		González Gándara C.; De la Cruz Francisco V.; Argüelles Jiménez J.		CC_BY_4_0	Comisión Nacional para el Conocimiento y Uso de la Biodiversidad (CONABIO)	Argüelles Jiménez J.	NotAType		2025-07-05T04:15:43.830Z		COORDINATE_ROUNDED;CONTINENT_DERIVED_FROM_COORDINATES;SCIENTIFIC_NAME_ID_NOT_FOUND;TAXON_ID_NOT_FOUND;DEPTH_MIN_MAX_SWAPPED;OCCURRENCE_STATUS_INFERRED_FROM_INDIVIDUAL_COUNT
1895698500	eda1016d-1f81-4c43-833f-5ae3f5b12504	5290be4fdadc483fb119707f5b3b7f1f	Animalia	Echinodermata	Echinoidea	Camarodonta	Echinometridae	Echinometra	Echinometra lucunter		SPECIES	Echinometra lucunter (Linnaeus, 1758)	Echinometra lucunter	(Linnaeus, 1758)	MX	Arrecife La Perla, extremo oeste del arrecife		PRESENT	1	ff90b050-c256-11db-b71b-b8a03c50a862	18.551	-94.872639	90.0		0.0	0.0	1.0	1.0	2013-09-08	8	9	2013	2278861	2278861	HUMAN_OBSERVATION	FCBA-UV		NO APLICA		González Gándara C.; De la Cruz Francisco V.; Argüelles Jiménez J.		CC_BY_4_0	Comisión Nacional para el Conocimiento y Uso de la Biodiversidad (CONABIO)	González Gándara C.	NotAType		2025-07-05T04:15:43.801Z		COORDINATE_ROUNDED;CONTINENT_DERIVED_FROM_COORDINATES;SCIENTIFIC_NAME_ID_NOT_FOUND;TAXON_ID_NOT_FOUND;DEPTH_MIN_MAX_SWAPPED;OCCURRENCE_STATUS_INFERRED_FROM_INDIVIDUAL_COUNT
1895698499	eda1016d-1f81-4c43-833f-5ae3f5b12504	3797d5934025333de7e6f21469973beb	Animalia	Echinodermata	Echinoidea	Camarodonta	Echinometridae	Echinometra	Echinometra lucunter		SPECIES	Echinometra lucunter (Linnaeus, 1758)	Echinometra lucunter	(Linnaeus, 1758)	MX	Arrecife La Perla, extremo oeste del arrecife		PRESENT	1	ff90b050-c256-11db-b71b-b8a03c50a862	18.551139	-94.872389	90.0		0.0	0.0	1.0	1.0	2013-09-08	8	9	2013	2278861	2278861	PRESERVED_SPECIMEN	FCBA-UV	CI-UV	DF-CC-00432/Ech		González Gándara C.; De la Cruz Francisco V.; Argüelles Jiménez J.		CC_BY_4_0	Comisión Nacional para el Conocimiento y Uso de la Biodiversidad (CONABIO)	De la Cruz Francisco V.	NotAType		2025-07-05T04:15:43.777Z		COORDINATE_ROUNDED;CONTINENT_DERIVED_FROM_COORDINATES;SCIENTIFIC_NAME_ID_NOT_FOUND;TAXON_ID_NOT_FOUND;DEPTH_MIN_MAX_SWAPPED;OCCURRENCE_STATUS_INFERRED_FROM_INDIVIDUAL_COUNT;COLLECTION_MATCH_NONE;INSTITUTION_MATCH_FUZZY;DIFFERENT_OWNER_INSTITUTION
1895698498	eda1016d-1f81-4c43-833f-5ae3f5b12504	9d8b368554de3272e839541062289ccc	Animalia	Echinodermata	Echinoidea	Camarodonta	Echinometridae	Echinometra	Echinometra lucunter		SPECIES	Echinometra lucunter (Linnaeus, 1758)	Echinometra lucunter	(Linnaeus, 1758)	MX	Arrecife Zapotitlán, área central del arrecife		PRESENT	1	ff90b050-c256-11db-b71b-b8a03c50a862	18.510611	-94.782139	90.0		0.0	0.0	2.0	2.0	2013-09-06	6	9	2013	2278861	2278861	HUMAN_OBSERVATION	FCBA-UV		NO APLICA		González Gándara C.; De la Cruz Francisco V.; Argüelles Jiménez J.		CC_BY_4_0	Comisión Nacional para el Conocimiento y Uso de la Biodiversidad (CONABIO)	Argüelles Jiménez J.	NotAType		2025-07-05T04:15:43.884Z		COORDINATE_ROUNDED;CONTINENT_DERIVED_FROM_COORDINATES;SCIENTIFIC_NAME_ID_NOT_FOUND;TAXON_ID_NOT_FOUND;DEPTH_MIN_MAX_SWAPPED;OCCURRENCE_STATUS_INFERRED_FROM_INDIVIDUAL_COUNT
1895698497	eda1016d-1f81-4c43-833f-5ae3f5b12504	be708c4a984083f7f036d2f2f8b7e2cc	Animalia	Echinodermata	Echinoidea	Camarodonta	Echinometridae	Echinometra	Echinometra lucunter		SPECIES	Echinometra lucunter (Linnaeus, 1758)	Echinometra lucunter	(Linnaeus, 1758)	MX	Arrecife Zapotitlán, al extremo sur del arrecife		PRESENT	1	ff90b050-c256-11db-b71b-b8a03c50a862	18.487889	-94.777861	90.0		0.0	0.0	1.0	1.0	2013-09-05	5	9	2013	2278861	2278861	HUMAN_OBSERVATION	FCBA-UV		NO APLICA		González Gándara C.; De la Cruz Francisco V.; Argüelles Jiménez J.		CC_BY_4_0	Comisión Nacional para el Conocimiento y Uso de la Biodiversidad (CONABIO)	De la Cruz Francisco V.	NotAType		2025-07-05T04:15:43.802Z		COORDINATE_ROUNDED;CONTINENT_DERIVED_FROM_COORDINATES;SCIENTIFIC_NAME_ID_NOT_FOUND;TAXON_ID_NOT_FOUND;DEPTH_MIN_MAX_SWAPPED;OCCURRENCE_STATUS_INFERRED_FROM_INDIVIDUAL_COUNT
1895698496	eda1016d-1f81-4c43-833f-5ae3f5b12504	712fbb3de2bee3968b9f9ceb6f52839d	Animalia	Echinodermata	Echinoidea	Camarodonta	Echinometridae	Echinometra	Echinometra lucunter		SPECIES	Echinometra lucunter (Linnaeus, 1758)	Echinometra lucunter	(Linnaeus, 1758)	MX	Arrecife Zapotitlán, área central del arrecife		PRESENT	1	ff90b050-c256-11db-b71b-b8a03c50a862	18.509694	-94.77975	90.0		0.0	0.0	6.0	6.0	2014-05-07	7	5	2014	2278861	2278861	HUMAN_OBSERVATION	FCBA-UV		NO APLICA		González Gándara C.; De la Cruz Francisco V.; Argüelles Jiménez J.		CC_BY_4_0	Comisión Nacional para el Conocimiento y Uso de la Biodiversidad (CONABIO)	González Gándara C.	NotAType		2025-07-05T04:15:43.821Z		COORDINATE_ROUNDED;CONTINENT_DERIVED_FROM_COORDINATES;SCIENTIFIC_NAME_ID_NOT_FOUND;TAXON_ID_NOT_FOUND;DEPTH_MIN_MAX_SWAPPED;OCCURRENCE_STATUS_INFERRED_FROM_INDIVIDUAL_COUNT
1895698495	eda1016d-1f81-4c43-833f-5ae3f5b12504	5266052800bcb6d6df481782fcf765a7	Animalia	Echinodermata	Echinoidea	Camarodonta	Echinometridae	Echinometra	Echinometra lucunter		SPECIES	Echinometra lucunter (Linnaeus, 1758)	Echinometra lucunter	(Linnaeus, 1758)	MX	Arrecife La Perla, extremo oeste del arrecife		PRESENT	1	ff90b050-c256-11db-b71b-b8a03c50a862	18.551139	-94.872389	90.0		0.0	0.0	1.0	1.0	2013-09-08	8	9	2013	2278861	2278861	HUMAN_OBSERVATION	FCBA-UV		NO APLICA		González Gándara C.; De la Cruz Francisco V.; Argüelles Jiménez J.		CC_BY_4_0	Comisión Nacional para el Conocimiento y Uso de la Biodiversidad (CONABIO)	De la Cruz Francisco V.	NotAType		2025-07-05T04:15:43.740Z		COORDINATE_ROUNDED;CONTINENT_DERIVED_FROM_COORDINATES;SCIENTIFIC_NAME_ID_NOT_FOUND;TAXON_ID_NOT_FOUND;DEPTH_MIN_MAX_SWAPPED;OCCURRENCE_STATUS_INFERRED_FROM_INDIVIDUAL_COUNT
1895698493	eda1016d-1f81-4c43-833f-5ae3f5b12504	9bdb366509128166a2933e06a0f9b8ed	Animalia	Echinodermata	Echinoidea	Camarodonta	Echinometridae	Echinometra	Echinometra lucunter		SPECIES	Echinometra lucunter (Linnaeus, 1758)	Echinometra lucunter	(Linnaeus, 1758)	MX	Arrecife La Perla, extremo oeste del arrecife		PRESENT	1	ff90b050-c256-11db-b71b-b8a03c50a862	18.551417	-94.872278	90.0		0.0	0.0	1.5	1.5	2013-09-08	8	9	2013	2278861	2278861	HUMAN_OBSERVATION	FCBA-UV		NO APLICA		González Gándara C.; De la Cruz Francisco V.; Argüelles Jiménez J.		CC_BY_4_0	Comisión Nacional para el Conocimiento y Uso de la Biodiversidad (CONABIO)	González Gándara C.	NotAType		2025-07-05T04:15:43.782Z		COORDINATE_ROUNDED;CONTINENT_DERIVED_FROM_COORDINATES;SCIENTIFIC_NAME_ID_NOT_FOUND;TAXON_ID_NOT_FOUND;DEPTH_MIN_MAX_SWAPPED;OCCURRENCE_STATUS_INFERRED_FROM_INDIVIDUAL_COUNT
1895698492	eda1016d-1f81-4c43-833f-5ae3f5b12504	bd6c5f4401ba94badbba288f8ffb9782	Animalia	Echinodermata	Echinoidea	Camarodonta	Echinometridae	Echinometra	Echinometra lucunter		SPECIES	Echinometra lucunter (Linnaeus, 1758)	Echinometra lucunter	(Linnaeus, 1758)	MX	Arrecife Zapotitlán, área central del arrecife		PRESENT	1	ff90b050-c256-11db-b71b-b8a03c50a862	18.510611	-94.782139	90.0		0.0	0.0	2.0	2.0	2013-09-06	6	9	2013	2278861	2278861	HUMAN_OBSERVATION	FCBA-UV		NO APLICA		González Gándara C.; De la Cruz Francisco V.; Argüelles Jiménez J.		CC_BY_4_0	Comisión Nacional para el Conocimiento y Uso de la Biodiversidad (CONABIO)	González Gándara C.	NotAType		2025-07-05T04:15:43.699Z		COORDINATE_ROUNDED;CONTINENT_DERIVED_FROM_COORDINATES;SCIENTIFIC_NAME_ID_NOT_FOUND;TAXON_ID_NOT_FOUND;DEPTH_MIN_MAX_SWAPPED;OCCURRENCE_STATUS_INFERRED_FROM_INDIVIDUAL_COUNT
1895698491	eda1016d-1f81-4c43-833f-5ae3f5b12504	712b235d8ef4981548291f12af16745c	Animalia	Echinodermata	Echinoidea	Camarodonta	Echinometridae	Echinometra	Echinometra lucunter		SPECIES	Echinometra lucunter (Linnaeus, 1758)	Echinometra lucunter	(Linnaeus, 1758)	MX	Arrecife La Perla, extremo oeste del arrecife		PRESENT	1	ff90b050-c256-11db-b71b-b8a03c50a862	18.551139	-94.872389	90.0		0.0	0.0	1.0	1.0	2013-09-08	8	9	2013	2278861	2278861	HUMAN_OBSERVATION	FCBA-UV		NO APLICA		González Gándara C.; De la Cruz Francisco V.; Argüelles Jiménez J.		CC_BY_4_0	Comisión Nacional para el Conocimiento y Uso de la Biodiversidad (CONABIO)	Argüelles Jiménez J.	NotAType		2025-07-05T04:15:43.820Z		COORDINATE_ROUNDED;CONTINENT_DERIVED_FROM_COORDINATES;SCIENTIFIC_NAME_ID_NOT_FOUND;TAXON_ID_NOT_FOUND;DEPTH_MIN_MAX_SWAPPED;OCCURRENCE_STATUS_INFERRED_FROM_INDIVIDUAL_COUNT
1895698490	eda1016d-1f81-4c43-833f-5ae3f5b12504	51e90d3ba5b6c736007546aec16d3a2b	Animalia	Echinodermata	Echinoidea	Camarodonta	Echinometridae	Echinometra	Echinometra lucunter		SPECIES	Echinometra lucunter (Linnaeus, 1758)	Echinometra lucunter	(Linnaeus, 1758)	MX	Arrecife Zapotitlán, al extremo sur del arrecife		PRESENT	1	ff90b050-c256-11db-b71b-b8a03c50a862	18.487361	-94.777639	90.0		0.0	0.0	1.0	1.0	2013-09-05	5	9	2013	2278861	2278861	HUMAN_OBSERVATION	FCBA-UV		NO APLICA		González Gándara C.; De la Cruz Francisco V.; Argüelles Jiménez J.		CC_BY_4_0	Comisión Nacional para el Conocimiento y Uso de la Biodiversidad (CONABIO)	Argüelles Jiménez J.	NotAType		2025-07-05T04:15:43.885Z		COORDINATE_ROUNDED;CONTINENT_DERIVED_FROM_COORDINATES;SCIENTIFIC_NAME_ID_NOT_FOUND;TAXON_ID_NOT_FOUND;DEPTH_MIN_MAX_SWAPPED;OCCURRENCE_STATUS_INFERRED_FROM_INDIVIDUAL_COUNT
1895698489	eda1016d-1f81-4c43-833f-5ae3f5b12504	36519f9064a99cc41a4909f294b206fb	Animalia	Echinodermata	Echinoidea	Camarodonta	Echinometridae	Echinometra	Echinometra lucunter		SPECIES	Echinometra lucunter (Linnaeus, 1758)	Echinometra lucunter	(Linnaeus, 1758)	MX	Arrecife Zapotitlán, área central del arrecife		PRESENT	1	ff90b050-c256-11db-b71b-b8a03c50a862	18.501778	-94.781028	90.0		0.0	0.0	1.5	1.5	2013-09-07	7	9	2013	2278861	2278861	HUMAN_OBSERVATION	FCBA-UV		NO APLICA		González Gándara C.; De la Cruz Francisco V.; Argüelles Jiménez J.		CC_BY_4_0	Comisión Nacional para el Conocimiento y Uso de la Biodiversidad (CONABIO)	Argüelles Jiménez J.	NotAType		2025-07-05T04:15:43.893Z		COORDINATE_ROUNDED;CONTINENT_DERIVED_FROM_COORDINATES;SCIENTIFIC_NAME_ID_NOT_FOUND;TAXON_ID_NOT_FOUND;DEPTH_MIN_MAX_SWAPPED;OCCURRENCE_STATUS_INFERRED_FROM_INDIVIDUAL_COUNT
1895698488	eda1016d-1f81-4c43-833f-5ae3f5b12504	9a078f350668bffd58ee0306da6e46ca	Animalia	Echinodermata	Echinoidea	Camarodonta	Echinometridae	Echinometra	Echinometra lucunter		SPECIES	Echinometra lucunter (Linnaeus, 1758)	Echinometra lucunter	(Linnaeus, 1758)	MX	Arrecife Zapotitlán, al extremo sur del arrecife		PRESENT	1	ff90b050-c256-11db-b71b-b8a03c50a862	18.486861	-94.775833	90.0		0.0	0.0	2.5	2.5	2013-09-06	6	9	2013	2278861	2278861	HUMAN_OBSERVATION	FCBA-UV		NO APLICA		González Gándara C.; De la Cruz Francisco V.; Argüelles Jiménez J.		CC_BY_4_0	Comisión Nacional para el Conocimiento y Uso de la Biodiversidad (CONABIO)	De la Cruz Francisco V.	NotAType		2025-07-05T04:15:43.871Z		COORDINATE_ROUNDED;CONTINENT_DERIVED_FROM_COORDINATES;SCIENTIFIC_NAME_ID_NOT_FOUND;TAXON_ID_NOT_FOUND;DEPTH_MIN_MAX_SWAPPED;OCCURRENCE_STATUS_INFERRED_FROM_INDIVIDUAL_COUNT
1895698487	eda1016d-1f81-4c43-833f-5ae3f5b12504	bd357e34035f857658a4339123da3350	Animalia	Echinodermata	Echinoidea	Camarodonta	Echinometridae	Echinometra	Echinometra lucunter		SPECIES	Echinometra lucunter (Linnaeus, 1758)	Echinometra lucunter	(Linnaeus, 1758)	MX	Arrecife Zapotitlán, área central del arrecife		PRESENT	1	ff90b050-c256-11db-b71b-b8a03c50a862	18.501778	-94.781028	90.0		0.0	0.0	1.5	1.5	2013-09-07	7	9	2013	2278861	2278861	HUMAN_OBSERVATION	FCBA-UV		NO APLICA		González Gándara C.; De la Cruz Francisco V.; Argüelles Jiménez J.		CC_BY_4_0	Comisión Nacional para el Conocimiento y Uso de la Biodiversidad (CONABIO)	Argüelles Jiménez J.	NotAType		2025-07-05T04:15:43.789Z		COORDINATE_ROUNDED;CONTINENT_DERIVED_FROM_COORDINATES;SCIENTIFIC_NAME_ID_NOT_FOUND;TAXON_ID_NOT_FOUND;DEPTH_MIN_MAX_SWAPPED;OCCURRENCE_STATUS_INFERRED_FROM_INDIVIDUAL_COUNT
1895698486	eda1016d-1f81-4c43-833f-5ae3f5b12504	6f99fc8c68fd28aa5a4a11207660a2b9	Animalia	Echinodermata	Echinoidea	Camarodonta	Echinometridae	Echinometra	Echinometra lucunter		SPECIES	Echinometra lucunter (Linnaeus, 1758)	Echinometra lucunter	(Linnaeus, 1758)	MX	Arrecife La Perla, extremo este del arrecife		PRESENT	1	ff90b050-c256-11db-b71b-b8a03c50a862	18.540278	-94.809472	90.0		0.0	0.0	3.0	3.0	2014-05-06	6	5	2014	2278861	2278861	HUMAN_OBSERVATION	FCBA-UV		NO APLICA		González Gándara C.; De la Cruz Francisco V.; Argüelles Jiménez J.		CC_BY_4_0	Comisión Nacional para el Conocimiento y Uso de la Biodiversidad (CONABIO)	González Gándara C.	NotAType		2025-07-05T04:15:43.867Z		COORDINATE_ROUNDED;CONTINENT_DERIVED_FROM_COORDINATES;SCIENTIFIC_NAME_ID_NOT_FOUND;TAXON_ID_NOT_FOUND;DEPTH_MIN_MAX_SWAPPED;OCCURRENCE_STATUS_INFERRED_FROM_INDIVIDUAL_COUNT
1895698485	eda1016d-1f81-4c43-833f-5ae3f5b12504	51c80b770b730f41f87d00763e4f1423	Animalia	Echinodermata	Echinoidea	Camarodonta	Echinometridae	Echinometra	Echinometra lucunter		SPECIES	Echinometra lucunter (Linnaeus, 1758)	Echinometra lucunter	(Linnaeus, 1758)	MX	Arrecife La Perla, extremo oeste del arrecife		PRESENT	1	ff90b050-c256-11db-b71b-b8a03c50a862	18.551111	-94.876111	90.0		0.0	0.0	1.5	1.5	2013-09-08	8	9	2013	2278861	2278861	HUMAN_OBSERVATION	FCBA-UV		NO APLICA		González Gándara C.; De la Cruz Francisco V.; Argüelles Jiménez J.		CC_BY_4_0	Comisión Nacional para el Conocimiento y Uso de la Biodiversidad (CONABIO)	De la Cruz Francisco V.	NotAType		2025-07-05T04:15:43.818Z		COORDINATE_ROUNDED;CONTINENT_DERIVED_FROM_COORDINATES;SCIENTIFIC_NAME_ID_NOT_FOUND;TAXON_ID_NOT_FOUND;DEPTH_MIN_MAX_SWAPPED;OCCURRENCE_STATUS_INFERRED_FROM_INDIVIDUAL_COUNT
1895698484	eda1016d-1f81-4c43-833f-5ae3f5b12504	34e46ee4059da3fd80504a2c9d287b60	Animalia	Echinodermata	Echinoidea	Camarodonta	Echinometridae	Echinometra	Echinometra lucunter		SPECIES	Echinometra lucunter (Linnaeus, 1758)	Echinometra lucunter	(Linnaeus, 1758)	MX	Arrecife La Perla, extremo este del arrecife		PRESENT	1	ff90b050-c256-11db-b71b-b8a03c50a862	18.540111	-94.809944	90.0		0.0	0.0	3.0	3.0	2014-05-06	6	5	2014	2278861	2278861	HUMAN_OBSERVATION	FCBA-UV		NO APLICA		González Gándara C.; De la Cruz Francisco V.; Argüelles Jiménez J.		CC_BY_4_0	Comisión Nacional para el Conocimiento y Uso de la Biodiversidad (CONABIO)	De la Cruz Francisco V.	NotAType		2025-07-05T04:15:43.715Z		COORDINATE_ROUNDED;CONTINENT_DERIVED_FROM_COORDINATES;SCIENTIFIC_NAME_ID_NOT_FOUND;TAXON_ID_NOT_FOUND;DEPTH_MIN_MAX_SWAPPED;OCCURRENCE_STATUS_INFERRED_FROM_INDIVIDUAL_COUNT
1895698483	eda1016d-1f81-4c43-833f-5ae3f5b12504	9856d7335439d50bb4b85f3a2f904b8f	Animalia	Echinodermata	Echinoidea	Camarodonta	Echinometridae	Echinometra	Echinometra lucunter		SPECIES	Echinometra lucunter (Linnaeus, 1758)	Echinometra lucunter	(Linnaeus, 1758)	MX	Arrecife Zapotitlán, área central del arrecife		PRESENT	1	ff90b050-c256-11db-b71b-b8a03c50a862	18.501778	-94.780417	90.0		0.0	0.0	2.0	2.0	2013-09-07	7	9	2013	2278861	2278861	HUMAN_OBSERVATION	FCBA-UV		NO APLICA		González Gándara C.; De la Cruz Francisco V.; Argüelles Jiménez J.		CC_BY_4_0	Comisión Nacional para el Conocimiento y Uso de la Biodiversidad (CONABIO)	Argüelles Jiménez J.	NotAType		2025-07-05T04:15:43.831Z		COORDINATE_ROUNDED;CONTINENT_DERIVED_FROM_COORDINATES;SCIENTIFIC_NAME_ID_NOT_FOUND;TAXON_ID_NOT_FOUND;DEPTH_MIN_MAX_SWAPPED;OCCURRENCE_STATUS_INFERRED_FROM_INDIVIDUAL_COUNT
1895698482	eda1016d-1f81-4c43-833f-5ae3f5b12504	bc7e230eeb9d66a9470eb0fb846bd0f5	Animalia	Echinodermata	Echinoidea	Camarodonta	Echinometridae	Echinometra	Echinometra lucunter		SPECIES	Echinometra lucunter (Linnaeus, 1758)	Echinometra lucunter	(Linnaeus, 1758)	MX	Arrecife Blanquilla, al este de barlovento		PRESENT	1	ff90b050-c256-11db-b71b-b8a03c50a862	21.544694	-97.276972	70.0		0.0	0.0	2.5	2.5	2013-03-23	23	3	2013	2278861	2278861	HUMAN_OBSERVATION	FCBA-UV		NO APLICA		González Gándara C.; De la Cruz Francisco V.; Argüelles Jiménez J.		CC_BY_4_0	Comisión Nacional para el Conocimiento y Uso de la Biodiversidad (CONABIO)	Argüelles Jiménez J.	NotAType		2025-07-05T04:15:43.728Z		COORDINATE_ROUNDED;CONTINENT_DERIVED_FROM_COORDINATES;SCIENTIFIC_NAME_ID_NOT_FOUND;TAXON_ID_NOT_FOUND;DEPTH_MIN_MAX_SWAPPED;OCCURRENCE_STATUS_INFERRED_FROM_INDIVIDUAL_COUNT
1895698481	eda1016d-1f81-4c43-833f-5ae3f5b12504	515cfd1c9fca1f86a3b5430be3fd4ba0	Animalia	Echinodermata	Echinoidea	Camarodonta	Echinometridae	Echinometra	Echinometra lucunter		SPECIES	Echinometra lucunter (Linnaeus, 1758)	Echinometra lucunter	(Linnaeus, 1758)	MX	Arrecife Zapotitlán, al extremo sur del arrecife		PRESENT	1	ff90b050-c256-11db-b71b-b8a03c50a862	18.488111	-94.777361	90.0		0.0	0.0	1.0	1.0	2013-09-05	5	9	2013	2278861	2278861	HUMAN_OBSERVATION	FCBA-UV		NO APLICA		González Gándara C.; De la Cruz Francisco V.; Argüelles Jiménez J.		CC_BY_4_0	Comisión Nacional para el Conocimiento y Uso de la Biodiversidad (CONABIO)	González Gándara C.	NotAType		2025-07-05T04:15:43.875Z		COORDINATE_ROUNDED;CONTINENT_DERIVED_FROM_COORDINATES;SCIENTIFIC_NAME_ID_NOT_FOUND;TAXON_ID_NOT_FOUND;DEPTH_MIN_MAX_SWAPPED;OCCURRENCE_STATUS_INFERRED_FROM_INDIVIDUAL_COUNT
1895698480	eda1016d-1f81-4c43-833f-5ae3f5b12504	348fa358b091b13d3b14fcc205369706	Animalia	Echinodermata	Echinoidea	Camarodonta	Echinometridae	Echinometra	Echinometra lucunter		SPECIES	Echinometra lucunter (Linnaeus, 1758)	Echinometra lucunter	(Linnaeus, 1758)	MX	Arrecife Zapotitlán, al extremo norte del arrecife		PRESENT	1	ff90b050-c256-11db-b71b-b8a03c50a862	18.515806	-94.786889	90.0		0.0	0.0	1.5	1.5	2013-06-18	18	6	2013	2278861	2278861	HUMAN_OBSERVATION	FCBA-UV		NO APLICA		González Gándara C.; De la Cruz Francisco V.; Argüelles Jiménez J.		CC_BY_4_0	Comisión Nacional para el Conocimiento y Uso de la Biodiversidad (CONABIO)	De la Cruz Francisco V.	NotAType		2025-07-05T04:15:43.805Z		COORDINATE_ROUNDED;CONTINENT_DERIVED_FROM_COORDINATES;SCIENTIFIC_NAME_ID_NOT_FOUND;TAXON_ID_NOT_FOUND;DEPTH_MIN_MAX_SWAPPED;OCCURRENCE_STATUS_INFERRED_FROM_INDIVIDUAL_COUNT
1895698479	eda1016d-1f81-4c43-833f-5ae3f5b12504	6f0c58c6b840f18041d0794e68e6b39f	Animalia	Echinodermata	Echinoidea	Camarodonta	Echinometridae	Echinometra	Echinometra lucunter		SPECIES	Echinometra lucunter (Linnaeus, 1758)	Echinometra lucunter	(Linnaeus, 1758)	MX	Arrecife La Perla, extremo oeste del arrecife		PRESENT	1	ff90b050-c256-11db-b71b-b8a03c50a862	18.551139	-94.872389	90.0		0.0	0.0	1.0	1.0	2013-09-08	8	9	2013	2278861	2278861	PRESERVED_SPECIMEN	FCBA-UV	CI-UV	DF-CC-00424/Ech		González Gándara C.; De la Cruz Francisco V.; Argüelles Jiménez J.		CC_BY_4_0	Comisión Nacional para el Conocimiento y Uso de la Biodiversidad (CONABIO)	De la Cruz Francisco V.	NotAType		2025-07-05T04:15:43.820Z		COORDINATE_ROUNDED;CONTINENT_DERIVED_FROM_COORDINATES;SCIENTIFIC_NAME_ID_NOT_FOUND;TAXON_ID_NOT_FOUND;DEPTH_MIN_MAX_SWAPPED;OCCURRENCE_STATUS_INFERRED_FROM_INDIVIDUAL_COUNT;COLLECTION_MATCH_NONE;INSTITUTION_MATCH_FUZZY;DIFFERENT_OWNER_INSTITUTION
1895698478	eda1016d-1f81-4c43-833f-5ae3f5b12504	bb84e24db00f49c5a8bcf2dc869b5c64	Animalia	Echinodermata	Echinoidea	Camarodonta	Echinometridae	Echinometra	Echinometra lucunter		SPECIES	Echinometra lucunter (Linnaeus, 1758)	Echinometra lucunter	(Linnaeus, 1758)	MX	Arrecife Zapotitlán, área central del arrecife		PRESENT	1	ff90b050-c256-11db-b71b-b8a03c50a862	18.500611	-94.780389	90.0		0.0	0.0	1.5	1.5	2013-09-07	7	9	2013	2278861	2278861	HUMAN_OBSERVATION	FCBA-UV		NO APLICA		González Gándara C.; De la Cruz Francisco V.; Argüelles Jiménez J.		CC_BY_4_0	Comisión Nacional para el Conocimiento y Uso de la Biodiversidad (CONABIO)	González Gándara C.	NotAType		2025-07-05T04:15:43.860Z		COORDINATE_ROUNDED;CONTINENT_DERIVED_FROM_COORDINATES;SCIENTIFIC_NAME_ID_NOT_FOUND;TAXON_ID_NOT_FOUND;DEPTH_MIN_MAX_SWAPPED;OCCURRENCE_STATUS_INFERRED_FROM_INDIVIDUAL_COUNT
1895698477	eda1016d-1f81-4c43-833f-5ae3f5b12504	514d48208992ed364a4af824f75e37b5	Animalia	Echinodermata	Echinoidea	Camarodonta	Echinometridae	Echinometra	Echinometra lucunter		SPECIES	Echinometra lucunter (Linnaeus, 1758)	Echinometra lucunter	(Linnaeus, 1758)	MX	Arrecife Zapotitlán, área central del arrecife		PRESENT	1	ff90b050-c256-11db-b71b-b8a03c50a862	18.509694	-94.77975	90.0		0.0	0.0	6.0	6.0	2014-05-07	7	5	2014	2278861	2278861	HUMAN_OBSERVATION	FCBA-UV		NO APLICA		González Gándara C.; De la Cruz Francisco V.; Argüelles Jiménez J.		CC_BY_4_0	Comisión Nacional para el Conocimiento y Uso de la Biodiversidad (CONABIO)	Flores Serrano S. D.	NotAType		2025-07-05T04:15:43.801Z		COORDINATE_ROUNDED;CONTINENT_DERIVED_FROM_COORDINATES;SCIENTIFIC_NAME_ID_NOT_FOUND;TAXON_ID_NOT_FOUND;DEPTH_MIN_MAX_SWAPPED;OCCURRENCE_STATUS_INFERRED_FROM_INDIVIDUAL_COUNT
1895698476	eda1016d-1f81-4c43-833f-5ae3f5b12504	9795daf66217070452bba6ec91a4f06e	Animalia	Echinodermata	Echinoidea	Camarodonta	Echinometridae	Echinometra	Echinometra lucunter		SPECIES	Echinometra lucunter (Linnaeus, 1758)	Echinometra lucunter	(Linnaeus, 1758)	MX	Arrecife Zapotitlán, área central del arrecife		PRESENT	1	ff90b050-c256-11db-b71b-b8a03c50a862	18.511139	-94.779361	90.0		0.0	0.0	6.0	6.0	2014-05-07	7	5	2014	2278861	2278861	HUMAN_OBSERVATION	FCBA-UV		NO APLICA		González Gándara C.; De la Cruz Francisco V.; Argüelles Jiménez J.		CC_BY_4_0	Comisión Nacional para el Conocimiento y Uso de la Biodiversidad (CONABIO)	Escárcega Quiroga A. P.	NotAType		2025-07-05T04:15:43.823Z		COORDINATE_ROUNDED;CONTINENT_DERIVED_FROM_COORDINATES;SCIENTIFIC_NAME_ID_NOT_FOUND;TAXON_ID_NOT_FOUND;DEPTH_MIN_MAX_SWAPPED;OCCURRENCE_STATUS_INFERRED_FROM_INDIVIDUAL_COUNT
1895698475	eda1016d-1f81-4c43-833f-5ae3f5b12504	0cf1fb490eaebe0fdec87af243c429a3	Animalia	Echinodermata	Echinoidea	Camarodonta	Echinometridae	Echinometra	Echinometra lucunter		SPECIES	Echinometra lucunter (Linnaeus, 1758)	Echinometra lucunter	(Linnaeus, 1758)	MX	Arrecife La Perla, extremo oeste del arrecife		PRESENT	1	ff90b050-c256-11db-b71b-b8a03c50a862	18.551139	-94.872389	90.0		0.0	0.0	1.0	1.0	2013-09-08	8	9	2013	2278861	2278861	PRESERVED_SPECIMEN	FCBA-UV	CI-UV	DF-CC-00427/Ech		González Gándara C.; De la Cruz Francisco V.; Argüelles Jiménez J.		CC_BY_4_0	Comisión Nacional para el Conocimiento y Uso de la Biodiversidad (CONABIO)	De la Cruz Francisco V.	NotAType		2025-07-05T04:15:43.880Z		COORDINATE_ROUNDED;CONTINENT_DERIVED_FROM_COORDINATES;SCIENTIFIC_NAME_ID_NOT_FOUND;TAXON_ID_NOT_FOUND;DEPTH_MIN_MAX_SWAPPED;OCCURRENCE_STATUS_INFERRED_FROM_INDIVIDUAL_COUNT;COLLECTION_MATCH_NONE;INSTITUTION_MATCH_FUZZY;DIFFERENT_OWNER_INSTITUTION
1895698474	eda1016d-1f81-4c43-833f-5ae3f5b12504	341dac84ed34ad5fa57883b1881dc0bc	Animalia	Echinodermata	Echinoidea	Camarodonta	Echinometridae	Echinometra	Echinometra lucunter		SPECIES	Echinometra lucunter (Linnaeus, 1758)	Echinometra lucunter	(Linnaeus, 1758)	MX	Arrecife Zapotitlán, al extremo sur del arrecife		PRESENT	1	ff90b050-c256-11db-b71b-b8a03c50a862	18.490667	-94.777389	90.0		0.0	0.0	1.0	1.0	2013-09-05	5	9	2013	2278861	2278861	HUMAN_OBSERVATION	FCBA-UV		NO APLICA		González Gándara C.; De la Cruz Francisco V.; Argüelles Jiménez J.		CC_BY_4_0	Comisión Nacional para el Conocimiento y Uso de la Biodiversidad (CONABIO)	González Gándara C.	NotAType		2025-07-05T04:15:43.897Z		COORDINATE_ROUNDED;CONTINENT_DERIVED_FROM_COORDINATES;SCIENTIFIC_NAME_ID_NOT_FOUND;TAXON_ID_NOT_FOUND;DEPTH_MIN_MAX_SWAPPED;OCCURRENCE_STATUS_INFERRED_FROM_INDIVIDUAL_COUNT
1895698472	eda1016d-1f81-4c43-833f-5ae3f5b12504	bb67780dceb6f3e633f0040fa70348dd	Animalia	Echinodermata	Echinoidea	Camarodonta	Echinometridae	Echinometra	Echinometra lucunter		SPECIES	Echinometra lucunter (Linnaeus, 1758)	Echinometra lucunter	(Linnaeus, 1758)	MX	Arrecife Zapotitlán, área central del arrecife		PRESENT	1	ff90b050-c256-11db-b71b-b8a03c50a862	18.515944	-94.781889	90.0		0.0	0.0	2.0	2.0	2013-09-06	6	9	2013	2278861	2278861	HUMAN_OBSERVATION	FCBA-UV		NO APLICA		González Gándara C.; De la Cruz Francisco V.; Argüelles Jiménez J.		CC_BY_4_0	Comisión Nacional para el Conocimiento y Uso de la Biodiversidad (CONABIO)	Argüelles Jiménez J.	NotAType		2025-07-05T04:15:43.847Z		COORDINATE_ROUNDED;CONTINENT_DERIVED_FROM_COORDINATES;SCIENTIFIC_NAME_ID_NOT_FOUND;TAXON_ID_NOT_FOUND;DEPTH_MIN_MAX_SWAPPED;OCCURRENCE_STATUS_INFERRED_FROM_INDIVIDUAL_COUNT
1895698471	eda1016d-1f81-4c43-833f-5ae3f5b12504	0a87892b508e19ab3ea27b9a73acf410	Animalia	Echinodermata	Echinoidea	Camarodonta	Echinometridae	Echinometra	Echinometra lucunter		SPECIES	Echinometra lucunter (Linnaeus, 1758)	Echinometra lucunter	(Linnaeus, 1758)	MX	Arrecife Zapotitlán, al extremo norte del arrecife		PRESENT	1	ff90b050-c256-11db-b71b-b8a03c50a862	18.511889	-94.783	90.0		0.0	0.0	3.0	3.0	2013-06-18	18	6	2013	2278861	2278861	HUMAN_OBSERVATION	FCBA-UV		NO APLICA		González Gándara C.; De la Cruz Francisco V.; Argüelles Jiménez J.		CC_BY_4_0	Comisión Nacional para el Conocimiento y Uso de la Biodiversidad (CONABIO)	Argüelles Jiménez J.	NotAType		2025-07-05T04:15:43.841Z		COORDINATE_ROUNDED;CONTINENT_DERIVED_FROM_COORDINATES;SCIENTIFIC_NAME_ID_NOT_FOUND;TAXON_ID_NOT_FOUND;DEPTH_MIN_MAX_SWAPPED;OCCURRENCE_STATUS_INFERRED_FROM_INDIVIDUAL_COUNT
1895698470	eda1016d-1f81-4c43-833f-5ae3f5b12504	4fe6c72307b27ef8edb1dfd2ceaab761	Animalia	Echinodermata	Echinoidea	Camarodonta	Echinometridae	Echinometra	Echinometra lucunter		SPECIES	Echinometra lucunter (Linnaeus, 1758)	Echinometra lucunter	(Linnaeus, 1758)	MX	Arrecife Zapotitlán, al extremo sur del arrecife		PRESENT	1	ff90b050-c256-11db-b71b-b8a03c50a862	18.487361	-94.777639	90.0		0.0	0.0	1.0	1.0	2013-09-05	5	9	2013	2278861	2278861	PRESERVED_SPECIMEN	FCBA-UV	CI-UV	DF-CC-00481/Ech		González Gándara C.; De la Cruz Francisco V.; Argüelles Jiménez J.		CC_BY_4_0	Comisión Nacional para el Conocimiento y Uso de la Biodiversidad (CONABIO)	Argüelles Jiménez J.	NotAType		2025-07-05T04:15:43.780Z		COORDINATE_ROUNDED;CONTINENT_DERIVED_FROM_COORDINATES;SCIENTIFIC_NAME_ID_NOT_FOUND;TAXON_ID_NOT_FOUND;DEPTH_MIN_MAX_SWAPPED;OCCURRENCE_STATUS_INFERRED_FROM_INDIVIDUAL_COUNT;COLLECTION_MATCH_NONE;INSTITUTION_MATCH_FUZZY;DIFFERENT_OWNER_INSTITUTION
1895698469	eda1016d-1f81-4c43-833f-5ae3f5b12504	335f973fce29a97a0aa6cf7d4c4878db	Animalia	Echinodermata	Echinoidea	Camarodonta	Echinometridae	Echinometra	Echinometra lucunter		SPECIES	Echinometra lucunter (Linnaeus, 1758)	Echinometra lucunter	(Linnaeus, 1758)	MX	Arrecife Zapotitlán, área central del arrecife		PRESENT	1	ff90b050-c256-11db-b71b-b8a03c50a862	18.510611	-94.782139	90.0		0.0	0.0	2.0	2.0	2013-09-06	6	9	2013	2278861	2278861	HUMAN_OBSERVATION	FCBA-UV		NO APLICA		González Gándara C.; De la Cruz Francisco V.; Argüelles Jiménez J.		CC_BY_4_0	Comisión Nacional para el Conocimiento y Uso de la Biodiversidad (CONABIO)	Argüelles Jiménez J.	NotAType		2025-07-05T04:15:43.805Z		COORDINATE_ROUNDED;CONTINENT_DERIVED_FROM_COORDINATES;SCIENTIFIC_NAME_ID_NOT_FOUND;TAXON_ID_NOT_FOUND;DEPTH_MIN_MAX_SWAPPED;OCCURRENCE_STATUS_INFERRED_FROM_INDIVIDUAL_COUNT
1895698468	eda1016d-1f81-4c43-833f-5ae3f5b12504	96ef6c196b7db1be302f22e9ed15132f	Animalia	Echinodermata	Echinoidea	Camarodonta	Echinometridae	Echinometra	Echinometra lucunter		SPECIES	Echinometra lucunter (Linnaeus, 1758)	Echinometra lucunter	(Linnaeus, 1758)	MX	Arrecife Zapotitlán, al extremo sur del arrecife		PRESENT	1	ff90b050-c256-11db-b71b-b8a03c50a862	18.487333	-94.7755	90.0		0.0	0.0	3.0	3.0	2013-09-05	5	9	2013	2278861	2278861	HUMAN_OBSERVATION	FCBA-UV		NO APLICA		González Gándara C.; De la Cruz Francisco V.; Argüelles Jiménez J.		CC_BY_4_0	Comisión Nacional para el Conocimiento y Uso de la Biodiversidad (CONABIO)	González Gándara C.	NotAType		2025-07-05T04:15:43.897Z		COORDINATE_ROUNDED;CONTINENT_DERIVED_FROM_COORDINATES;SCIENTIFIC_NAME_ID_NOT_FOUND;TAXON_ID_NOT_FOUND;DEPTH_MIN_MAX_SWAPPED;OCCURRENCE_STATUS_INFERRED_FROM_INDIVIDUAL_COUNT
1895698467	eda1016d-1f81-4c43-833f-5ae3f5b12504	6e391ad4283baa2a537f75dee63d0744	Animalia	Echinodermata	Echinoidea	Camarodonta	Echinometridae	Echinometra	Echinometra lucunter		SPECIES	Echinometra lucunter (Linnaeus, 1758)	Echinometra lucunter	(Linnaeus, 1758)	MX	Arrecife Blanquilla, al este de barlovento		PRESENT	1	ff90b050-c256-11db-b71b-b8a03c50a862	21.544694	-97.276972	70.0		0.0	0.0	2.5	2.5	2013-03-23	23	3	2013	2278861	2278861	HUMAN_OBSERVATION	FCBA-UV		NO APLICA		González Gándara C.; De la Cruz Francisco V.; Argüelles Jiménez J.		CC_BY_4_0	Comisión Nacional para el Conocimiento y Uso de la Biodiversidad (CONABIO)	De la Cruz Francisco V.	NotAType		2025-07-05T04:15:43.866Z		COORDINATE_ROUNDED;CONTINENT_DERIVED_FROM_COORDINATES;SCIENTIFIC_NAME_ID_NOT_FOUND;TAXON_ID_NOT_FOUND;DEPTH_MIN_MAX_SWAPPED;OCCURRENCE_STATUS_INFERRED_FROM_INDIVIDUAL_COUNT
1895698465	eda1016d-1f81-4c43-833f-5ae3f5b12504	4fb3fedf05911e689a3c1600c2d6ebf3	Animalia	Echinodermata	Echinoidea	Camarodonta	Echinometridae	Echinometra	Echinometra lucunter		SPECIES	Echinometra lucunter (Linnaeus, 1758)	Echinometra lucunter	(Linnaeus, 1758)	MX	Arrecife La Perla, porción central del arrecife		PRESENT	1	ff90b050-c256-11db-b71b-b8a03c50a862	18.543972	-94.825805	90.0		0.0	0.0	1.5	1.5	2013-09-07	7	9	2013	2278861	2278861	HUMAN_OBSERVATION	FCBA-UV		NO APLICA		González Gándara C.; De la Cruz Francisco V.; Argüelles Jiménez J.		CC_BY_4_0	Comisión Nacional para el Conocimiento y Uso de la Biodiversidad (CONABIO)	González Gándara C.	NotAType		2025-07-05T04:15:43.778Z		COORDINATE_ROUNDED;CONTINENT_DERIVED_FROM_COORDINATES;SCIENTIFIC_NAME_ID_NOT_FOUND;TAXON_ID_NOT_FOUND;DEPTH_MIN_MAX_SWAPPED;OCCURRENCE_STATUS_INFERRED_FROM_INDIVIDUAL_COUNT
1895698464	eda1016d-1f81-4c43-833f-5ae3f5b12504	31cf245d8e83365bfb189b222498d13f	Animalia	Echinodermata	Echinoidea	Camarodonta	Echinometridae	Echinometra	Echinometra lucunter		SPECIES	Echinometra lucunter (Linnaeus, 1758)	Echinometra lucunter	(Linnaeus, 1758)	MX	Arrecife La Perla, extremo este del arrecife		PRESENT	1	ff90b050-c256-11db-b71b-b8a03c50a862	18.539333	-94.807972	90.0		0.0	0.0	3.0	3.0	2013-06-17	17	6	2013	2278861	2278861	HUMAN_OBSERVATION	FCBA-UV		NO APLICA		González Gándara C.; De la Cruz Francisco V.; Argüelles Jiménez J.		CC_BY_4_0	Comisión Nacional para el Conocimiento y Uso de la Biodiversidad (CONABIO)	De la Cruz Francisco V.	NotAType		2025-07-05T04:15:43.580Z		COORDINATE_ROUNDED;CONTINENT_DERIVED_FROM_COORDINATES;SCIENTIFIC_NAME_ID_NOT_FOUND;TAXON_ID_NOT_FOUND;DEPTH_MIN_MAX_SWAPPED;OCCURRENCE_STATUS_INFERRED_FROM_INDIVIDUAL_COUNT
1895698463	eda1016d-1f81-4c43-833f-5ae3f5b12504	96de6796d335cc94fcf5d6599079e5a6	Animalia	Echinodermata	Echinoidea	Camarodonta	Echinometridae	Echinometra	Echinometra lucunter		SPECIES	Echinometra lucunter (Linnaeus, 1758)	Echinometra lucunter	(Linnaeus, 1758)	MX	Arrecife Zapotitlán, al extremo sur del arrecife		PRESENT	1	ff90b050-c256-11db-b71b-b8a03c50a862	18.487361	-94.777639	90.0		0.0	0.0	1.0	1.0	2013-09-05	5	9	2013	2278861	2278861	HUMAN_OBSERVATION	FCBA-UV		NO APLICA		González Gándara C.; De la Cruz Francisco V.; Argüelles Jiménez J.		CC_BY_4_0	Comisión Nacional para el Conocimiento y Uso de la Biodiversidad (CONABIO)	De la Cruz Francisco V.	NotAType		2025-07-05T04:15:43.699Z		COORDINATE_ROUNDED;CONTINENT_DERIVED_FROM_COORDINATES;SCIENTIFIC_NAME_ID_NOT_FOUND;TAXON_ID_NOT_FOUND;DEPTH_MIN_MAX_SWAPPED;OCCURRENCE_STATUS_INFERRED_FROM_INDIVIDUAL_COUNT
1895698462	eda1016d-1f81-4c43-833f-5ae3f5b12504	0a32e7466d7e8f1c21325c09aa672047	Animalia	Echinodermata	Echinoidea	Camarodonta	Echinometridae	Echinometra	Echinometra lucunter		SPECIES	Echinometra lucunter (Linnaeus, 1758)	Echinometra lucunter	(Linnaeus, 1758)	MX	Arrecife La Perla, porción central del arrecife		PRESENT	1	ff90b050-c256-11db-b71b-b8a03c50a862	18.54425	-94.827583	90.0		0.0	0.0	1.0	1.0	2013-09-07	7	9	2013	2278861	2278861	HUMAN_OBSERVATION	FCBA-UV		NO APLICA		González Gándara C.; De la Cruz Francisco V.; Argüelles Jiménez J.		CC_BY_4_0	Comisión Nacional para el Conocimiento y Uso de la Biodiversidad (CONABIO)	De la Cruz Francisco V.	NotAType		2025-07-05T04:15:43.728Z		COORDINATE_ROUNDED;CONTINENT_DERIVED_FROM_COORDINATES;SCIENTIFIC_NAME_ID_NOT_FOUND;TAXON_ID_NOT_FOUND;DEPTH_MIN_MAX_SWAPPED;OCCURRENCE_STATUS_INFERRED_FROM_INDIVIDUAL_COUNT
1895698461	eda1016d-1f81-4c43-833f-5ae3f5b12504	6e34d1967b6a6ee97b1c17406037373c	Animalia	Echinodermata	Echinoidea	Camarodonta	Echinometridae	Echinometra	Echinometra lucunter		SPECIES	Echinometra lucunter (Linnaeus, 1758)	Echinometra lucunter	(Linnaeus, 1758)	MX	Arrecife La Perla, extremo oeste del arrecife, inmediaciones del barco undido		PRESENT	1	ff90b050-c256-11db-b71b-b8a03c50a862	18.551361	-94.877083	90.0		0.0	0.0	2.0	2.0	2013-09-08	8	9	2013	2278861	2278861	HUMAN_OBSERVATION	FCBA-UV		NO APLICA		González Gándara C.; De la Cruz Francisco V.; Argüelles Jiménez J.		CC_BY_4_0	Comisión Nacional para el Conocimiento y Uso de la Biodiversidad (CONABIO)	González Gándara C.	NotAType		2025-07-05T04:15:43.738Z		COORDINATE_ROUNDED;CONTINENT_DERIVED_FROM_COORDINATES;SCIENTIFIC_NAME_ID_NOT_FOUND;TAXON_ID_NOT_FOUND;DEPTH_MIN_MAX_SWAPPED;OCCURRENCE_STATUS_INFERRED_FROM_INDIVIDUAL_COUNT
1895698460	eda1016d-1f81-4c43-833f-5ae3f5b12504	319cc0b744c0a36890f0c658e63356e1	Animalia	Echinodermata	Echinoidea	Camarodonta	Echinometridae	Echinometra	Echinometra lucunter		SPECIES	Echinometra lucunter (Linnaeus, 1758)	Echinometra lucunter	(Linnaeus, 1758)	MX	Arrecife La Perla, extremo este del arrecife		PRESENT	1	ff90b050-c256-11db-b71b-b8a03c50a862	18.540278	-94.809472	90.0		0.0	0.0	3.0	3.0	2014-05-06	6	5	2014	2278861	2278861	HUMAN_OBSERVATION	FCBA-UV		NO APLICA		González Gándara C.; De la Cruz Francisco V.; Argüelles Jiménez J.		CC_BY_4_0	Comisión Nacional para el Conocimiento y Uso de la Biodiversidad (CONABIO)	Flores Serrano S. D.	NotAType		2025-07-05T04:15:43.848Z		COORDINATE_ROUNDED;CONTINENT_DERIVED_FROM_COORDINATES;SCIENTIFIC_NAME_ID_NOT_FOUND;TAXON_ID_NOT_FOUND;DEPTH_MIN_MAX_SWAPPED;OCCURRENCE_STATUS_INFERRED_FROM_INDIVIDUAL_COUNT
1895698459	eda1016d-1f81-4c43-833f-5ae3f5b12504	96abcbe6055c22fce28a473571247ba5	Animalia	Echinodermata	Echinoidea	Camarodonta	Echinometridae	Echinometra	Echinometra lucunter		SPECIES	Echinometra lucunter (Linnaeus, 1758)	Echinometra lucunter	(Linnaeus, 1758)	MX	Arrecife Blanquilla, al noreste de barlovento		PRESENT	1	ff90b050-c256-11db-b71b-b8a03c50a862	21.549056	-97.282111	70.0		0.0	0.0	3.0	3.0	2013-03-23	23	3	2013	2278861	2278861	HUMAN_OBSERVATION	FCBA-UV		NO APLICA		González Gándara C.; De la Cruz Francisco V.; Argüelles Jiménez J.		CC_BY_4_0	Comisión Nacional para el Conocimiento y Uso de la Biodiversidad (CONABIO)	Argüelles Jiménez J.	NotAType		2025-07-05T04:15:43.810Z		COORDINATE_ROUNDED;CONTINENT_DERIVED_FROM_COORDINATES;SCIENTIFIC_NAME_ID_NOT_FOUND;TAXON_ID_NOT_FOUND;DEPTH_MIN_MAX_SWAPPED;OCCURRENCE_STATUS_INFERRED_FROM_INDIVIDUAL_COUNT
1895698458	eda1016d-1f81-4c43-833f-5ae3f5b12504	09f759b0cc036d8deb05a0fe2658ced4	Animalia	Echinodermata	Echinoidea	Camarodonta	Echinometridae	Echinometra	Echinometra lucunter		SPECIES	Echinometra lucunter (Linnaeus, 1758)	Echinometra lucunter	(Linnaeus, 1758)	MX	Arrecife Medio, al sureste de barlovento		PRESENT	1	ff90b050-c256-11db-b71b-b8a03c50a862	21.50775	-97.250833	70.0		0.0	0.0	2.5	2.5	2013-05-05	5	5	2013	2278861	2278861	PRESERVED_SPECIMEN	FCBA-UV	CI-UV	DF-CC-00161/Ech		González Gándara C.; De la Cruz Francisco V.; Argüelles Jiménez J.		CC_BY_4_0	Comisión Nacional para el Conocimiento y Uso de la Biodiversidad (CONABIO)	Argüelles Jiménez J.	NotAType		2025-07-05T04:15:43.903Z		COORDINATE_ROUNDED;CONTINENT_DERIVED_FROM_COORDINATES;SCIENTIFIC_NAME_ID_NOT_FOUND;TAXON_ID_NOT_FOUND;DEPTH_MIN_MAX_SWAPPED;OCCURRENCE_STATUS_INFERRED_FROM_INDIVIDUAL_COUNT;COLLECTION_MATCH_NONE;INSTITUTION_MATCH_FUZZY;DIFFERENT_OWNER_INSTITUTION
1895698457	eda1016d-1f81-4c43-833f-5ae3f5b12504	4eed4ee80099f889d715244f3331189e	Animalia	Echinodermata	Echinoidea	Camarodonta	Echinometridae	Echinometra	Echinometra lucunter		SPECIES	Echinometra lucunter (Linnaeus, 1758)	Echinometra lucunter	(Linnaeus, 1758)	MX	Arrecife La Perla, extremo oeste del arrecife, inmediaciones del barco undido		PRESENT	1	ff90b050-c256-11db-b71b-b8a03c50a862	18.551417	-94.876833	90.0		0.0	0.0	2.0	2.0	2013-09-08	8	9	2013	2278861	2278861	HUMAN_OBSERVATION	FCBA-UV		NO APLICA		González Gándara C.; De la Cruz Francisco V.; Argüelles Jiménez J.		CC_BY_4_0	Comisión Nacional para el Conocimiento y Uso de la Biodiversidad (CONABIO)	Argüelles Jiménez J.	NotAType		2025-07-05T04:15:43.698Z		COORDINATE_ROUNDED;CONTINENT_DERIVED_FROM_COORDINATES;SCIENTIFIC_NAME_ID_NOT_FOUND;TAXON_ID_NOT_FOUND;DEPTH_MIN_MAX_SWAPPED;OCCURRENCE_STATUS_INFERRED_FROM_INDIVIDUAL_COUNT
1895698456	eda1016d-1f81-4c43-833f-5ae3f5b12504	6ded31c1d5ac4a5fdf0d05a7550f469f	Animalia	Echinodermata	Echinoidea	Camarodonta	Echinometridae	Echinometra	Echinometra lucunter		SPECIES	Echinometra lucunter (Linnaeus, 1758)	Echinometra lucunter	(Linnaeus, 1758)	MX	Arrecife Zapotitlán, área central del arrecife		PRESENT	1	ff90b050-c256-11db-b71b-b8a03c50a862	18.500444	-94.781083	90.0		0.0	0.0	1.5	1.5	2013-09-07	7	9	2013	2278861	2278861	HUMAN_OBSERVATION	FCBA-UV		NO APLICA		González Gándara C.; De la Cruz Francisco V.; Argüelles Jiménez J.		CC_BY_4_0	Comisión Nacional para el Conocimiento y Uso de la Biodiversidad (CONABIO)	González Gándara C.	NotAType		2025-07-05T04:15:43.804Z		COORDINATE_ROUNDED;CONTINENT_DERIVED_FROM_COORDINATES;SCIENTIFIC_NAME_ID_NOT_FOUND;TAXON_ID_NOT_FOUND;DEPTH_MIN_MAX_SWAPPED;OCCURRENCE_STATUS_INFERRED_FROM_INDIVIDUAL_COUNT
1895698455	eda1016d-1f81-4c43-833f-5ae3f5b12504	3032ad54135c9a8187ac38073d8bc3ec	Animalia	Echinodermata	Echinoidea	Camarodonta	Echinometridae	Echinometra	Echinometra lucunter		SPECIES	Echinometra lucunter (Linnaeus, 1758)	Echinometra lucunter	(Linnaeus, 1758)	MX	Arrecife Zapotitlán, área central del arrecife		PRESENT	1	ff90b050-c256-11db-b71b-b8a03c50a862	18.510333	-94.781583	90.0		0.0	0.0	3.0	3.0	2013-09-06	6	9	2013	2278861	2278861	HUMAN_OBSERVATION	FCBA-UV		NO APLICA		González Gándara C.; De la Cruz Francisco V.; Argüelles Jiménez J.		CC_BY_4_0	Comisión Nacional para el Conocimiento y Uso de la Biodiversidad (CONABIO)	González Gándara C.	NotAType		2025-07-05T04:15:43.804Z		COORDINATE_ROUNDED;CONTINENT_DERIVED_FROM_COORDINATES;SCIENTIFIC_NAME_ID_NOT_FOUND;TAXON_ID_NOT_FOUND;DEPTH_MIN_MAX_SWAPPED;OCCURRENCE_STATUS_INFERRED_FROM_INDIVIDUAL_COUNT
1895698452	eda1016d-1f81-4c43-833f-5ae3f5b12504	08ac00197efc9b43b780160de53a083d	Animalia	Echinodermata	Echinoidea	Camarodonta	Echinometridae	Echinometra	Echinometra lucunter		SPECIES	Echinometra lucunter (Linnaeus, 1758)	Echinometra lucunter	(Linnaeus, 1758)	MX	Arrecife La Perla, porción central del arrecife		PRESENT	1	ff90b050-c256-11db-b71b-b8a03c50a862	18.544111	-94.826778	90.0		0.0	0.0	1.0	1.0	2013-09-07	7	9	2013	2278861	2278861	HUMAN_OBSERVATION	FCBA-UV		NO APLICA		González Gándara C.; De la Cruz Francisco V.; Argüelles Jiménez J.		CC_BY_4_0	Comisión Nacional para el Conocimiento y Uso de la Biodiversidad (CONABIO)	Argüelles Jiménez J.	NotAType		2025-07-05T04:15:43.832Z		COORDINATE_ROUNDED;CONTINENT_DERIVED_FROM_COORDINATES;SCIENTIFIC_NAME_ID_NOT_FOUND;TAXON_ID_NOT_FOUND;DEPTH_MIN_MAX_SWAPPED;OCCURRENCE_STATUS_INFERRED_FROM_INDIVIDUAL_COUNT
1895698451	eda1016d-1f81-4c43-833f-5ae3f5b12504	6de998da0506f756ced0ac59f9d6e1e9	Animalia	Echinodermata	Echinoidea	Camarodonta	Echinometridae	Echinometra	Echinometra lucunter		SPECIES	Echinometra lucunter (Linnaeus, 1758)	Echinometra lucunter	(Linnaeus, 1758)	MX	Arrecife Zapotitlán, al extremo norte del arrecife		PRESENT	1	ff90b050-c256-11db-b71b-b8a03c50a862	18.515806	-94.786889	90.0		0.0	0.0	1.5	1.5	2013-06-18	18	6	2013	2278861	2278861	HUMAN_OBSERVATION	FCBA-UV		NO APLICA		González Gándara C.; De la Cruz Francisco V.; Argüelles Jiménez J.		CC_BY_4_0	Comisión Nacional para el Conocimiento y Uso de la Biodiversidad (CONABIO)	De la Cruz Francisco V.	NotAType		2025-07-05T04:15:43.821Z		COORDINATE_ROUNDED;CONTINENT_DERIVED_FROM_COORDINATES;SCIENTIFIC_NAME_ID_NOT_FOUND;TAXON_ID_NOT_FOUND;DEPTH_MIN_MAX_SWAPPED;OCCURRENCE_STATUS_INFERRED_FROM_INDIVIDUAL_COUNT
1895698450	eda1016d-1f81-4c43-833f-5ae3f5b12504	088bc67335646cf4ddea68ab5025c2b2	Animalia	Echinodermata	Echinoidea	Camarodonta	Echinometridae	Echinometra	Echinometra lucunter		SPECIES	Echinometra lucunter (Linnaeus, 1758)	Echinometra lucunter	(Linnaeus, 1758)	MX	Arrecife Zapotitlán, área central del arrecife		PRESENT	1	ff90b050-c256-11db-b71b-b8a03c50a862	18.510417	-94.779417	90.0		0.0	0.0	6.0	6.0	2014-05-07	7	5	2014	2278861	2278861	HUMAN_OBSERVATION	FCBA-UV		NO APLICA		González Gándara C.; De la Cruz Francisco V.; Argüelles Jiménez J.		CC_BY_4_0	Comisión Nacional para el Conocimiento y Uso de la Biodiversidad (CONABIO)	González Gándara C.	NotAType		2025-07-05T04:15:43.869Z		COORDINATE_ROUNDED;CONTINENT_DERIVED_FROM_COORDINATES;SCIENTIFIC_NAME_ID_NOT_FOUND;TAXON_ID_NOT_FOUND;DEPTH_MIN_MAX_SWAPPED;OCCURRENCE_STATUS_INFERRED_FROM_INDIVIDUAL_COUNT
1895698449	eda1016d-1f81-4c43-833f-5ae3f5b12504	6dafb6883667aadd556ee3cb6d09ff76	Animalia	Echinodermata	Echinoidea	Camarodonta	Echinometridae	Echinometra	Echinometra lucunter		SPECIES	Echinometra lucunter (Linnaeus, 1758)	Echinometra lucunter	(Linnaeus, 1758)	MX	Arrecife Zapotitlán, área central del arrecife		PRESENT	1	ff90b050-c256-11db-b71b-b8a03c50a862	18.511139	-94.779361	90.0		0.0	0.0	6.0	6.0	2014-05-07	7	5	2014	2278861	2278861	HUMAN_OBSERVATION	FCBA-UV		NO APLICA		González Gándara C.; De la Cruz Francisco V.; Argüelles Jiménez J.		CC_BY_4_0	Comisión Nacional para el Conocimiento y Uso de la Biodiversidad (CONABIO)	González Gándara C.	NotAType		2025-07-05T04:15:43.789Z		COORDINATE_ROUNDED;CONTINENT_DERIVED_FROM_COORDINATES;SCIENTIFIC_NAME_ID_NOT_FOUND;TAXON_ID_NOT_FOUND;DEPTH_MIN_MAX_SWAPPED;OCCURRENCE_STATUS_INFERRED_FROM_INDIVIDUAL_COUNT
1895698448	eda1016d-1f81-4c43-833f-5ae3f5b12504	4db1db114f7121c0fe09438f3304243a	Animalia	Echinodermata	Echinoidea	Camarodonta	Echinometridae	Echinometra	Echinometra lucunter		SPECIES	Echinometra lucunter (Linnaeus, 1758)	Echinometra lucunter	(Linnaeus, 1758)	MX	Arrecife La Perla, extremo oeste del arrecife		PRESENT	1	ff90b050-c256-11db-b71b-b8a03c50a862	18.551139	-94.872389	90.0		0.0	0.0	1.0	1.0	2013-09-08	8	9	2013	2278861	2278861	PRESERVED_SPECIMEN	FCBA-UV	CI-UV	DF-CC-00425/Ech		González Gándara C.; De la Cruz Francisco V.; Argüelles Jiménez J.		CC_BY_4_0	Comisión Nacional para el Conocimiento y Uso de la Biodiversidad (CONABIO)	De la Cruz Francisco V.	NotAType		2025-07-05T04:15:43.795Z		COORDINATE_ROUNDED;CONTINENT_DERIVED_FROM_COORDINATES;SCIENTIFIC_NAME_ID_NOT_FOUND;TAXON_ID_NOT_FOUND;DEPTH_MIN_MAX_SWAPPED;OCCURRENCE_STATUS_INFERRED_FROM_INDIVIDUAL_COUNT;COLLECTION_MATCH_NONE;INSTITUTION_MATCH_FUZZY;DIFFERENT_OWNER_INSTITUTION
1895698446	eda1016d-1f81-4c43-833f-5ae3f5b12504	959de3b15af3a65220384777078a61d3	Animalia	Echinodermata	Echinoidea	Camarodonta	Echinometridae	Echinometra	Echinometra lucunter		SPECIES	Echinometra lucunter (Linnaeus, 1758)	Echinometra lucunter	(Linnaeus, 1758)	MX	Arrecife La Perla, porción central del arrecife		PRESENT	1	ff90b050-c256-11db-b71b-b8a03c50a862	18.544194	-94.827167	90.0		0.0	0.0	1.0	1.0	2013-09-07	7	9	2013	2278861	2278861	HUMAN_OBSERVATION	FCBA-UV		NO APLICA		González Gándara C.; De la Cruz Francisco V.; Argüelles Jiménez J.		CC_BY_4_0	Comisión Nacional para el Conocimiento y Uso de la Biodiversidad (CONABIO)	Argüelles Jiménez J.	NotAType		2025-07-05T04:15:43.716Z		COORDINATE_ROUNDED;CONTINENT_DERIVED_FROM_COORDINATES;SCIENTIFIC_NAME_ID_NOT_FOUND;TAXON_ID_NOT_FOUND;DEPTH_MIN_MAX_SWAPPED;OCCURRENCE_STATUS_INFERRED_FROM_INDIVIDUAL_COUNT
1895698445	eda1016d-1f81-4c43-833f-5ae3f5b12504	07b3e0bbcef227dd7b4771f696230753	Animalia	Echinodermata	Echinoidea	Camarodonta	Echinometridae	Echinometra	Echinometra lucunter		SPECIES	Echinometra lucunter (Linnaeus, 1758)	Echinometra lucunter	(Linnaeus, 1758)	MX	Arrecife Zapotitlán, al extremo sur del arrecife		PRESENT	1	ff90b050-c256-11db-b71b-b8a03c50a862	18.490667	-94.777389	90.0		0.0	0.0	1.0	1.0	2013-09-05	5	9	2013	2278861	2278861	HUMAN_OBSERVATION	FCBA-UV		NO APLICA		González Gándara C.; De la Cruz Francisco V.; Argüelles Jiménez J.		CC_BY_4_0	Comisión Nacional para el Conocimiento y Uso de la Biodiversidad (CONABIO)	González Gándara C.	NotAType		2025-07-05T04:15:43.817Z		COORDINATE_ROUNDED;CONTINENT_DERIVED_FROM_COORDINATES;SCIENTIFIC_NAME_ID_NOT_FOUND;TAXON_ID_NOT_FOUND;DEPTH_MIN_MAX_SWAPPED;OCCURRENCE_STATUS_INFERRED_FROM_INDIVIDUAL_COUNT
1895698444	eda1016d-1f81-4c43-833f-5ae3f5b12504	6d11aeb38fd8242e13f03d50526cad5c	Animalia	Echinodermata	Echinoidea	Camarodonta	Echinometridae	Echinometra	Echinometra lucunter		SPECIES	Echinometra lucunter (Linnaeus, 1758)	Echinometra lucunter	(Linnaeus, 1758)	MX	Arrecife La Perla, extremo este del arrecife		PRESENT	1	ff90b050-c256-11db-b71b-b8a03c50a862	18.539333	-94.807972	90.0		0.0	0.0	3.0	3.0	2013-06-17	17	6	2013	2278861	2278861	HUMAN_OBSERVATION	FCBA-UV		NO APLICA		González Gándara C.; De la Cruz Francisco V.; Argüelles Jiménez J.		CC_BY_4_0	Comisión Nacional para el Conocimiento y Uso de la Biodiversidad (CONABIO)	Argüelles Jiménez J.	NotAType		2025-07-05T04:15:43.829Z		COORDINATE_ROUNDED;CONTINENT_DERIVED_FROM_COORDINATES;SCIENTIFIC_NAME_ID_NOT_FOUND;TAXON_ID_NOT_FOUND;DEPTH_MIN_MAX_SWAPPED;OCCURRENCE_STATUS_INFERRED_FROM_INDIVIDUAL_COUNT
1895698442	eda1016d-1f81-4c43-833f-5ae3f5b12504	4cd121e060010218f72b355303316a33	Animalia	Echinodermata	Echinoidea	Camarodonta	Echinometridae	Echinometra	Echinometra lucunter		SPECIES	Echinometra lucunter (Linnaeus, 1758)	Echinometra lucunter	(Linnaeus, 1758)	MX	Arrecife La Perla, porción central del arrecife		PRESENT	1	ff90b050-c256-11db-b71b-b8a03c50a862	18.54425	-94.827583	90.0		0.0	0.0	1.0	1.0	2013-09-07	7	9	2013	2278861	2278861	HUMAN_OBSERVATION	FCBA-UV		NO APLICA		González Gándara C.; De la Cruz Francisco V.; Argüelles Jiménez J.		CC_BY_4_0	Comisión Nacional para el Conocimiento y Uso de la Biodiversidad (CONABIO)	González Gándara C.	NotAType		2025-07-05T04:15:43.777Z		COORDINATE_ROUNDED;CONTINENT_DERIVED_FROM_COORDINATES;SCIENTIFIC_NAME_ID_NOT_FOUND;TAXON_ID_NOT_FOUND;DEPTH_MIN_MAX_SWAPPED;OCCURRENCE_STATUS_INFERRED_FROM_INDIVIDUAL_COUNT
1895698441	eda1016d-1f81-4c43-833f-5ae3f5b12504	2d48c9577996e9073e92320c209da476	Animalia	Echinodermata	Echinoidea	Camarodonta	Echinometridae	Echinometra	Echinometra lucunter		SPECIES	Echinometra lucunter (Linnaeus, 1758)	Echinometra lucunter	(Linnaeus, 1758)	MX	Arrecife La Perla, porción central del arrecife		PRESENT	1	ff90b050-c256-11db-b71b-b8a03c50a862	18.543861	-94.827583	90.0		0.0	0.0	1.0	1.0	2013-09-07	7	9	2013	2278861	2278861	HUMAN_OBSERVATION	FCBA-UV		NO APLICA		González Gándara C.; De la Cruz Francisco V.; Argüelles Jiménez J.		CC_BY_4_0	Comisión Nacional para el Conocimiento y Uso de la Biodiversidad (CONABIO)	Argüelles Jiménez J.	NotAType		2025-07-05T04:15:43.841Z		COORDINATE_ROUNDED;CONTINENT_DERIVED_FROM_COORDINATES;SCIENTIFIC_NAME_ID_NOT_FOUND;TAXON_ID_NOT_FOUND;DEPTH_MIN_MAX_SWAPPED;OCCURRENCE_STATUS_INFERRED_FROM_INDIVIDUAL_COUNT
1895698440	eda1016d-1f81-4c43-833f-5ae3f5b12504	951bbcab181dc52c777d6e980fa8b99e	Animalia	Echinodermata	Echinoidea	Camarodonta	Echinometridae	Echinometra	Echinometra lucunter		SPECIES	Echinometra lucunter (Linnaeus, 1758)	Echinometra lucunter	(Linnaeus, 1758)	MX	Arrecife La Perla, extremo este del arrecife		PRESENT	1	ff90b050-c256-11db-b71b-b8a03c50a862	18.539333	-94.807972	90.0		0.0	0.0	3.0	3.0	2013-06-17	17	6	2013	2278861	2278861	HUMAN_OBSERVATION	FCBA-UV		NO APLICA		González Gándara C.; De la Cruz Francisco V.; Argüelles Jiménez J.		CC_BY_4_0	Comisión Nacional para el Conocimiento y Uso de la Biodiversidad (CONABIO)	Argüelles Jiménez J.	NotAType		2025-07-05T04:15:43.577Z		COORDINATE_ROUNDED;CONTINENT_DERIVED_FROM_COORDINATES;SCIENTIFIC_NAME_ID_NOT_FOUND;TAXON_ID_NOT_FOUND;DEPTH_MIN_MAX_SWAPPED;OCCURRENCE_STATUS_INFERRED_FROM_INDIVIDUAL_COUNT
1895698439	eda1016d-1f81-4c43-833f-5ae3f5b12504	05ef5e78ac989a518e1876988f99de99	Animalia	Echinodermata	Echinoidea	Camarodonta	Echinometridae	Echinometra	Echinometra lucunter		SPECIES	Echinometra lucunter (Linnaeus, 1758)	Echinometra lucunter	(Linnaeus, 1758)	MX	Arrecife La Perla, porción central del arrecife		PRESENT	1	ff90b050-c256-11db-b71b-b8a03c50a862	18.544556	-94.826694	90.0		0.0	0.0	2.0	2.0	2013-09-07	7	9	2013	2278861	2278861	HUMAN_OBSERVATION	FCBA-UV		NO APLICA		González Gándara C.; De la Cruz Francisco V.; Argüelles Jiménez J.		CC_BY_4_0	Comisión Nacional para el Conocimiento y Uso de la Biodiversidad (CONABIO)	González Gándara C.	NotAType		2025-07-05T04:15:43.815Z		COORDINATE_ROUNDED;CONTINENT_DERIVED_FROM_COORDINATES;SCIENTIFIC_NAME_ID_NOT_FOUND;TAXON_ID_NOT_FOUND;DEPTH_MIN_MAX_SWAPPED;OCCURRENCE_STATUS_INFERRED_FROM_INDIVIDUAL_COUNT
1895698438	eda1016d-1f81-4c43-833f-5ae3f5b12504	6c24f8edc72ce0f350caf835ab9c9a9a	Animalia	Echinodermata	Echinoidea	Camarodonta	Echinometridae	Echinometra	Echinometra lucunter		SPECIES	Echinometra lucunter (Linnaeus, 1758)	Echinometra lucunter	(Linnaeus, 1758)	MX	Arrecife Zapotitlán, área central del arrecife		PRESENT	1	ff90b050-c256-11db-b71b-b8a03c50a862	18.496806	-94.77825	90.0		0.0	0.0	1.5	1.5	2013-09-06	6	9	2013	2278861	2278861	HUMAN_OBSERVATION	FCBA-UV		NO APLICA		González Gándara C.; De la Cruz Francisco V.; Argüelles Jiménez J.		CC_BY_4_0	Comisión Nacional para el Conocimiento y Uso de la Biodiversidad (CONABIO)	González Gándara C.	NotAType		2025-07-05T04:15:43.670Z		COORDINATE_ROUNDED;CONTINENT_DERIVED_FROM_COORDINATES;SCIENTIFIC_NAME_ID_NOT_FOUND;TAXON_ID_NOT_FOUND;DEPTH_MIN_MAX_SWAPPED;OCCURRENCE_STATUS_INFERRED_FROM_INDIVIDUAL_COUNT
1895698437	eda1016d-1f81-4c43-833f-5ae3f5b12504	4c8af147496307b2051d54d1d7de88f5	Animalia	Echinodermata	Echinoidea	Camarodonta	Echinometridae	Echinometra	Echinometra lucunter		SPECIES	Echinometra lucunter (Linnaeus, 1758)	Echinometra lucunter	(Linnaeus, 1758)	MX	Arrecife La Perla, porción central del arrecife		PRESENT	1	ff90b050-c256-11db-b71b-b8a03c50a862	18.54425	-94.827583	90.0		0.0	0.0	1.0	1.0	2013-09-07	7	9	2013	2278861	2278861	HUMAN_OBSERVATION	FCBA-UV		NO APLICA		González Gándara C.; De la Cruz Francisco V.; Argüelles Jiménez J.		CC_BY_4_0	Comisión Nacional para el Conocimiento y Uso de la Biodiversidad (CONABIO)	Argüelles Jiménez J.	NotAType		2025-07-05T04:15:43.882Z		COORDINATE_ROUNDED;CONTINENT_DERIVED_FROM_COORDINATES;SCIENTIFIC_NAME_ID_NOT_FOUND;TAXON_ID_NOT_FOUND;DEPTH_MIN_MAX_SWAPPED;OCCURRENCE_STATUS_INFERRED_FROM_INDIVIDUAL_COUNT
1895698436	eda1016d-1f81-4c43-833f-5ae3f5b12504	2d2db34138daeedc312e38348846a881	Animalia	Echinodermata	Echinoidea	Camarodonta	Echinometridae	Echinometra	Echinometra lucunter		SPECIES	Echinometra lucunter (Linnaeus, 1758)	Echinometra lucunter	(Linnaeus, 1758)	MX	Arrecife La Perla, extremo oeste del arrecife, inmediaciones del barco undido		PRESENT	1	ff90b050-c256-11db-b71b-b8a03c50a862	18.550944	-94.876417	90.0		0.0	0.0	1.5	1.5	2013-09-08	8	9	2013	2278861	2278861	HUMAN_OBSERVATION	FCBA-UV		NO APLICA		González Gándara C.; De la Cruz Francisco V.; Argüelles Jiménez J.		CC_BY_4_0	Comisión Nacional para el Conocimiento y Uso de la Biodiversidad (CONABIO)	González Gándara C.	NotAType		2025-07-05T04:15:43.576Z		COORDINATE_ROUNDED;CONTINENT_DERIVED_FROM_COORDINATES;SCIENTIFIC_NAME_ID_NOT_FOUND;TAXON_ID_NOT_FOUND;DEPTH_MIN_MAX_SWAPPED;OCCURRENCE_STATUS_INFERRED_FROM_INDIVIDUAL_COUNT
1895698435	eda1016d-1f81-4c43-833f-5ae3f5b12504	948cc0c18daeb8159e84f49797a4d57a	Animalia	Echinodermata	Echinoidea	Camarodonta	Echinometridae	Echinometra	Echinometra lucunter		SPECIES	Echinometra lucunter (Linnaeus, 1758)	Echinometra lucunter	(Linnaeus, 1758)	MX	Arrecife Zapotitlán, al extremo sur del arrecife		PRESENT	1	ff90b050-c256-11db-b71b-b8a03c50a862	18.488306	-94.777805	90.0		0.0	0.0	1.0	1.0	2013-09-05	5	9	2013	2278861	2278861	HUMAN_OBSERVATION	FCBA-UV		NO APLICA		González Gándara C.; De la Cruz Francisco V.; Argüelles Jiménez J.		CC_BY_4_0	Comisión Nacional para el Conocimiento y Uso de la Biodiversidad (CONABIO)	González Gándara C.	NotAType		2025-07-05T04:15:43.882Z		COORDINATE_ROUNDED;CONTINENT_DERIVED_FROM_COORDINATES;SCIENTIFIC_NAME_ID_NOT_FOUND;TAXON_ID_NOT_FOUND;DEPTH_MIN_MAX_SWAPPED;OCCURRENCE_STATUS_INFERRED_FROM_INDIVIDUAL_COUNT
1895698434	eda1016d-1f81-4c43-833f-5ae3f5b12504	6bcc33b5b34144a628c720f33e4c4e71	Animalia	Echinodermata	Echinoidea	Camarodonta	Echinometridae	Echinometra	Echinometra lucunter		SPECIES	Echinometra lucunter (Linnaeus, 1758)	Echinometra lucunter	(Linnaeus, 1758)	MX	Arrecife Zapotitlán, área central del arrecife		PRESENT	1	ff90b050-c256-11db-b71b-b8a03c50a862	18.501278	-94.780472	90.0		0.0	0.0	2.0	2.0	2013-09-07	7	9	2013	2278861	2278861	HUMAN_OBSERVATION	FCBA-UV		NO APLICA		González Gándara C.; De la Cruz Francisco V.; Argüelles Jiménez J.		CC_BY_4_0	Comisión Nacional para el Conocimiento y Uso de la Biodiversidad (CONABIO)	Argüelles Jiménez J.	NotAType		2025-07-05T04:15:43.726Z		COORDINATE_ROUNDED;CONTINENT_DERIVED_FROM_COORDINATES;SCIENTIFIC_NAME_ID_NOT_FOUND;TAXON_ID_NOT_FOUND;DEPTH_MIN_MAX_SWAPPED;OCCURRENCE_STATUS_INFERRED_FROM_INDIVIDUAL_COUNT
1895698433	eda1016d-1f81-4c43-833f-5ae3f5b12504	057ef02bbdadd584f50073d580b2587e	Animalia	Echinodermata	Echinoidea	Camarodonta	Echinometridae	Echinometra	Echinometra lucunter		SPECIES	Echinometra lucunter (Linnaeus, 1758)	Echinometra lucunter	(Linnaeus, 1758)	MX	Arrecife La Perla, extremo oeste del arrecife		PRESENT	1	ff90b050-c256-11db-b71b-b8a03c50a862	18.551139	-94.872389	90.0		0.0	0.0	1.0	1.0	2013-09-08	8	9	2013	2278861	2278861	HUMAN_OBSERVATION	FCBA-UV		NO APLICA		González Gándara C.; De la Cruz Francisco V.; Argüelles Jiménez J.		CC_BY_4_0	Comisión Nacional para el Conocimiento y Uso de la Biodiversidad (CONABIO)	De la Cruz Francisco V.	NotAType		2025-07-05T04:15:43.870Z		COORDINATE_ROUNDED;CONTINENT_DERIVED_FROM_COORDINATES;SCIENTIFIC_NAME_ID_NOT_FOUND;TAXON_ID_NOT_FOUND;DEPTH_MIN_MAX_SWAPPED;OCCURRENCE_STATUS_INFERRED_FROM_INDIVIDUAL_COUNT
1895698432	eda1016d-1f81-4c43-833f-5ae3f5b12504	4b2ff577f397387d44223a81e0a4a3bb	Animalia	Echinodermata	Echinoidea	Camarodonta	Echinometridae	Echinometra	Echinometra lucunter		SPECIES	Echinometra lucunter (Linnaeus, 1758)	Echinometra lucunter	(Linnaeus, 1758)	MX	Arrecife Zapotitlán, área central del arrecife		PRESENT	1	ff90b050-c256-11db-b71b-b8a03c50a862	18.501278	-94.780472	90.0		0.0	0.0	2.0	2.0	2013-09-07	7	9	2013	2278861	2278861	HUMAN_OBSERVATION	FCBA-UV		NO APLICA		González Gándara C.; De la Cruz Francisco V.; Argüelles Jiménez J.		CC_BY_4_0	Comisión Nacional para el Conocimiento y Uso de la Biodiversidad (CONABIO)	Argüelles Jiménez J.	NotAType		2025-07-05T04:15:43.874Z		COORDINATE_ROUNDED;CONTINENT_DERIVED_FROM_COORDINATES;SCIENTIFIC_NAME_ID_NOT_FOUND;TAXON_ID_NOT_FOUND;DEPTH_MIN_MAX_SWAPPED;OCCURRENCE_STATUS_INFERRED_FROM_INDIVIDUAL_COUNT
1895698430	eda1016d-1f81-4c43-833f-5ae3f5b12504	2b503da5f935d7d9c2fbe63d75c020a1	Animalia	Echinodermata	Echinoidea	Camarodonta	Echinometridae	Echinometra	Echinometra lucunter		SPECIES	Echinometra lucunter (Linnaeus, 1758)	Echinometra lucunter	(Linnaeus, 1758)	MX	Arrecife La Perla, extremo oeste del arrecife, inmediaciones del barco undido		PRESENT	1	ff90b050-c256-11db-b71b-b8a03c50a862	18.551417	-94.876833	90.0		0.0	0.0	2.0	2.0	2013-09-08	8	9	2013	2278861	2278861	HUMAN_OBSERVATION	FCBA-UV		NO APLICA		González Gándara C.; De la Cruz Francisco V.; Argüelles Jiménez J.		CC_BY_4_0	Comisión Nacional para el Conocimiento y Uso de la Biodiversidad (CONABIO)	González Gándara C.	NotAType		2025-07-05T04:15:43.839Z		COORDINATE_ROUNDED;CONTINENT_DERIVED_FROM_COORDINATES;SCIENTIFIC_NAME_ID_NOT_FOUND;TAXON_ID_NOT_FOUND;DEPTH_MIN_MAX_SWAPPED;OCCURRENCE_STATUS_INFERRED_FROM_INDIVIDUAL_COUNT
1895698429	eda1016d-1f81-4c43-833f-5ae3f5b12504	6aee5e936e6d4ba5fb068a87ba640c64	Animalia	Echinodermata	Echinoidea	Camarodonta	Echinometridae	Echinometra	Echinometra lucunter		SPECIES	Echinometra lucunter (Linnaeus, 1758)	Echinometra lucunter	(Linnaeus, 1758)	MX	Arrecife Zapotitlán, al extremo sur del arrecife		PRESENT	1	ff90b050-c256-11db-b71b-b8a03c50a862	18.487361	-94.777639	90.0		0.0	0.0	1.0	1.0	2013-09-05	5	9	2013	2278861	2278861	PRESERVED_SPECIMEN	FCBA-UV	CI-UV	DF-CC-00414/Ech		González Gándara C.; De la Cruz Francisco V.; Argüelles Jiménez J.		CC_BY_4_0	Comisión Nacional para el Conocimiento y Uso de la Biodiversidad (CONABIO)	Escárcega Quiroga A. P.	NotAType		2025-07-05T04:15:43.670Z		COORDINATE_ROUNDED;CONTINENT_DERIVED_FROM_COORDINATES;SCIENTIFIC_NAME_ID_NOT_FOUND;TAXON_ID_NOT_FOUND;DEPTH_MIN_MAX_SWAPPED;OCCURRENCE_STATUS_INFERRED_FROM_INDIVIDUAL_COUNT;COLLECTION_MATCH_NONE;INSTITUTION_MATCH_FUZZY;DIFFERENT_OWNER_INSTITUTION
1895698428	eda1016d-1f81-4c43-833f-5ae3f5b12504	039dc882d16f67a604a6efc4044c28f9	Animalia	Echinodermata	Echinoidea	Camarodonta	Echinometridae	Echinometra	Echinometra lucunter		SPECIES	Echinometra lucunter (Linnaeus, 1758)	Echinometra lucunter	(Linnaeus, 1758)	MX	Arrecife Zapotitlán, área central del arrecife		PRESENT	1	ff90b050-c256-11db-b71b-b8a03c50a862	18.496083	-94.778055	90.0		0.0	0.0	2.0	2.0	2013-09-06	6	9	2013	2278861	2278861	HUMAN_OBSERVATION	FCBA-UV		NO APLICA		González Gándara C.; De la Cruz Francisco V.; Argüelles Jiménez J.		CC_BY_4_0	Comisión Nacional para el Conocimiento y Uso de la Biodiversidad (CONABIO)	González Gándara C.	NotAType		2025-07-05T04:15:43.782Z		COORDINATE_ROUNDED;CONTINENT_DERIVED_FROM_COORDINATES;SCIENTIFIC_NAME_ID_NOT_FOUND;TAXON_ID_NOT_FOUND;DEPTH_MIN_MAX_SWAPPED;OCCURRENCE_STATUS_INFERRED_FROM_INDIVIDUAL_COUNT
1895698427	eda1016d-1f81-4c43-833f-5ae3f5b12504	929be4ba5708275caaa0735c58772cba	Animalia	Echinodermata	Echinoidea	Camarodonta	Echinometridae	Echinometra	Echinometra lucunter		SPECIES	Echinometra lucunter (Linnaeus, 1758)	Echinometra lucunter	(Linnaeus, 1758)	MX	Arrecife Medio, al sureste de barlovento		PRESENT	1	ff90b050-c256-11db-b71b-b8a03c50a862	21.50775	-97.250833	70.0		0.0	0.0	2.5	2.5	2013-05-05	5	5	2013	2278861	2278861	PRESERVED_SPECIMEN	FCBA-UV	CI-UV	DF-CC-00158/Ech		González Gándara C.; De la Cruz Francisco V.; Argüelles Jiménez J.		CC_BY_4_0	Comisión Nacional para el Conocimiento y Uso de la Biodiversidad (CONABIO)	Argüelles Jiménez J.	NotAType		2025-07-05T04:15:43.852Z		COORDINATE_ROUNDED;CONTINENT_DERIVED_FROM_COORDINATES;SCIENTIFIC_NAME_ID_NOT_FOUND;TAXON_ID_NOT_FOUND;DEPTH_MIN_MAX_SWAPPED;OCCURRENCE_STATUS_INFERRED_FROM_INDIVIDUAL_COUNT;COLLECTION_MATCH_NONE;INSTITUTION_MATCH_FUZZY;DIFFERENT_OWNER_INSTITUTION
1895698425	eda1016d-1f81-4c43-833f-5ae3f5b12504	2a5c9272b044459ed470868ed4e31b5a	Animalia	Echinodermata	Echinoidea	Camarodonta	Echinometridae	Echinometra	Echinometra lucunter		SPECIES	Echinometra lucunter (Linnaeus, 1758)	Echinometra lucunter	(Linnaeus, 1758)	MX	Arrecife Zapotitlán, al extremo sur del arrecife		PRESENT	1	ff90b050-c256-11db-b71b-b8a03c50a862	18.489278	-94.777833	90.0		0.0	0.0	1.5	1.5	2013-09-05	5	9	2013	2278861	2278861	HUMAN_OBSERVATION	FCBA-UV		NO APLICA		González Gándara C.; De la Cruz Francisco V.; Argüelles Jiménez J.		CC_BY_4_0	Comisión Nacional para el Conocimiento y Uso de la Biodiversidad (CONABIO)	González Gándara C.	NotAType		2025-07-05T04:15:43.898Z		COORDINATE_ROUNDED;CONTINENT_DERIVED_FROM_COORDINATES;SCIENTIFIC_NAME_ID_NOT_FOUND;TAXON_ID_NOT_FOUND;DEPTH_MIN_MAX_SWAPPED;OCCURRENCE_STATUS_INFERRED_FROM_INDIVIDUAL_COUNT
1895698424	eda1016d-1f81-4c43-833f-5ae3f5b12504	036749aac8567081a00dbe4441683dbb	Animalia	Echinodermata	Echinoidea	Camarodonta	Echinometridae	Echinometra	Echinometra lucunter		SPECIES	Echinometra lucunter (Linnaeus, 1758)	Echinometra lucunter	(Linnaeus, 1758)	MX	Arrecife Blanquilla, al noreste de barlovento		PRESENT	1	ff90b050-c256-11db-b71b-b8a03c50a862	21.549056	-97.282111	70.0		0.0	0.0	3.0	3.0	2013-03-23	23	3	2013	2278861	2278861	HUMAN_OBSERVATION	FCBA-UV		NO APLICA		González Gándara C.; De la Cruz Francisco V.; Argüelles Jiménez J.		CC_BY_4_0	Comisión Nacional para el Conocimiento y Uso de la Biodiversidad (CONABIO)	Argüelles Jiménez J.	NotAType		2025-07-05T04:15:43.833Z		COORDINATE_ROUNDED;CONTINENT_DERIVED_FROM_COORDINATES;SCIENTIFIC_NAME_ID_NOT_FOUND;TAXON_ID_NOT_FOUND;DEPTH_MIN_MAX_SWAPPED;OCCURRENCE_STATUS_INFERRED_FROM_INDIVIDUAL_COUNT
1895698422	eda1016d-1f81-4c43-833f-5ae3f5b12504	6aed4d472864d41aaebb0aad574abe4a	Animalia	Echinodermata	Echinoidea	Camarodonta	Echinometridae	Echinometra	Echinometra lucunter		SPECIES	Echinometra lucunter (Linnaeus, 1758)	Echinometra lucunter	(Linnaeus, 1758)	MX	Arrecife La Perla, extremo oeste del arrecife		PRESENT	1	ff90b050-c256-11db-b71b-b8a03c50a862	18.551139	-94.872389	90.0		0.0	0.0	1.0	1.0	2013-09-08	8	9	2013	2278861	2278861	PRESERVED_SPECIMEN	FCBA-UV	CI-UV	DF-CC-00428/Ech		González Gándara C.; De la Cruz Francisco V.; Argüelles Jiménez J.		CC_BY_4_0	Comisión Nacional para el Conocimiento y Uso de la Biodiversidad (CONABIO)	De la Cruz Francisco V.	NotAType		2025-07-05T04:15:43.811Z		COORDINATE_ROUNDED;CONTINENT_DERIVED_FROM_COORDINATES;SCIENTIFIC_NAME_ID_NOT_FOUND;TAXON_ID_NOT_FOUND;DEPTH_MIN_MAX_SWAPPED;OCCURRENCE_STATUS_INFERRED_FROM_INDIVIDUAL_COUNT;COLLECTION_MATCH_NONE;INSTITUTION_MATCH_FUZZY;DIFFERENT_OWNER_INSTITUTION
1895698420	eda1016d-1f81-4c43-833f-5ae3f5b12504	48a4c29b6407f7474dbb06332040c729	Animalia	Echinodermata	Echinoidea	Camarodonta	Echinometridae	Echinometra	Echinometra lucunter		SPECIES	Echinometra lucunter (Linnaeus, 1758)	Echinometra lucunter	(Linnaeus, 1758)	MX	Arrecife Zapotitlán, al extremo sur del arrecife		PRESENT	1	ff90b050-c256-11db-b71b-b8a03c50a862	18.488306	-94.777805	90.0		0.0	0.0	1.0	1.0	2013-09-05	5	9	2013	2278861	2278861	HUMAN_OBSERVATION	FCBA-UV		NO APLICA		González Gándara C.; De la Cruz Francisco V.; Argüelles Jiménez J.		CC_BY_4_0	Comisión Nacional para el Conocimiento y Uso de la Biodiversidad (CONABIO)	González Gándara C.	NotAType		2025-07-05T04:15:43.805Z		COORDINATE_ROUNDED;CONTINENT_DERIVED_FROM_COORDINATES;SCIENTIFIC_NAME_ID_NOT_FOUND;TAXON_ID_NOT_FOUND;DEPTH_MIN_MAX_SWAPPED;OCCURRENCE_STATUS_INFERRED_FROM_INDIVIDUAL_COUNT
1895698418	eda1016d-1f81-4c43-833f-5ae3f5b12504	02e3e183cdbdc9854c5ed43cfccc35e9	Animalia	Echinodermata	Echinoidea	Camarodonta	Echinometridae	Echinometra	Echinometra lucunter		SPECIES	Echinometra lucunter (Linnaeus, 1758)	Echinometra lucunter	(Linnaeus, 1758)	MX	Arrecife La Perla, extremo este del arrecife		PRESENT	1	ff90b050-c256-11db-b71b-b8a03c50a862	18.540417	-94.809861	90.0		0.0	0.0	3.0	3.0	2014-05-06	6	5	2014	2278861	2278861	HUMAN_OBSERVATION	FCBA-UV		NO APLICA		González Gándara C.; De la Cruz Francisco V.; Argüelles Jiménez J.		CC_BY_4_0	Comisión Nacional para el Conocimiento y Uso de la Biodiversidad (CONABIO)	Escárcega Quiroga A. P.	NotAType		2025-07-05T04:15:43.835Z		COORDINATE_ROUNDED;CONTINENT_DERIVED_FROM_COORDINATES;SCIENTIFIC_NAME_ID_NOT_FOUND;TAXON_ID_NOT_FOUND;DEPTH_MIN_MAX_SWAPPED;OCCURRENCE_STATUS_INFERRED_FROM_INDIVIDUAL_COUNT
1895698416	eda1016d-1f81-4c43-833f-5ae3f5b12504	696988a24928d1838297b602f36e7c42	Animalia	Echinodermata	Echinoidea	Camarodonta	Echinometridae	Echinometra	Echinometra lucunter		SPECIES	Echinometra lucunter (Linnaeus, 1758)	Echinometra lucunter	(Linnaeus, 1758)	MX	Arrecife La Perla, extremo este del arrecife		PRESENT	1	ff90b050-c256-11db-b71b-b8a03c50a862	18.540111	-94.809944	90.0		0.0	0.0	3.0	3.0	2014-05-06	6	5	2014	2278861	2278861	HUMAN_OBSERVATION	FCBA-UV		NO APLICA		González Gándara C.; De la Cruz Francisco V.; Argüelles Jiménez J.		CC_BY_4_0	Comisión Nacional para el Conocimiento y Uso de la Biodiversidad (CONABIO)	González Gándara C.	NotAType		2025-07-05T04:15:43.820Z		COORDINATE_ROUNDED;CONTINENT_DERIVED_FROM_COORDINATES;SCIENTIFIC_NAME_ID_NOT_FOUND;TAXON_ID_NOT_FOUND;DEPTH_MIN_MAX_SWAPPED;OCCURRENCE_STATUS_INFERRED_FROM_INDIVIDUAL_COUNT
1895698415	eda1016d-1f81-4c43-833f-5ae3f5b12504	477ef2db31642a1dc740cbc6509a44de	Animalia	Echinodermata	Echinoidea	Camarodonta	Echinometridae	Echinometra	Echinometra lucunter		SPECIES	Echinometra lucunter (Linnaeus, 1758)	Echinometra lucunter	(Linnaeus, 1758)	MX	Arrecife La Perla, extremo oeste del arrecife		PRESENT	1	ff90b050-c256-11db-b71b-b8a03c50a862	18.551139	-94.872389	90.0		0.0	0.0	1.0	1.0	2013-09-08	8	9	2013	2278861	2278861	PRESERVED_SPECIMEN	FCBA-UV	CI-UV	DF-CC-00431/Ech		González Gándara C.; De la Cruz Francisco V.; Argüelles Jiménez J.		CC_BY_4_0	Comisión Nacional para el Conocimiento y Uso de la Biodiversidad (CONABIO)	De la Cruz Francisco V.	NotAType		2025-07-05T04:15:43.808Z		COORDINATE_ROUNDED;CONTINENT_DERIVED_FROM_COORDINATES;SCIENTIFIC_NAME_ID_NOT_FOUND;TAXON_ID_NOT_FOUND;DEPTH_MIN_MAX_SWAPPED;OCCURRENCE_STATUS_INFERRED_FROM_INDIVIDUAL_COUNT;COLLECTION_MATCH_NONE;INSTITUTION_MATCH_FUZZY;DIFFERENT_OWNER_INSTITUTION
1895698413	eda1016d-1f81-4c43-833f-5ae3f5b12504	026ac67309f6ce78973051eec91713de	Animalia	Echinodermata	Echinoidea	Camarodonta	Echinometridae	Echinometra	Echinometra lucunter		SPECIES	Echinometra lucunter (Linnaeus, 1758)	Echinometra lucunter	(Linnaeus, 1758)	MX	Arrecife Zapotitlán, al extremo sur del arrecife		PRESENT	1	ff90b050-c256-11db-b71b-b8a03c50a862	18.487361	-94.777639	90.0		0.0	0.0	1.0	1.0	2013-09-05	5	9	2013	2278861	2278861	PRESERVED_SPECIMEN	FCBA-UV	CI-UV	DF-CC-00415/Ech		González Gándara C.; De la Cruz Francisco V.; Argüelles Jiménez J.		CC_BY_4_0	Comisión Nacional para el Conocimiento y Uso de la Biodiversidad (CONABIO)	Escárcega Quiroga A. P.	NotAType		2025-07-05T04:15:43.577Z		COORDINATE_ROUNDED;CONTINENT_DERIVED_FROM_COORDINATES;SCIENTIFIC_NAME_ID_NOT_FOUND;TAXON_ID_NOT_FOUND;DEPTH_MIN_MAX_SWAPPED;OCCURRENCE_STATUS_INFERRED_FROM_INDIVIDUAL_COUNT;COLLECTION_MATCH_NONE;INSTITUTION_MATCH_FUZZY;DIFFERENT_OWNER_INSTITUTION
1895698411	eda1016d-1f81-4c43-833f-5ae3f5b12504	6787d6e09f73d0218ea2ec043c56a91c	Animalia	Echinodermata	Echinoidea	Camarodonta	Echinometridae	Echinometra	Echinometra lucunter		SPECIES	Echinometra lucunter (Linnaeus, 1758)	Echinometra lucunter	(Linnaeus, 1758)	MX	Arrecife La Perla, porción central del arrecife		PRESENT	1	ff90b050-c256-11db-b71b-b8a03c50a862	18.544528	-94.826194	90.0		0.0	0.0	2.5	2.5	2013-09-07	7	9	2013	2278861	2278861	HUMAN_OBSERVATION	FCBA-UV		NO APLICA		González Gándara C.; De la Cruz Francisco V.; Argüelles Jiménez J.		CC_BY_4_0	Comisión Nacional para el Conocimiento y Uso de la Biodiversidad (CONABIO)	González Gándara C.	NotAType		2025-07-05T04:15:43.887Z		COORDINATE_ROUNDED;CONTINENT_DERIVED_FROM_COORDINATES;SCIENTIFIC_NAME_ID_NOT_FOUND;TAXON_ID_NOT_FOUND;DEPTH_MIN_MAX_SWAPPED;OCCURRENCE_STATUS_INFERRED_FROM_INDIVIDUAL_COUNT
1895698410	eda1016d-1f81-4c43-833f-5ae3f5b12504	4765977fdaac25d113edcc5f49e53ee4	Animalia	Echinodermata	Echinoidea	Camarodonta	Echinometridae	Echinometra	Echinometra lucunter		SPECIES	Echinometra lucunter (Linnaeus, 1758)	Echinometra lucunter	(Linnaeus, 1758)	MX	Arrecife Zapotitlán, al extremo norte del arrecife		PRESENT	1	ff90b050-c256-11db-b71b-b8a03c50a862	18.515806	-94.786889	90.0		0.0	0.0	1.5	1.5	2013-06-18	18	6	2013	2278861	2278861	HUMAN_OBSERVATION	FCBA-UV		NO APLICA		González Gándara C.; De la Cruz Francisco V.; Argüelles Jiménez J.		CC_BY_4_0	Comisión Nacional para el Conocimiento y Uso de la Biodiversidad (CONABIO)	De la Cruz Francisco V.	NotAType		2025-07-05T04:15:43.726Z		COORDINATE_ROUNDED;CONTINENT_DERIVED_FROM_COORDINATES;SCIENTIFIC_NAME_ID_NOT_FOUND;TAXON_ID_NOT_FOUND;DEPTH_MIN_MAX_SWAPPED;OCCURRENCE_STATUS_INFERRED_FROM_INDIVIDUAL_COUNT
1895698408	eda1016d-1f81-4c43-833f-5ae3f5b12504	00d21edc29d3bd750dbce459748e6e3b	Animalia	Echinodermata	Echinoidea	Camarodonta	Echinometridae	Echinometra	Echinometra lucunter		SPECIES	Echinometra lucunter (Linnaeus, 1758)	Echinometra lucunter	(Linnaeus, 1758)	MX	Arrecife Zapotitlán, área central del arrecife		PRESENT	1	ff90b050-c256-11db-b71b-b8a03c50a862	18.509694	-94.77975	90.0		0.0	0.0	6.0	6.0	2014-05-07	7	5	2014	2278861	2278861	HUMAN_OBSERVATION	FCBA-UV		NO APLICA		González Gándara C.; De la Cruz Francisco V.; Argüelles Jiménez J.		CC_BY_4_0	Comisión Nacional para el Conocimiento y Uso de la Biodiversidad (CONABIO)	De la Cruz Francisco V.	NotAType		2025-07-05T04:15:43.814Z		COORDINATE_ROUNDED;CONTINENT_DERIVED_FROM_COORDINATES;SCIENTIFIC_NAME_ID_NOT_FOUND;TAXON_ID_NOT_FOUND;DEPTH_MIN_MAX_SWAPPED;OCCURRENCE_STATUS_INFERRED_FROM_INDIVIDUAL_COUNT
1895698406	eda1016d-1f81-4c43-833f-5ae3f5b12504	46ecc60bbe426624124d1f67057b9fb1	Animalia	Echinodermata	Echinoidea	Camarodonta	Echinometridae	Echinometra	Echinometra lucunter		SPECIES	Echinometra lucunter (Linnaeus, 1758)	Echinometra lucunter	(Linnaeus, 1758)	MX	Arrecife Zapotitlán, al extremo sur del arrecife		PRESENT	1	ff90b050-c256-11db-b71b-b8a03c50a862	18.487361	-94.777639	90.0		0.0	0.0	1.0	1.0	2013-09-05	5	9	2013	2278861	2278861	HUMAN_OBSERVATION	FCBA-UV		NO APLICA		González Gándara C.; De la Cruz Francisco V.; Argüelles Jiménez J.		CC_BY_4_0	Comisión Nacional para el Conocimiento y Uso de la Biodiversidad (CONABIO)	Argüelles Jiménez J.	NotAType		2025-07-05T04:15:43.899Z		COORDINATE_ROUNDED;CONTINENT_DERIVED_FROM_COORDINATES;SCIENTIFIC_NAME_ID_NOT_FOUND;TAXON_ID_NOT_FOUND;DEPTH_MIN_MAX_SWAPPED;OCCURRENCE_STATUS_INFERRED_FROM_INDIVIDUAL_COUNT
1895698405	eda1016d-1f81-4c43-833f-5ae3f5b12504	2676382646a085f139dd2dca747c0e16	Animalia	Echinodermata	Echinoidea	Camarodonta	Echinometridae	Echinometra	Echinometra lucunter		SPECIES	Echinometra lucunter (Linnaeus, 1758)	Echinometra lucunter	(Linnaeus, 1758)	MX	Arrecife Zapotitlán, área central del arrecife		PRESENT	1	ff90b050-c256-11db-b71b-b8a03c50a862	18.510611	-94.782139	90.0		0.0	0.0	2.0	2.0	2013-09-06	6	9	2013	2278861	2278861	HUMAN_OBSERVATION	FCBA-UV		NO APLICA		González Gándara C.; De la Cruz Francisco V.; Argüelles Jiménez J.		CC_BY_4_0	Comisión Nacional para el Conocimiento y Uso de la Biodiversidad (CONABIO)	De la Cruz Francisco V.	NotAType		2025-07-05T04:15:43.814Z		COORDINATE_ROUNDED;CONTINENT_DERIVED_FROM_COORDINATES;SCIENTIFIC_NAME_ID_NOT_FOUND;TAXON_ID_NOT_FOUND;DEPTH_MIN_MAX_SWAPPED;OCCURRENCE_STATUS_INFERRED_FROM_INDIVIDUAL_COUNT
1895698404	eda1016d-1f81-4c43-833f-5ae3f5b12504	00a801d1e0537f572329e04a1c82b8f9	Animalia	Echinodermata	Echinoidea	Camarodonta	Echinometridae	Echinometra	Echinometra lucunter		SPECIES	Echinometra lucunter (Linnaeus, 1758)	Echinometra lucunter	(Linnaeus, 1758)	MX	Arrecife Zapotitlán, área central del arrecife		PRESENT	1	ff90b050-c256-11db-b71b-b8a03c50a862	18.496083	-94.778055	90.0		0.0	0.0	2.0	2.0	2013-09-06	6	9	2013	2278861	2278861	HUMAN_OBSERVATION	FCBA-UV		NO APLICA		González Gándara C.; De la Cruz Francisco V.; Argüelles Jiménez J.		CC_BY_4_0	Comisión Nacional para el Conocimiento y Uso de la Biodiversidad (CONABIO)	De la Cruz Francisco V.	NotAType		2025-07-05T04:15:43.836Z		COORDINATE_ROUNDED;CONTINENT_DERIVED_FROM_COORDINATES;SCIENTIFIC_NAME_ID_NOT_FOUND;TAXON_ID_NOT_FOUND;DEPTH_MIN_MAX_SWAPPED;OCCURRENCE_STATUS_INFERRED_FROM_INDIVIDUAL_COUNT
1895698403	eda1016d-1f81-4c43-833f-5ae3f5b12504	2587a4be6a382679f8f58b33acf12aa8	Animalia	Echinodermata	Echinoidea	Camarodonta	Echinometridae	Echinometra	Echinometra lucunter		SPECIES	Echinometra lucunter (Linnaeus, 1758)	Echinometra lucunter	(Linnaeus, 1758)	MX	Arrecife Blanquilla, al este de barlovento		PRESENT	1	ff90b050-c256-11db-b71b-b8a03c50a862	21.544444	-97.276805	70.0		0.0	0.0	2.5	2.5	2013-03-23	23	3	2013	2278861	2278861	HUMAN_OBSERVATION	FCBA-UV		NO APLICA		González Gándara C.; De la Cruz Francisco V.; Argüelles Jiménez J.		CC_BY_4_0	Comisión Nacional para el Conocimiento y Uso de la Biodiversidad (CONABIO)	Argüelles Jiménez J.	NotAType		2025-07-05T04:15:43.879Z		COORDINATE_ROUNDED;CONTINENT_DERIVED_FROM_COORDINATES;SCIENTIFIC_NAME_ID_NOT_FOUND;TAXON_ID_NOT_FOUND;DEPTH_MIN_MAX_SWAPPED;OCCURRENCE_STATUS_INFERRED_FROM_INDIVIDUAL_COUNT
1895698401	eda1016d-1f81-4c43-833f-5ae3f5b12504	463d644f9af424b903d3cdd4271202af	Animalia	Echinodermata	Echinoidea	Camarodonta	Echinometridae	Echinometra	Echinometra lucunter		SPECIES	Echinometra lucunter (Linnaeus, 1758)	Echinometra lucunter	(Linnaeus, 1758)	MX	Arrecife Medio, al sureste de barlovento		PRESENT	1	ff90b050-c256-11db-b71b-b8a03c50a862	21.50775	-97.250833	70.0		0.0	0.0	2.5	2.5	2013-05-05	5	5	2013	2278861	2278861	PRESERVED_SPECIMEN	FCBA-UV	CI-UV	DF-CC-00143/Ech		González Gándara C.; De la Cruz Francisco V.; Argüelles Jiménez J.		CC_BY_4_0	Comisión Nacional para el Conocimiento y Uso de la Biodiversidad (CONABIO)	Argüelles Jiménez J.	NotAType		2025-07-05T04:15:43.779Z		COORDINATE_ROUNDED;CONTINENT_DERIVED_FROM_COORDINATES;SCIENTIFIC_NAME_ID_NOT_FOUND;TAXON_ID_NOT_FOUND;DEPTH_MIN_MAX_SWAPPED;OCCURRENCE_STATUS_INFERRED_FROM_INDIVIDUAL_COUNT;COLLECTION_MATCH_NONE;INSTITUTION_MATCH_FUZZY;DIFFERENT_OWNER_INSTITUTION
1895698398	eda1016d-1f81-4c43-833f-5ae3f5b12504	24378fed60a1720b4fac64736381db67	Animalia	Echinodermata	Echinoidea	Camarodonta	Echinometridae	Echinometra	Echinometra lucunter		SPECIES	Echinometra lucunter (Linnaeus, 1758)	Echinometra lucunter	(Linnaeus, 1758)	MX	Arrecife Zapotitlán, al extremo sur del arrecife		PRESENT	1	ff90b050-c256-11db-b71b-b8a03c50a862	18.486972	-94.775528	90.0		0.0	0.0	2.5	2.5	2013-09-05	5	9	2013	2278861	2278861	HUMAN_OBSERVATION	FCBA-UV		NO APLICA		González Gándara C.; De la Cruz Francisco V.; Argüelles Jiménez J.		CC_BY_4_0	Comisión Nacional para el Conocimiento y Uso de la Biodiversidad (CONABIO)	De la Cruz Francisco V.	NotAType		2025-07-05T04:15:43.809Z		COORDINATE_ROUNDED;CONTINENT_DERIVED_FROM_COORDINATES;SCIENTIFIC_NAME_ID_NOT_FOUND;TAXON_ID_NOT_FOUND;DEPTH_MIN_MAX_SWAPPED;OCCURRENCE_STATUS_INFERRED_FROM_INDIVIDUAL_COUNT
1895698397	eda1016d-1f81-4c43-833f-5ae3f5b12504	43a1673061c057ef2605f6fe750d8968	Animalia	Echinodermata	Echinoidea	Camarodonta	Echinometridae	Echinometra	Echinometra lucunter		SPECIES	Echinometra lucunter (Linnaeus, 1758)	Echinometra lucunter	(Linnaeus, 1758)	MX	Arrecife La Perla, extremo este del arrecife		PRESENT	1	ff90b050-c256-11db-b71b-b8a03c50a862	18.539333	-94.807972	90.0		0.0	0.0	3.0	3.0	2013-06-17	17	6	2013	2278861	2278861	HUMAN_OBSERVATION	FCBA-UV		NO APLICA		González Gándara C.; De la Cruz Francisco V.; Argüelles Jiménez J.		CC_BY_4_0	Comisión Nacional para el Conocimiento y Uso de la Biodiversidad (CONABIO)	González Gándara C.	NotAType		2025-07-05T04:15:43.822Z		COORDINATE_ROUNDED;CONTINENT_DERIVED_FROM_COORDINATES;SCIENTIFIC_NAME_ID_NOT_FOUND;TAXON_ID_NOT_FOUND;DEPTH_MIN_MAX_SWAPPED;OCCURRENCE_STATUS_INFERRED_FROM_INDIVIDUAL_COUNT
1895698394	eda1016d-1f81-4c43-833f-5ae3f5b12504	224552cb7ed7aee7b2ccf4204927c1ca	Animalia	Echinodermata	Echinoidea	Camarodonta	Echinometridae	Echinometra	Echinometra lucunter		SPECIES	Echinometra lucunter (Linnaeus, 1758)	Echinometra lucunter	(Linnaeus, 1758)	MX	Arrecife Zapotitlán, al extremo sur del arrecife		PRESENT	1	ff90b050-c256-11db-b71b-b8a03c50a862	18.487361	-94.777639	90.0		0.0	0.0	1.0	1.0	2013-09-05	5	9	2013	2278861	2278861	PRESERVED_SPECIMEN	FCBA-UV	CI-UV	DF-CC-00401/Ech		González Gándara C.; De la Cruz Francisco V.; Argüelles Jiménez J.		CC_BY_4_0	Comisión Nacional para el Conocimiento y Uso de la Biodiversidad (CONABIO)	De la Cruz Francisco V.	NotAType		2025-07-05T04:15:43.889Z		COORDINATE_ROUNDED;CONTINENT_DERIVED_FROM_COORDINATES;SCIENTIFIC_NAME_ID_NOT_FOUND;TAXON_ID_NOT_FOUND;DEPTH_MIN_MAX_SWAPPED;OCCURRENCE_STATUS_INFERRED_FROM_INDIVIDUAL_COUNT;COLLECTION_MATCH_NONE;INSTITUTION_MATCH_FUZZY;DIFFERENT_OWNER_INSTITUTION
1895698393	eda1016d-1f81-4c43-833f-5ae3f5b12504	434153e8f7d5a30e95f9202666c0cdfa	Animalia	Echinodermata	Echinoidea	Camarodonta	Echinometridae	Echinometra	Echinometra lucunter		SPECIES	Echinometra lucunter (Linnaeus, 1758)	Echinometra lucunter	(Linnaeus, 1758)	MX	Arrecife Zapotitlán, área central del arrecife		PRESENT	1	ff90b050-c256-11db-b71b-b8a03c50a862	18.502111	-94.780639	90.0		0.0	0.0	2.0	2.0	2013-09-07	7	9	2013	2278861	2278861	HUMAN_OBSERVATION	FCBA-UV		NO APLICA		González Gándara C.; De la Cruz Francisco V.; Argüelles Jiménez J.		CC_BY_4_0	Comisión Nacional para el Conocimiento y Uso de la Biodiversidad (CONABIO)	Argüelles Jiménez J.	NotAType		2025-07-05T04:15:43.884Z		COORDINATE_ROUNDED;CONTINENT_DERIVED_FROM_COORDINATES;SCIENTIFIC_NAME_ID_NOT_FOUND;TAXON_ID_NOT_FOUND;DEPTH_MIN_MAX_SWAPPED;OCCURRENCE_STATUS_INFERRED_FROM_INDIVIDUAL_COUNT
1895698390	eda1016d-1f81-4c43-833f-5ae3f5b12504	21afe0d8383abd9fb1143e88a4628b44	Animalia	Echinodermata	Echinoidea	Camarodonta	Echinometridae	Echinometra	Echinometra lucunter		SPECIES	Echinometra lucunter (Linnaeus, 1758)	Echinometra lucunter	(Linnaeus, 1758)	MX	Arrecife Zapotitlán, al extremo sur del arrecife		PRESENT	1	ff90b050-c256-11db-b71b-b8a03c50a862	18.488306	-94.777805	90.0		0.0	0.0	1.0	1.0	2013-09-05	5	9	2013	2278861	2278861	HUMAN_OBSERVATION	FCBA-UV		NO APLICA		González Gándara C.; De la Cruz Francisco V.; Argüelles Jiménez J.		CC_BY_4_0	Comisión Nacional para el Conocimiento y Uso de la Biodiversidad (CONABIO)	Argüelles Jiménez J.	NotAType		2025-07-05T04:15:43.843Z		COORDINATE_ROUNDED;CONTINENT_DERIVED_FROM_COORDINATES;SCIENTIFIC_NAME_ID_NOT_FOUND;TAXON_ID_NOT_FOUND;DEPTH_MIN_MAX_SWAPPED;OCCURRENCE_STATUS_INFERRED_FROM_INDIVIDUAL_COUNT
1895698389	eda1016d-1f81-4c43-833f-5ae3f5b12504	42e46ed90fb97d7f22c3a1a9ce5a52af	Animalia	Echinodermata	Echinoidea	Camarodonta	Echinometridae	Echinometra	Echinometra lucunter		SPECIES	Echinometra lucunter (Linnaeus, 1758)	Echinometra lucunter	(Linnaeus, 1758)	MX	Arrecife Zapotitlán, al extremo norte del arrecife		PRESENT	1	ff90b050-c256-11db-b71b-b8a03c50a862	18.515806	-94.786889	90.0		0.0	0.0	1.5	1.5	2013-06-18	18	6	2013	2278861	2278861	HUMAN_OBSERVATION	FCBA-UV		NO APLICA		González Gándara C.; De la Cruz Francisco V.; Argüelles Jiménez J.		CC_BY_4_0	Comisión Nacional para el Conocimiento y Uso de la Biodiversidad (CONABIO)	De la Cruz Francisco V.	NotAType		2025-07-05T04:15:43.871Z		COORDINATE_ROUNDED;CONTINENT_DERIVED_FROM_COORDINATES;SCIENTIFIC_NAME_ID_NOT_FOUND;TAXON_ID_NOT_FOUND;DEPTH_MIN_MAX_SWAPPED;OCCURRENCE_STATUS_INFERRED_FROM_INDIVIDUAL_COUNT
1895698385	eda1016d-1f81-4c43-833f-5ae3f5b12504	42741d02b3bcb8930ebaef1493c9dba4	Animalia	Echinodermata	Echinoidea	Camarodonta	Echinometridae	Echinometra	Echinometra lucunter		SPECIES	Echinometra lucunter (Linnaeus, 1758)	Echinometra lucunter	(Linnaeus, 1758)	MX	Arrecife La Perla, extremo este del arrecife		PRESENT	1	ff90b050-c256-11db-b71b-b8a03c50a862	18.540111	-94.809944	90.0		0.0	0.0	3.0	3.0	2014-05-06	6	5	2014	2278861	2278861	HUMAN_OBSERVATION	FCBA-UV		NO APLICA		González Gándara C.; De la Cruz Francisco V.; Argüelles Jiménez J.		CC_BY_4_0	Comisión Nacional para el Conocimiento y Uso de la Biodiversidad (CONABIO)	Escárcega Quiroga A. P.	NotAType		2025-07-05T04:15:43.877Z		COORDINATE_ROUNDED;CONTINENT_DERIVED_FROM_COORDINATES;SCIENTIFIC_NAME_ID_NOT_FOUND;TAXON_ID_NOT_FOUND;DEPTH_MIN_MAX_SWAPPED;OCCURRENCE_STATUS_INFERRED_FROM_INDIVIDUAL_COUNT
1895698384	eda1016d-1f81-4c43-833f-5ae3f5b12504	21a4865731302555f679b655751edd09	Animalia	Echinodermata	Echinoidea	Camarodonta	Echinometridae	Echinometra	Echinometra lucunter		SPECIES	Echinometra lucunter (Linnaeus, 1758)	Echinometra lucunter	(Linnaeus, 1758)	MX	Arrecife Zapotitlán, área central del arrecife		PRESENT	1	ff90b050-c256-11db-b71b-b8a03c50a862	18.501278	-94.780472	90.0		0.0	0.0	2.0	2.0	2013-09-07	7	9	2013	2278861	2278861	HUMAN_OBSERVATION	FCBA-UV		NO APLICA		González Gándara C.; De la Cruz Francisco V.; Argüelles Jiménez J.		CC_BY_4_0	Comisión Nacional para el Conocimiento y Uso de la Biodiversidad (CONABIO)	González Gándara C.	NotAType		2025-07-05T04:15:43.817Z		COORDINATE_ROUNDED;CONTINENT_DERIVED_FROM_COORDINATES;SCIENTIFIC_NAME_ID_NOT_FOUND;TAXON_ID_NOT_FOUND;DEPTH_MIN_MAX_SWAPPED;OCCURRENCE_STATUS_INFERRED_FROM_INDIVIDUAL_COUNT
1895698382	eda1016d-1f81-4c43-833f-5ae3f5b12504	421e90167a2188a9a9ecf4442373805a	Animalia	Echinodermata	Echinoidea	Camarodonta	Echinometridae	Echinometra	Echinometra lucunter		SPECIES	Echinometra lucunter (Linnaeus, 1758)	Echinometra lucunter	(Linnaeus, 1758)	MX	Arrecife La Perla, porción central del arrecife		PRESENT	1	ff90b050-c256-11db-b71b-b8a03c50a862	18.544083	-94.827861	90.0		0.0	0.0	1.0	1.0	2013-09-07	7	9	2013	2278861	2278861	HUMAN_OBSERVATION	FCBA-UV		NO APLICA		González Gándara C.; De la Cruz Francisco V.; Argüelles Jiménez J.		CC_BY_4_0	Comisión Nacional para el Conocimiento y Uso de la Biodiversidad (CONABIO)	González Gándara C.	NotAType		2025-07-05T04:15:43.902Z		COORDINATE_ROUNDED;CONTINENT_DERIVED_FROM_COORDINATES;SCIENTIFIC_NAME_ID_NOT_FOUND;TAXON_ID_NOT_FOUND;DEPTH_MIN_MAX_SWAPPED;OCCURRENCE_STATUS_INFERRED_FROM_INDIVIDUAL_COUNT
1895698381	eda1016d-1f81-4c43-833f-5ae3f5b12504	209c17be4aafb1717cb2b85353676506	Animalia	Echinodermata	Echinoidea	Camarodonta	Echinometridae	Echinometra	Echinometra lucunter		SPECIES	Echinometra lucunter (Linnaeus, 1758)	Echinometra lucunter	(Linnaeus, 1758)	MX	Arrecife Zapotitlán, al extremo sur del arrecife		PRESENT	1	ff90b050-c256-11db-b71b-b8a03c50a862	18.487361	-94.777639	90.0		0.0	0.0	1.0	1.0	2013-09-05	5	9	2013	2278861	2278861	HUMAN_OBSERVATION	FCBA-UV		NO APLICA		González Gándara C.; De la Cruz Francisco V.; Argüelles Jiménez J.		CC_BY_4_0	Comisión Nacional para el Conocimiento y Uso de la Biodiversidad (CONABIO)	Argüelles Jiménez J.	NotAType		2025-07-05T04:15:43.813Z		COORDINATE_ROUNDED;CONTINENT_DERIVED_FROM_COORDINATES;SCIENTIFIC_NAME_ID_NOT_FOUND;TAXON_ID_NOT_FOUND;DEPTH_MIN_MAX_SWAPPED;OCCURRENCE_STATUS_INFERRED_FROM_INDIVIDUAL_COUNT
1895698377	eda1016d-1f81-4c43-833f-5ae3f5b12504	414ce4e6e03874432d497ccc2e012a1a	Animalia	Echinodermata	Echinoidea	Camarodonta	Echinometridae	Echinometra	Echinometra lucunter		SPECIES	Echinometra lucunter (Linnaeus, 1758)	Echinometra lucunter	(Linnaeus, 1758)	MX	Arrecife Zapotitlán, área central del arrecife		PRESENT	1	ff90b050-c256-11db-b71b-b8a03c50a862	18.500944	-94.780555	90.0		0.0	0.0	2.0	2.0	2013-09-07	7	9	2013	2278861	2278861	HUMAN_OBSERVATION	FCBA-UV		NO APLICA		González Gándara C.; De la Cruz Francisco V.; Argüelles Jiménez J.		CC_BY_4_0	Comisión Nacional para el Conocimiento y Uso de la Biodiversidad (CONABIO)	Argüelles Jiménez J.	NotAType		2025-07-05T04:15:43.802Z		COORDINATE_ROUNDED;CONTINENT_DERIVED_FROM_COORDINATES;SCIENTIFIC_NAME_ID_NOT_FOUND;TAXON_ID_NOT_FOUND;DEPTH_MIN_MAX_SWAPPED;OCCURRENCE_STATUS_INFERRED_FROM_INDIVIDUAL_COUNT
1895698376	eda1016d-1f81-4c43-833f-5ae3f5b12504	1dfc477a065b98c7aa6dc7b46b388031	Animalia	Echinodermata	Echinoidea	Camarodonta	Echinometridae	Echinometra	Echinometra lucunter		SPECIES	Echinometra lucunter (Linnaeus, 1758)	Echinometra lucunter	(Linnaeus, 1758)	MX	Arrecife Zapotitlán, área central del arrecife		PRESENT	1	ff90b050-c256-11db-b71b-b8a03c50a862	18.501778	-94.781028	90.0		0.0	0.0	1.5	1.5	2013-09-07	7	9	2013	2278861	2278861	HUMAN_OBSERVATION	FCBA-UV		NO APLICA		González Gándara C.; De la Cruz Francisco V.; Argüelles Jiménez J.		CC_BY_4_0	Comisión Nacional para el Conocimiento y Uso de la Biodiversidad (CONABIO)	González Gándara C.	NotAType		2025-07-05T04:15:43.782Z		COORDINATE_ROUNDED;CONTINENT_DERIVED_FROM_COORDINATES;SCIENTIFIC_NAME_ID_NOT_FOUND;TAXON_ID_NOT_FOUND;DEPTH_MIN_MAX_SWAPPED;OCCURRENCE_STATUS_INFERRED_FROM_INDIVIDUAL_COUNT
1895698371	eda1016d-1f81-4c43-833f-5ae3f5b12504	1dd0d6483660cf1a6a48a4f5c07bdf35	Animalia	Echinodermata	Echinoidea	Camarodonta	Echinometridae	Echinometra	Echinometra lucunter		SPECIES	Echinometra lucunter (Linnaeus, 1758)	Echinometra lucunter	(Linnaeus, 1758)	MX	Arrecife La Perla, porción central del arrecife		PRESENT	1	ff90b050-c256-11db-b71b-b8a03c50a862	18.543667	-94.827194	90.0		0.0	0.0	1.0	1.0	2013-09-07	7	9	2013	2278861	2278861	HUMAN_OBSERVATION	FCBA-UV		NO APLICA		González Gándara C.; De la Cruz Francisco V.; Argüelles Jiménez J.		CC_BY_4_0	Comisión Nacional para el Conocimiento y Uso de la Biodiversidad (CONABIO)	González Gándara C.	NotAType		2025-07-05T04:15:43.726Z		COORDINATE_ROUNDED;CONTINENT_DERIVED_FROM_COORDINATES;SCIENTIFIC_NAME_ID_NOT_FOUND;TAXON_ID_NOT_FOUND;DEPTH_MIN_MAX_SWAPPED;OCCURRENCE_STATUS_INFERRED_FROM_INDIVIDUAL_COUNT
1895698367	eda1016d-1f81-4c43-833f-5ae3f5b12504	1c4787e4740c1f4a3139c9e99127fc2d	Animalia	Echinodermata	Echinoidea	Camarodonta	Echinometridae	Echinometra	Echinometra lucunter		SPECIES	Echinometra lucunter (Linnaeus, 1758)	Echinometra lucunter	(Linnaeus, 1758)	MX	Arrecife Zapotitlán, al extremo sur del arrecife		PRESENT	1	ff90b050-c256-11db-b71b-b8a03c50a862	18.487361	-94.777639	90.0		0.0	0.0	1.0	1.0	2013-09-05	5	9	2013	2278861	2278861	PRESERVED_SPECIMEN	FCBA-UV	CI-UV	DF-CC-00483/Ech		González Gándara C.; De la Cruz Francisco V.; Argüelles Jiménez J.		CC_BY_4_0	Comisión Nacional para el Conocimiento y Uso de la Biodiversidad (CONABIO)	Argüelles Jiménez J.	NotAType		2025-07-05T04:15:43.848Z		COORDINATE_ROUNDED;CONTINENT_DERIVED_FROM_COORDINATES;SCIENTIFIC_NAME_ID_NOT_FOUND;TAXON_ID_NOT_FOUND;DEPTH_MIN_MAX_SWAPPED;OCCURRENCE_STATUS_INFERRED_FROM_INDIVIDUAL_COUNT;COLLECTION_MATCH_NONE;INSTITUTION_MATCH_FUZZY;DIFFERENT_OWNER_INSTITUTION
1895698363	eda1016d-1f81-4c43-833f-5ae3f5b12504	1b92bdacbdd8270b6f4612f12fdb20b7	Animalia	Echinodermata	Echinoidea	Camarodonta	Echinometridae	Echinometra	Echinometra lucunter		SPECIES	Echinometra lucunter (Linnaeus, 1758)	Echinometra lucunter	(Linnaeus, 1758)	MX	Arrecife La Perla, extremo este del arrecife		PRESENT	1	ff90b050-c256-11db-b71b-b8a03c50a862	18.540111	-94.809944	90.0		0.0	0.0	3.0	3.0	2014-05-06	6	5	2014	2278861	2278861	HUMAN_OBSERVATION	FCBA-UV		NO APLICA		González Gándara C.; De la Cruz Francisco V.; Argüelles Jiménez J.		CC_BY_4_0	Comisión Nacional para el Conocimiento y Uso de la Biodiversidad (CONABIO)	Flores Serrano S. D.	NotAType		2025-07-05T04:15:43.826Z		COORDINATE_ROUNDED;CONTINENT_DERIVED_FROM_COORDINATES;SCIENTIFIC_NAME_ID_NOT_FOUND;TAXON_ID_NOT_FOUND;DEPTH_MIN_MAX_SWAPPED;OCCURRENCE_STATUS_INFERRED_FROM_INDIVIDUAL_COUNT
1895698362	eda1016d-1f81-4c43-833f-5ae3f5b12504	3cc4bacc1fc92c27e6c81b62f7829d6e	Animalia	Echinodermata	Echinoidea	Camarodonta	Echinometridae	Echinometra	Echinometra lucunter		SPECIES	Echinometra lucunter (Linnaeus, 1758)	Echinometra lucunter	(Linnaeus, 1758)	MX	Arrecife La Perla, extremo oeste del arrecife		PRESENT	1	ff90b050-c256-11db-b71b-b8a03c50a862	18.551139	-94.872389	90.0		0.0	0.0	1.0	1.0	2013-09-08	8	9	2013	2278861	2278861	PRESERVED_SPECIMEN	FCBA-UV	CI-UV	DF-CC-00430/Ech		González Gándara C.; De la Cruz Francisco V.; Argüelles Jiménez J.		CC_BY_4_0	Comisión Nacional para el Conocimiento y Uso de la Biodiversidad (CONABIO)	De la Cruz Francisco V.	NotAType		2025-07-05T04:15:43.831Z		COORDINATE_ROUNDED;CONTINENT_DERIVED_FROM_COORDINATES;SCIENTIFIC_NAME_ID_NOT_FOUND;TAXON_ID_NOT_FOUND;DEPTH_MIN_MAX_SWAPPED;OCCURRENCE_STATUS_INFERRED_FROM_INDIVIDUAL_COUNT;COLLECTION_MATCH_NONE;INSTITUTION_MATCH_FUZZY;DIFFERENT_OWNER_INSTITUTION
1895698358	eda1016d-1f81-4c43-833f-5ae3f5b12504	3bfef4216d4ee34e39f08631297e1807	Animalia	Echinodermata	Echinoidea	Camarodonta	Echinometridae	Echinometra	Echinometra lucunter		SPECIES	Echinometra lucunter (Linnaeus, 1758)	Echinometra lucunter	(Linnaeus, 1758)	MX	Arrecife Zapotitlán, al extremo norte del arrecife		PRESENT	1	ff90b050-c256-11db-b71b-b8a03c50a862	18.515806	-94.786889	90.0		0.0	0.0	1.5	1.5	2013-06-18	18	6	2013	2278861	2278861	HUMAN_OBSERVATION	FCBA-UV		NO APLICA		González Gándara C.; De la Cruz Francisco V.; Argüelles Jiménez J.		CC_BY_4_0	Comisión Nacional para el Conocimiento y Uso de la Biodiversidad (CONABIO)	Argüelles Jiménez J.	NotAType		2025-07-05T04:15:43.810Z		COORDINATE_ROUNDED;CONTINENT_DERIVED_FROM_COORDINATES;SCIENTIFIC_NAME_ID_NOT_FOUND;TAXON_ID_NOT_FOUND;DEPTH_MIN_MAX_SWAPPED;OCCURRENCE_STATUS_INFERRED_FROM_INDIVIDUAL_COUNT
1895698356	eda1016d-1f81-4c43-833f-5ae3f5b12504	1b30a6d8bf8725175e842815a3a743a5	Animalia	Echinodermata	Echinoidea	Camarodonta	Echinometridae	Echinometra	Echinometra lucunter		SPECIES	Echinometra lucunter (Linnaeus, 1758)	Echinometra lucunter	(Linnaeus, 1758)	MX	Arrecife Zapotitlán, al extremo norte del arrecife		PRESENT	1	ff90b050-c256-11db-b71b-b8a03c50a862	18.51625	-94.786305	90.0		0.0	0.0	3.0	3.0	2013-06-18	18	6	2013	2278861	2278861	HUMAN_OBSERVATION	FCBA-UV		NO APLICA		González Gándara C.; De la Cruz Francisco V.; Argüelles Jiménez J.		CC_BY_4_0	Comisión Nacional para el Conocimiento y Uso de la Biodiversidad (CONABIO)	Argüelles Jiménez J.	NotAType		2025-07-05T04:15:43.783Z		COORDINATE_ROUNDED;CONTINENT_DERIVED_FROM_COORDINATES;SCIENTIFIC_NAME_ID_NOT_FOUND;TAXON_ID_NOT_FOUND;DEPTH_MIN_MAX_SWAPPED;OCCURRENCE_STATUS_INFERRED_FROM_INDIVIDUAL_COUNT
1895698353	eda1016d-1f81-4c43-833f-5ae3f5b12504	1addabb7b7a74d619fa5f84448e85291	Animalia	Echinodermata	Echinoidea	Camarodonta	Echinometridae	Echinometra	Echinometra lucunter		SPECIES	Echinometra lucunter (Linnaeus, 1758)	Echinometra lucunter	(Linnaeus, 1758)	MX	Arrecife Zapotitlán, al extremo norte del arrecife		PRESENT	1	ff90b050-c256-11db-b71b-b8a03c50a862	18.515806	-94.786889	90.0		0.0	0.0	1.5	1.5	2013-06-18	18	6	2013	2278861	2278861	HUMAN_OBSERVATION	FCBA-UV		NO APLICA		González Gándara C.; De la Cruz Francisco V.; Argüelles Jiménez J.		CC_BY_4_0	Comisión Nacional para el Conocimiento y Uso de la Biodiversidad (CONABIO)	Argüelles Jiménez J.	NotAType		2025-07-05T04:15:43.812Z		COORDINATE_ROUNDED;CONTINENT_DERIVED_FROM_COORDINATES;SCIENTIFIC_NAME_ID_NOT_FOUND;TAXON_ID_NOT_FOUND;DEPTH_MIN_MAX_SWAPPED;OCCURRENCE_STATUS_INFERRED_FROM_INDIVIDUAL_COUNT
1895698352	eda1016d-1f81-4c43-833f-5ae3f5b12504	3b2f47a35f286f28babc3ca682e393c9	Animalia	Echinodermata	Echinoidea	Camarodonta	Echinometridae	Echinometra	Echinometra lucunter		SPECIES	Echinometra lucunter (Linnaeus, 1758)	Echinometra lucunter	(Linnaeus, 1758)	MX	Arrecife Zapotitlán, área central del arrecife		PRESENT	1	ff90b050-c256-11db-b71b-b8a03c50a862	18.500944	-94.780555	90.0		0.0	0.0	2.0	2.0	2013-09-07	7	9	2013	2278861	2278861	HUMAN_OBSERVATION	FCBA-UV		NO APLICA		González Gándara C.; De la Cruz Francisco V.; Argüelles Jiménez J.		CC_BY_4_0	Comisión Nacional para el Conocimiento y Uso de la Biodiversidad (CONABIO)	González Gándara C.	NotAType		2025-07-05T04:15:43.876Z		COORDINATE_ROUNDED;CONTINENT_DERIVED_FROM_COORDINATES;SCIENTIFIC_NAME_ID_NOT_FOUND;TAXON_ID_NOT_FOUND;DEPTH_MIN_MAX_SWAPPED;OCCURRENCE_STATUS_INFERRED_FROM_INDIVIDUAL_COUNT
1895698348	eda1016d-1f81-4c43-833f-5ae3f5b12504	39e04ce20cd653e268a02a1f4db64d34	Animalia	Echinodermata	Echinoidea	Camarodonta	Echinometridae	Echinometra	Echinometra lucunter		SPECIES	Echinometra lucunter (Linnaeus, 1758)	Echinometra lucunter	(Linnaeus, 1758)	MX	Arrecife Zapotitlán, al extremo norte del arrecife		PRESENT	1	ff90b050-c256-11db-b71b-b8a03c50a862	18.515806	-94.786889	90.0		0.0	0.0	1.5	1.5	2013-06-18	18	6	2013	2278861	2278861	HUMAN_OBSERVATION	FCBA-UV		NO APLICA		González Gándara C.; De la Cruz Francisco V.; Argüelles Jiménez J.		CC_BY_4_0	Comisión Nacional para el Conocimiento y Uso de la Biodiversidad (CONABIO)	De la Cruz Francisco V.	NotAType		2025-07-05T04:15:43.814Z		COORDINATE_ROUNDED;CONTINENT_DERIVED_FROM_COORDINATES;SCIENTIFIC_NAME_ID_NOT_FOUND;TAXON_ID_NOT_FOUND;DEPTH_MIN_MAX_SWAPPED;OCCURRENCE_STATUS_INFERRED_FROM_INDIVIDUAL_COUNT
1895698346	eda1016d-1f81-4c43-833f-5ae3f5b12504	1a611a754770bcf3ec3f87e90d3225c8	Animalia	Echinodermata	Echinoidea	Camarodonta	Echinometridae	Echinometra	Echinometra lucunter		SPECIES	Echinometra lucunter (Linnaeus, 1758)	Echinometra lucunter	(Linnaeus, 1758)	MX	Arrecife Zapotitlán, al extremo norte del arrecife		PRESENT	1	ff90b050-c256-11db-b71b-b8a03c50a862	18.512111	-94.782278	90.0		0.0	0.0	2.5	2.5	2013-06-18	18	6	2013	2278861	2278861	HUMAN_OBSERVATION	FCBA-UV		NO APLICA		González Gándara C.; De la Cruz Francisco V.; Argüelles Jiménez J.		CC_BY_4_0	Comisión Nacional para el Conocimiento y Uso de la Biodiversidad (CONABIO)	Argüelles Jiménez J.	NotAType		2025-07-05T04:15:43.830Z		COORDINATE_ROUNDED;CONTINENT_DERIVED_FROM_COORDINATES;SCIENTIFIC_NAME_ID_NOT_FOUND;TAXON_ID_NOT_FOUND;DEPTH_MIN_MAX_SWAPPED;OCCURRENCE_STATUS_INFERRED_FROM_INDIVIDUAL_COUNT
1895698343	eda1016d-1f81-4c43-833f-5ae3f5b12504	3964f3ddbd2b52e5ea3115bdb19f76b9	Animalia	Echinodermata	Echinoidea	Camarodonta	Echinometridae	Echinometra	Echinometra lucunter		SPECIES	Echinometra lucunter (Linnaeus, 1758)	Echinometra lucunter	(Linnaeus, 1758)	MX	Arrecife Zapotitlán, al extremo sur del arrecife		PRESENT	1	ff90b050-c256-11db-b71b-b8a03c50a862	18.48875	-94.778	90.0		0.0	0.0	1.0	1.0	2013-09-05	5	9	2013	2278861	2278861	HUMAN_OBSERVATION	FCBA-UV		NO APLICA		González Gándara C.; De la Cruz Francisco V.; Argüelles Jiménez J.		CC_BY_4_0	Comisión Nacional para el Conocimiento y Uso de la Biodiversidad (CONABIO)	Argüelles Jiménez J.	NotAType		2025-07-05T04:15:43.698Z		CONTINENT_DERIVED_FROM_COORDINATES;SCIENTIFIC_NAME_ID_NOT_FOUND;TAXON_ID_NOT_FOUND;DEPTH_MIN_MAX_SWAPPED;OCCURRENCE_STATUS_INFERRED_FROM_INDIVIDUAL_COUNT
1895698341	eda1016d-1f81-4c43-833f-5ae3f5b12504	1a2c4fb62241ec3220c95a56188d2caa	Animalia	Echinodermata	Echinoidea	Camarodonta	Echinometridae	Echinometra	Echinometra lucunter		SPECIES	Echinometra lucunter (Linnaeus, 1758)	Echinometra lucunter	(Linnaeus, 1758)	MX	Arrecife Zapotitlán, área central del arrecife		PRESENT	1	ff90b050-c256-11db-b71b-b8a03c50a862	18.511139	-94.779361	90.0		0.0	0.0	6.0	6.0	2014-05-07	7	5	2014	2278861	2278861	HUMAN_OBSERVATION	FCBA-UV		NO APLICA		González Gándara C.; De la Cruz Francisco V.; Argüelles Jiménez J.		CC_BY_4_0	Comisión Nacional para el Conocimiento y Uso de la Biodiversidad (CONABIO)	Flores Serrano S. D.	NotAType		2025-07-05T04:15:43.827Z		COORDINATE_ROUNDED;CONTINENT_DERIVED_FROM_COORDINATES;SCIENTIFIC_NAME_ID_NOT_FOUND;TAXON_ID_NOT_FOUND;DEPTH_MIN_MAX_SWAPPED;OCCURRENCE_STATUS_INFERRED_FROM_INDIVIDUAL_COUNT
1895698335	eda1016d-1f81-4c43-833f-5ae3f5b12504	182f2bb678869aa562e1b8cbbd9ee23a	Animalia	Echinodermata	Echinoidea	Camarodonta	Echinometridae	Echinometra	Echinometra lucunter		SPECIES	Echinometra lucunter (Linnaeus, 1758)	Echinometra lucunter	(Linnaeus, 1758)	MX	Arrecife La Perla, extremo este del arrecife		PRESENT	1	ff90b050-c256-11db-b71b-b8a03c50a862	18.539333	-94.807972	90.0		0.0	0.0	3.0	3.0	2013-06-17	17	6	2013	2278861	2278861	HUMAN_OBSERVATION	FCBA-UV		NO APLICA		González Gándara C.; De la Cruz Francisco V.; Argüelles Jiménez J.		CC_BY_4_0	Comisión Nacional para el Conocimiento y Uso de la Biodiversidad (CONABIO)	De la Cruz Francisco V.	NotAType		2025-07-05T04:15:43.817Z		COORDINATE_ROUNDED;CONTINENT_DERIVED_FROM_COORDINATES;SCIENTIFIC_NAME_ID_NOT_FOUND;TAXON_ID_NOT_FOUND;DEPTH_MIN_MAX_SWAPPED;OCCURRENCE_STATUS_INFERRED_FROM_INDIVIDUAL_COUNT
1895698331	eda1016d-1f81-4c43-833f-5ae3f5b12504	1777529646f653c809edab1343f7fa99	Animalia	Echinodermata	Echinoidea	Camarodonta	Echinometridae	Echinometra	Echinometra lucunter		SPECIES	Echinometra lucunter (Linnaeus, 1758)	Echinometra lucunter	(Linnaeus, 1758)	MX	Arrecife Zapotitlán, al extremo sur del arrecife		PRESENT	1	ff90b050-c256-11db-b71b-b8a03c50a862	18.487361	-94.777639	90.0		0.0	0.0	1.0	1.0	2013-09-05	5	9	2013	2278861	2278861	HUMAN_OBSERVATION	FCBA-UV		NO APLICA		González Gándara C.; De la Cruz Francisco V.; Argüelles Jiménez J.		CC_BY_4_0	Comisión Nacional para el Conocimiento y Uso de la Biodiversidad (CONABIO)	González Gándara C.	NotAType		2025-07-05T04:15:43.777Z		COORDINATE_ROUNDED;CONTINENT_DERIVED_FROM_COORDINATES;SCIENTIFIC_NAME_ID_NOT_FOUND;TAXON_ID_NOT_FOUND;DEPTH_MIN_MAX_SWAPPED;OCCURRENCE_STATUS_INFERRED_FROM_INDIVIDUAL_COUNT
1895698327	eda1016d-1f81-4c43-833f-5ae3f5b12504	16f683f7e9b16541965c2db40679aa28	Animalia	Echinodermata	Echinoidea	Camarodonta	Echinometridae	Echinometra	Echinometra lucunter		SPECIES	Echinometra lucunter (Linnaeus, 1758)	Echinometra lucunter	(Linnaeus, 1758)	MX	Arrecife Blanquilla, al este de barlovento		PRESENT	1	ff90b050-c256-11db-b71b-b8a03c50a862	21.544972	-97.27725	70.0		0.0	0.0	2.5	2.5	2013-03-23	23	3	2013	2278861	2278861	HUMAN_OBSERVATION	FCBA-UV		NO APLICA		González Gándara C.; De la Cruz Francisco V.; Argüelles Jiménez J.		CC_BY_4_0	Comisión Nacional para el Conocimiento y Uso de la Biodiversidad (CONABIO)	Argüelles Jiménez J.	NotAType		2025-07-05T04:15:43.859Z		COORDINATE_ROUNDED;CONTINENT_DERIVED_FROM_COORDINATES;SCIENTIFIC_NAME_ID_NOT_FOUND;TAXON_ID_NOT_FOUND;DEPTH_MIN_MAX_SWAPPED;OCCURRENCE_STATUS_INFERRED_FROM_INDIVIDUAL_COUNT
1895698315	eda1016d-1f81-4c43-833f-5ae3f5b12504	149fd1d8cb44712ab89e5c8fb05dd60d	Animalia	Echinodermata	Echinoidea	Camarodonta	Echinometridae	Echinometra	Echinometra lucunter		SPECIES	Echinometra lucunter (Linnaeus, 1758)	Echinometra lucunter	(Linnaeus, 1758)	MX	Arrecife Zapotitlán, área central del arrecife		PRESENT	1	ff90b050-c256-11db-b71b-b8a03c50a862	18.500944	-94.780555	90.0		0.0	0.0	2.0	2.0	2013-09-07	7	9	2013	2278861	2278861	HUMAN_OBSERVATION	FCBA-UV		NO APLICA		González Gándara C.; De la Cruz Francisco V.; Argüelles Jiménez J.		CC_BY_4_0	Comisión Nacional para el Conocimiento y Uso de la Biodiversidad (CONABIO)	González Gándara C.	NotAType		2025-07-05T04:15:43.893Z		COORDINATE_ROUNDED;CONTINENT_DERIVED_FROM_COORDINATES;SCIENTIFIC_NAME_ID_NOT_FOUND;TAXON_ID_NOT_FOUND;DEPTH_MIN_MAX_SWAPPED;OCCURRENCE_STATUS_INFERRED_FROM_INDIVIDUAL_COUNT
1895698307	eda1016d-1f81-4c43-833f-5ae3f5b12504	13d8bca246e31280997e410761c297ab	Animalia	Echinodermata	Echinoidea	Camarodonta	Echinometridae	Echinometra	Echinometra lucunter		SPECIES	Echinometra lucunter (Linnaeus, 1758)	Echinometra lucunter	(Linnaeus, 1758)	MX	Arrecife La Perla, extremo este del arrecife		PRESENT	1	ff90b050-c256-11db-b71b-b8a03c50a862	18.540278	-94.809472	90.0		0.0	0.0	3.0	3.0	2014-05-06	6	5	2014	2278861	2278861	HUMAN_OBSERVATION	FCBA-UV		NO APLICA		González Gándara C.; De la Cruz Francisco V.; Argüelles Jiménez J.		CC_BY_4_0	Comisión Nacional para el Conocimiento y Uso de la Biodiversidad (CONABIO)	De la Cruz Francisco V.	NotAType		2025-07-05T04:15:43.900Z		COORDINATE_ROUNDED;CONTINENT_DERIVED_FROM_COORDINATES;SCIENTIFIC_NAME_ID_NOT_FOUND;TAXON_ID_NOT_FOUND;DEPTH_MIN_MAX_SWAPPED;OCCURRENCE_STATUS_INFERRED_FROM_INDIVIDUAL_COUNT
1895698301	eda1016d-1f81-4c43-833f-5ae3f5b12504	12dfb0aa7701c178e76b656c92e16f64	Animalia	Echinodermata	Echinoidea	Camarodonta	Echinometridae	Echinometra	Echinometra lucunter		SPECIES	Echinometra lucunter (Linnaeus, 1758)	Echinometra lucunter	(Linnaeus, 1758)	MX	Arrecife Zapotitlán, al extremo sur del arrecife		PRESENT	1	ff90b050-c256-11db-b71b-b8a03c50a862	18.48775	-94.777417	90.0		0.0	0.0	2.0	2.0	2013-09-05	5	9	2013	2278861	2278861	HUMAN_OBSERVATION	FCBA-UV		NO APLICA		González Gándara C.; De la Cruz Francisco V.; Argüelles Jiménez J.		CC_BY_4_0	Comisión Nacional para el Conocimiento y Uso de la Biodiversidad (CONABIO)	González Gándara C.	NotAType		2025-07-05T04:15:43.802Z		COORDINATE_ROUNDED;CONTINENT_DERIVED_FROM_COORDINATES;SCIENTIFIC_NAME_ID_NOT_FOUND;TAXON_ID_NOT_FOUND;DEPTH_MIN_MAX_SWAPPED;OCCURRENCE_STATUS_INFERRED_FROM_INDIVIDUAL_COUNT
1895698294	eda1016d-1f81-4c43-833f-5ae3f5b12504	122ef9e3a0dc5b88e691addfe097dcf6	Animalia	Echinodermata	Echinoidea	Camarodonta	Echinometridae	Echinometra	Echinometra lucunter		SPECIES	Echinometra lucunter (Linnaeus, 1758)	Echinometra lucunter	(Linnaeus, 1758)	MX	Arrecife Zapotitlán, al extremo sur del arrecife		PRESENT	1	ff90b050-c256-11db-b71b-b8a03c50a862	18.488306	-94.777805	90.0		0.0	0.0	1.0	1.0	2013-09-05	5	9	2013	2278861	2278861	HUMAN_OBSERVATION	FCBA-UV		NO APLICA		González Gándara C.; De la Cruz Francisco V.; Argüelles Jiménez J.		CC_BY_4_0	Comisión Nacional para el Conocimiento y Uso de la Biodiversidad (CONABIO)	González Gándara C.	NotAType		2025-07-05T04:15:43.716Z		COORDINATE_ROUNDED;CONTINENT_DERIVED_FROM_COORDINATES;SCIENTIFIC_NAME_ID_NOT_FOUND;TAXON_ID_NOT_FOUND;DEPTH_MIN_MAX_SWAPPED;OCCURRENCE_STATUS_INFERRED_FROM_INDIVIDUAL_COUNT
1895698288	eda1016d-1f81-4c43-833f-5ae3f5b12504	11e0784ef866b37abdee0f9cb0b2d40b	Animalia	Echinodermata	Echinoidea	Camarodonta	Echinometridae	Echinometra	Echinometra lucunter		SPECIES	Echinometra lucunter (Linnaeus, 1758)	Echinometra lucunter	(Linnaeus, 1758)	MX	Arrecife La Perla, extremo oeste del arrecife		PRESENT	1	ff90b050-c256-11db-b71b-b8a03c50a862	18.551	-94.872639	90.0		0.0	0.0	1.0	1.0	2013-09-08	8	9	2013	2278861	2278861	HUMAN_OBSERVATION	FCBA-UV		NO APLICA		González Gándara C.; De la Cruz Francisco V.; Argüelles Jiménez J.		CC_BY_4_0	Comisión Nacional para el Conocimiento y Uso de la Biodiversidad (CONABIO)	Argüelles Jiménez J.	NotAType		2025-07-05T04:15:43.809Z		COORDINATE_ROUNDED;CONTINENT_DERIVED_FROM_COORDINATES;SCIENTIFIC_NAME_ID_NOT_FOUND;TAXON_ID_NOT_FOUND;DEPTH_MIN_MAX_SWAPPED;OCCURRENCE_STATUS_INFERRED_FROM_INDIVIDUAL_COUNT
1895698282	eda1016d-1f81-4c43-833f-5ae3f5b12504	113999fc4c36d9b880656cf9dc7c8c71	Animalia	Echinodermata	Echinoidea	Camarodonta	Echinometridae	Echinometra	Echinometra lucunter		SPECIES	Echinometra lucunter (Linnaeus, 1758)	Echinometra lucunter	(Linnaeus, 1758)	MX	Arrecife Zapotitlán, área central del arrecife		PRESENT	1	ff90b050-c256-11db-b71b-b8a03c50a862	18.511139	-94.779361	90.0		0.0	0.0	6.0	6.0	2014-05-07	7	5	2014	2278861	2278861	HUMAN_OBSERVATION	FCBA-UV		NO APLICA		González Gándara C.; De la Cruz Francisco V.; Argüelles Jiménez J.		CC_BY_4_0	Comisión Nacional para el Conocimiento y Uso de la Biodiversidad (CONABIO)	De la Cruz Francisco V.	NotAType		2025-07-05T04:15:43.879Z		COORDINATE_ROUNDED;CONTINENT_DERIVED_FROM_COORDINATES;SCIENTIFIC_NAME_ID_NOT_FOUND;TAXON_ID_NOT_FOUND;DEPTH_MIN_MAX_SWAPPED;OCCURRENCE_STATUS_INFERRED_FROM_INDIVIDUAL_COUNT
1895698276	eda1016d-1f81-4c43-833f-5ae3f5b12504	0f95e3a3a365afe10efddf6630a1cd88	Animalia	Echinodermata	Echinoidea	Camarodonta	Echinometridae	Echinometra	Echinometra lucunter		SPECIES	Echinometra lucunter (Linnaeus, 1758)	Echinometra lucunter	(Linnaeus, 1758)	MX	Arrecife Zapotitlán, al extremo sur del arrecife		PRESENT	1	ff90b050-c256-11db-b71b-b8a03c50a862	18.487333	-94.7755	90.0		0.0	0.0	3.0	3.0	2013-09-05	5	9	2013	2278861	2278861	HUMAN_OBSERVATION	FCBA-UV		NO APLICA		González Gándara C.; De la Cruz Francisco V.; Argüelles Jiménez J.		CC_BY_4_0	Comisión Nacional para el Conocimiento y Uso de la Biodiversidad (CONABIO)	Argüelles Jiménez J.	NotAType		2025-07-05T04:15:43.801Z		COORDINATE_ROUNDED;CONTINENT_DERIVED_FROM_COORDINATES;SCIENTIFIC_NAME_ID_NOT_FOUND;TAXON_ID_NOT_FOUND;DEPTH_MIN_MAX_SWAPPED;OCCURRENCE_STATUS_INFERRED_FROM_INDIVIDUAL_COUNT
1895698270	eda1016d-1f81-4c43-833f-5ae3f5b12504	0eaa6584b83eb68ae7edb40d4eb4969b	Animalia	Echinodermata	Echinoidea	Camarodonta	Echinometridae	Echinometra	Echinometra lucunter		SPECIES	Echinometra lucunter (Linnaeus, 1758)	Echinometra lucunter	(Linnaeus, 1758)	MX	Arrecife Zapotitlán, área central del arrecife		PRESENT	1	ff90b050-c256-11db-b71b-b8a03c50a862	18.500944	-94.780555	90.0		0.0	0.0	2.0	2.0	2013-09-07	7	9	2013	2278861	2278861	HUMAN_OBSERVATION	FCBA-UV		NO APLICA		González Gándara C.; De la Cruz Francisco V.; Argüelles Jiménez J.		CC_BY_4_0	Comisión Nacional para el Conocimiento y Uso de la Biodiversidad (CONABIO)	De la Cruz Francisco V.	NotAType		2025-07-05T04:15:43.816Z		COORDINATE_ROUNDED;CONTINENT_DERIVED_FROM_COORDINATES;SCIENTIFIC_NAME_ID_NOT_FOUND;TAXON_ID_NOT_FOUND;DEPTH_MIN_MAX_SWAPPED;OCCURRENCE_STATUS_INFERRED_FROM_INDIVIDUAL_COUNT
1835182541	60c45f15-135d-42fb-8b8e-dd11c6375ad8	Proyecto Miranda-LEE_0165	Animalia	Echinodermata	Echinoidea	Camarodonta	Echinometridae	Echinometra	Echinometra lucunter		SPECIES	Echinometra lucunter (Linnaeus, 1758)	Echinometra lucunter	(Linnaeus, 1758)	VE	Rocas cerca de playa el diablo	Miranda	PRESENT		1e9400fa-ce73-4737-9eaa-f25df148945c	10.6524	-66.24744					4.5	1.5	2011-09-14	14	9	2011	2278861	2278861	HUMAN_OBSERVATION	USB	Proyecto Miranda-LEE	CV265				CC0_1_0		César Herrera			2025-07-31T12:09:29.094Z		GEODETIC_DATUM_ASSUMED_WGS84;CONTINENT_DERIVED_FROM_COORDINATES
1418950336	80756e72-f762-11e1-a439-00145eb45e9a	3b5d219ee01760985479942d6b41f243	Animalia	Echinodermata	Echinoidea	Camarodonta	Echinometridae	Echinometra	Echinometra lucunter		SPECIES	Echinometra lucunter (Linnaeus, 1758)	Echinometra lucunter	(Linnaeus, 1758)	MX	Chabihau, Microcuenca de Chabihau, 5km al E de San Crisanto, 10km al O de Santa Clara, Carretera costera a Dzilam de Bravo, vegetación de Manglar.	Yucatan	PRESENT	1	ff90b050-c256-11db-b71b-b8a03c50a862	21.389333	-89.093028	70.0		0.0	0.0	2.5	2.5	2002-02-01	1	2	2002	2278861	2278861	PRESERVED_SPECIMEN	CINVESTAV-IPN	CINVESTAV	EHLH-00253		Tejeda Yazmín		CC_BY_4_0	Comisión Nacional para el Conocimiento y Uso de la Biodiversidad (CONABIO)	Avilés Gerardo; Yerbes Margarita; Vera David; Uch Carlos; Canul Irving; Valdez Johnny	NotAType		2025-07-05T04:11:33.349Z		COORDINATE_ROUNDED;GEODETIC_DATUM_ASSUMED_WGS84;CONTINENT_DERIVED_FROM_COORDINATES;SCIENTIFIC_NAME_ID_NOT_FOUND;TAXON_ID_NOT_FOUND;DEPTH_MIN_MAX_SWAPPED;OCCURRENCE_STATUS_INFERRED_FROM_INDIVIDUAL_COUNT;COLLECTION_MATCH_NONE;INSTITUTION_MATCH_FUZZY;DIFFERENT_OWNER_INSTITUTION
1418950226	80756e72-f762-11e1-a439-00145eb45e9a	70c6bb253b2a10553b4829e06128f633	Animalia	Echinodermata	Echinoidea	Camarodonta	Echinometridae	Echinometra	Echinometra lucunter		SPECIES	Echinometra lucunter (Linnaeus, 1758)	Echinometra lucunter	(Linnaeus, 1758)	MX	Chabihau, Microcuenca de Chabihau, 5km al E de San Crisanto, 10km al O de Santa Clara, Carretera costera a Dzilam de Bravo, vegetación de Manglar.	Yucatan	PRESENT	1	ff90b050-c256-11db-b71b-b8a03c50a862	21.384944	-89.092028	70.0		0.0	0.0	1.5	1.5	2002-02-01	1	2	2002	2278861	2278861	PRESERVED_SPECIMEN	CINVESTAV-IPN	CINVESTAV	EHLH-00254		Tejeda Yazmín		CC_BY_4_0	Comisión Nacional para el Conocimiento y Uso de la Biodiversidad (CONABIO)	Avilés Gerardo; Yerbes Margarita; Vera David; Uch Carlos; Canul Irving; Valdez Johnny	NotAType		2025-07-05T04:11:33.336Z		COORDINATE_ROUNDED;GEODETIC_DATUM_ASSUMED_WGS84;CONTINENT_DERIVED_FROM_COORDINATES;SCIENTIFIC_NAME_ID_NOT_FOUND;TAXON_ID_NOT_FOUND;DEPTH_MIN_MAX_SWAPPED;OCCURRENCE_STATUS_INFERRED_FROM_INDIVIDUAL_COUNT;COLLECTION_MATCH_NONE;INSTITUTION_MATCH_FUZZY;DIFFERENT_OWNER_INSTITUTION
1328184296	77e0b1e1-eb54-4311-bd15-193fa55ea75f	UNAL_CECIMAR:SEAFLOWER2016:EQUINO:10	Animalia	Echinodermata	Echinoidea	Camarodonta	Echinometridae	Echinometra	Echinometra lucunter	lucunter	SUBSPECIES	Echinometra lucunter lucunter (Linnaeus, 1758)	Echinometra lucunter lucunter	(Linnaeus, 1758)	CO	Lado este de la isla	Archipiélago de San Andrés, Providencia y Santa Catalina	PRESENT	1	eac88d99-9f6c-4031-8fc4-8088f0e0dfe7	14.28459	-80.36522					2.5	2.5	2016-08-11	11	8	2016	7189075	2278861	HUMAN_OBSERVATION	UNAL	UNAL	UNAL_CECIMAR:SEAFLOWER2016:EQUINO:10	ECHI_SER_010	Milena Benavides Serrato	2016-09-15T00:00:00	CC_BY_4_0		Milena Benavides Serrato		native	2025-07-05T17:59:29.684Z		CONTINENT_COORDINATE_MISMATCH;OCCURRENCE_STATUS_INFERRED_FROM_INDIVIDUAL_COUNT
