gbifID,datasetKey,occurrenceID,kingdom,phylum,class,order,family,genus,species,infraspecificEpithet,taxonRank,scientificName,verbatimScientificName,verbatimScientificNameAuthorship,countryCode,locality,stateProvince,occurrenceStatus,individualCount,publishingOrgKey,decimalLatitude,decimalLongitude,coordinateUncertaintyInMeters,coordinatePrecision,elevation,elevationAccuracy,depth,depthAccuracy,eventDate,day,month,year,taxonKey,speciesKey,basisOfRecord,institutionCode,collectionCode,catalogNumber,recordNumber,identifiedBy,dateIdentified,license,rightsHolder,recordedBy,typeStatus,establishmentMeans,lastInterpreted,mediaType,issue
4400815374,1eaa9e1b-cb70-4ee5-a29e-31e2b5021cc2,UDEA:CEMUA:ECHI:000091,Animalia,Echinodermata,Echinoidea,Camarodonta,Echinometridae,Echinometra,Echinometra lucunter,NA,SPECIES,"Echinometra lucunter (Linnaeus, 1758)",Echinometra lucunter,"Linnaeus, 1758",CO,Canales de Tio Kike,Bolívar,PRESENT,2,cccff716-2694-4209-9f9e-2f7a484465a0,9.7963,-75.858,NA,NA,NA,NA,4,0,2012-06-24,24,6,2012,2278861,2278861,PRESERVED_SPECIMEN,Universidad de Antioquia (UDEA),CEMUA,ECHI:000091,NA,Daniela Yepes Gaurisas,2012-06-24T00:00:00Z,CC_BY_4_0,Universidad de Antioquia,Mario Hernán Londoño Mesa;Daniela Yepes Gaurisas,NA,NA,2025-08-01T12:28:31Z,NA,INSTITUTION_MATCH_NONE
4168515954,a4305468-d94d-4244-b146-738e52d8a6e9,0ee0ac7cb7d3194dc3d4313633093bd0,Animalia,Echinodermata,Echinoidea,Camarodonta,Echinometridae,Echinometra,Echinometra lucunter,NA,SPECIES,"Echinometra lucunter (Linnaeus, 1758)",Echinometra lucunter,"(Linnaeus, 1758)",MX,Transecto 1,NA,PRESENT,1,ff90b050-c256-11db-b71b-b8a03c50a862,20.219222,-91.972778,NA,NA,0,0,2.5,2.5,2016-04-23,23,4,2016,2278861,2278861,PRESERVED_SPECIMEN,ICML-UNAM,CNE,ICML-UNAM 18033,NA,"Hernández-Díaz, Y. Q.",NA,CC_BY_4_0,Comisión Nacional para el Conocimiento y Uso de la Biodiversidad (CONABIO),"Hernández-Díaz, Y. Q.",NotAType,NA,2025-07-05T01:58:40Z,NA,COORDINATE_ROUNDED;CONTINENT_DERIVED_FROM_COORDINATES;SCIENTIFIC_NAME_ID_NOT_FOUND;TAXON_ID_NOT_FOUND;DEPTH_MIN_MAX_SWAPPED;OCCURRENCE_STATUS_INFERRED_FROM_INDIVIDUAL_COUNT;INSTITUTION_MATCH_NONE
4168515738,a4305468-d94d-4244-b146-738e52d8a6e9,2054524bc99a813c314e7a25ae926d27,Animalia,Echinodermata,Echinoidea,Camarodonta,Echinometridae,Echinometra,Echinometra lucunter,NA,SPECIES,"Echinometra lucunter (Linnaeus, 1758)",Echinometra lucunter,"(Linnaeus, 1758)",MX,Punta Norte,NA,PRESENT,1,ff90b050-c256-11db-b71b-b8a03c50a862,20.207694,-91.960667,NA,NA,0,0,2.5,2.5,2016-04-24,24,4,2016,2278861,2278861,PRESERVED_SPECIMEN,ICML-UNAM,CNE,ICML-UNAM 18056,NA,"Hernández-Díaz, Y. Q.",NA,CC_BY_4_0,Comisión Nacional para el Conocimiento y Uso de la Biodiversidad (CONABIO),"Hernández-Díaz, Y. Q.",NotAType,NA,2025-07-05T01:58:38Z,NA,COORDINATE_ROUNDED;CONTINENT_DERIVED_FROM_COORDINATES;SCIENTIFIC_NAME_ID_NOT_FOUND;TAXON_ID_NOT_FOUND;DEPTH_MIN_MAX_SWAPPED;OCCURRENCE_STATUS_INFERRED_FROM_INDIVIDUAL_COUNT;INSTITUTION_MATCH_NONE
4168515488,a4305468-d94d-4244-b146-738e52d8a6e9,4aba45b0b3dd71becfa6ce7794dca40f,Animalia,Echinodermata,Echinoidea,Camarodonta,Echinometridae,Echinometra,Echinometra lucunter,NA,SPECIES,"Echinometra lucunter (Linnaeus, 1758)",Echinometra lucunter,"(Linnaeus, 1758)",MX,Transecto 2,NA,PRESENT,1,ff90b050-c256-11db-b71b-b8a03c50a862,20.216139,-91.966111,NA,NA,0,0,2,2,2016-04-24,24,4,2016,2278861,2278861,PRESERVED_SPECIMEN,ICML-UNAM,CNE,ICML-UNAM 18049,NA,"Hernández-Díaz, Y. Q.",NA,CC_BY_4_0,Comisión Nacional para el Conocimiento y Uso de la Biodiversidad (CONABIO),"Hernández-Díaz, Y. Q.",NotAType,NA,2025-07-05T01:58:37Z,NA,COORDINATE_ROUNDED;CONTINENT_DERIVED_FROM_COORDINATES;SCIENTIFIC_NAME_ID_NOT_FOUND;TAXON_ID_NOT_FOUND;DEPTH_MIN_MAX_SWAPPED;OCCURRENCE_STATUS_INFERRED_FROM_INDIVIDUAL_COUNT;INSTITUTION_MATCH_NONE
4168515379,a4305468-d94d-4244-b146-738e52d8a6e9,4d88cc2c4c821f119854c7d8d16a0797,Animalia,Echinodermata,Echinoidea,Camarodonta,Echinometridae,Echinometra,Echinometra lucunter,lucunter,SUBSPECIES,"Echinometra lucunter lucunter (Linnaeus, 1758)",Echinometra lucunter subsp. lucunter,"(Linnaeus, 1758)",MX,Transecto 3,NA,PRESENT,1,ff90b050-c256-11db-b71b-b8a03c50a862,20.204806,-91.959389,NA,NA,0,0,2.5,2.5,2016-04-21,21,4,2016,7189075,2278861,PRESERVED_SPECIMEN,ICML-UNAM,CNE,ICML-UNAM 18011,NA,"Hernández-Díaz, Y. Q.",NA,CC_BY_4_0,Comisión Nacional para el Conocimiento y Uso de la Biodiversidad (CONABIO),"Hernández-Díaz, Y. Q.",NotAType,NA,2025-07-05T01:58:41Z,NA,COORDINATE_ROUNDED;CONTINENT_DERIVED_FROM_COORDINATES;SCIENTIFIC_NAME_ID_NOT_FOUND;TAXON_ID_NOT_FOUND;DEPTH_MIN_MAX_SWAPPED;OCCURRENCE_STATUS_INFERRED_FROM_INDIVIDUAL_COUNT;INSTITUTION_MATCH_NONE
3306394835,a4305468-d94d-4244-b146-738e52d8a6e9,e05d50cb25865797c14d6f178098f564,Animalia,Echinodermata,Echinoidea,Camarodonta,Echinometridae,Echinometra,Echinometra lucunter,NA,SPECIES,"Echinometra lucunter (Linnaeus, 1758)",Echinometra lucunter,"(Linnaeus, 1758)",MX,Punto 05,NA,PRESENT,1,ff90b050-c256-11db-b71b-b8a03c50a862,20.214806,-91.968917,NA,NA,2.6,2.6,2.65,2.65,2017-04-02,2,4,2017,2278861,2278861,PRESERVED_SPECIMEN,UMDI-FC-UNAM,COREPY,COREPY-0016,NA,"Márquez, F.",NA,CC_BY_4_0,Comisión Nacional para el Conocimiento y Uso de la Biodiversidad (CONABIO),"Hernández-Díaz, Y. Q.",NotAType,NA,2025-07-05T01:58:40Z,NA,COORDINATE_ROUNDED;CONTINENT_DERIVED_FROM_COORDINATES;SCIENTIFIC_NAME_ID_NOT_FOUND;TAXON_ID_NOT_FOUND;DEPTH_MIN_MAX_SWAPPED;ELEVATION_MIN_MAX_SWAPPED;OCCURRENCE_STATUS_INFERRED_FROM_INDIVIDUAL_COUNT;DIFFERENT_OWNER_INSTITUTION
3306391044,a4305468-d94d-4244-b146-738e52d8a6e9,66d2865fceb716be45eb530e695babb0,Animalia,Echinodermata,Echinoidea,Camarodonta,Echinometridae,Echinometra,Echinometra lucunter,NA,SPECIES,"Echinometra lucunter (Linnaeus, 1758)",Echinometra lucunter,"(Linnaeus, 1758)",MX,12_TW_A,NA,PRESENT,1,ff90b050-c256-11db-b71b-b8a03c50a862,20.96073,-92.30751,NA,NA,0,0,8,8,2017-09-10,10,9,2017,2278861,2278861,PRESERVED_SPECIMEN,UMDI-FC-UNAM,COREPY,COREPY-0248,NA,"Márquez, F.",NA,CC_BY_4_0,Comisión Nacional para el Conocimiento y Uso de la Biodiversidad (CONABIO),"Márquez, F.",NotAType,NA,2025-07-05T01:58:39Z,NA,CONTINENT_DERIVED_FROM_COORDINATES;SCIENTIFIC_NAME_ID_NOT_FOUND;TAXON_ID_NOT_FOUND;DEPTH_MIN_MAX_SWAPPED;OCCURRENCE_STATUS_INFERRED_FROM_INDIVIDUAL_COUNT;DIFFERENT_OWNER_INSTITUTION
3028117912,26098c25-8f7f-4c71-97ac-1d3db181c65e,http://n2t.net/ark:/65665/3c014c21b-fdc4-41b0-82a4-5739e5a02364,Animalia,Echinodermata,Echinoidea,Camarodonta,Echinometridae,Echinometra,Echinometra lucunter,NA,SPECIES,"Echinometra lucunter (Linnaeus, 1758)",Echinometra lucunter,(Linnaeus),BZ,"Belize, Stann Creek, Pelican Cays, back reef lagoon, reef rubble",Stann Creek District,PRESENT,1,bc092ff0-02e4-11dc-991f-b8a03c50a862,16.8021,-88.0811,NA,NA,NA,NA,1,0,2014-07-07,7,7,2014,2278861,2278861,MATERIAL_SAMPLE,USNM,IZ,USNM 1439098,BCBC_325,NA,NA,CC0_1_0,NA,"S. McKeon, A. Windsor, C. Weber, S. Harris, T. Yockachonis, M. Jones & J. Boehm",NA,NA,2025-08-01T10:30:28Z,NA,GEODETIC_DATUM_ASSUMED_WGS84;CONTINENT_INVALID;CONTINENT_DERIVED_FROM_COORDINATES
2993588690,f13e2caf-5093-4f9a-9de6-e38775b5a737,INVEMAR:SIMAC:InvVag:TIO-1:2008:M1:002097,Animalia,Echinodermata,Echinoidea,Camarodonta,Echinometridae,Echinometra,Echinometra lucunter,NA,SPECIES,"Echinometra lucunter (Linnaeus, 1758)",Echinometra lucunter,"(Linnaeus, 1758)",CO,"Parque Nacional Natural Corales del Rosario y San Bernardo, Noroeste de Isla Tintipan Tiosolda Estación TIO 1",Bolívar,PRESENT,NA,f072f648-b8a4-47a0-9e1c-89d790645b5a,9.821944,-75.890833,NA,NA,NA,NA,10.5,1.5,2008-09-30,30,9,2008,2278861,2278861,HUMAN_OBSERVATION,Instituto de Investigaciones Marinas y Costeras “José Benito Vives de Andréis” (Invemar),NA,NA,NA,NA,NA,CC_BY_4_0,NA,Catalina Casas;Johanna Carolina Vega Sequeda,NA,NA,2025-08-02T11:49:05Z,NA,COORDINATE_ROUNDED
2993588681,f13e2caf-5093-4f9a-9de6-e38775b5a737,INVEMAR:SIMAC:InvVag:IGU-1:2005:S3:001463,Animalia,Echinodermata,Echinoidea,Camarodonta,Echinometridae,Echinometra,Echinometra lucunter,NA,SPECIES,"Echinometra lucunter (Linnaeus, 1758)",Echinometra lucunter,"(Linnaeus, 1758)",CO,"Reserva de Biosfera Sea Flower, Iguana Estación IGU 1","Archipiélago de San Andrés, Providencia y Santa Catalina",PRESENT,NA,f072f648-b8a4-47a0-9e1c-89d790645b5a,12.500417,-81.733333,NA,NA,NA,NA,10.5,7.5,2005-09-13,13,9,2005,2278861,2278861,HUMAN_OBSERVATION,Instituto de Investigaciones Marinas y Costeras “José Benito Vives de Andréis” (Invemar),NA,NA,NA,NA,NA,CC_BY_4_0,NA,Carlos Andrés Orozco;Julian Olaya,NA,NA,2025-08-02T11:49:05Z,NA,COORDINATE_ROUNDED;CONTINENT_COORDINATE_MISMATCH
2993588668,f13e2caf-5093-4f9a-9de6-e38775b5a737,INVEMAR:SIMAC:InvVag:PAV-1:2013:M3:003053,Animalia,Echinodermata,Echinoidea,Camarodonta,Echinometridae,Echinometra,Echinometra lucunter,NA,SPECIES,"Echinometra lucunter (Linnaeus, 1758)",Echinometra lucunter,"(Linnaeus, 1758)",CO,"Parque Nacional Natural Corales del Rosario y San Bernardo, Isla Pavitos Estación PAV 1",Bolívar,PRESENT,NA,f072f648-b8a4-47a0-9e1c-89d790645b5a,10.174861,-75.770639,NA,NA,NA,NA,14,5,2013-12-05,5,12,2013,2278861,2278861,HUMAN_OBSERVATION,Instituto de Investigaciones Marinas y Costeras “José Benito Vives de Andréis” (Invemar),NA,NA,NA,NA,NA,CC_BY_4_0,NA,Laura Muñoz Escobar;Diana Carolina Ballesteros Contreras,NA,NA,2025-08-02T11:49:05Z,NA,COORDINATE_ROUNDED
2993588666,f13e2caf-5093-4f9a-9de6-e38775b5a737,INVEMAR:SIMAC:InvVag:MAN-1:2012:S1:002919,Animalia,Echinodermata,Echinoidea,Camarodonta,Echinometridae,Echinometra,Echinometra lucunter,NA,SPECIES,"Echinometra lucunter (Linnaeus, 1758)",Echinometra lucunter,"(Linnaeus, 1758)",CO,"Parque Nacional Natural Corales del Rosario y San Bernardo, Frente a Isla Mangle Estación MAN 1",Bolívar,PRESENT,NA,f072f648-b8a4-47a0-9e1c-89d790645b5a,9.777417,-75.785389,NA,NA,NA,NA,5,1,2012-12-05,5,12,2012,2278861,2278861,HUMAN_OBSERVATION,Instituto de Investigaciones Marinas y Costeras “José Benito Vives de Andréis” (Invemar),NA,NA,NA,NA,NA,CC_BY_4_0,NA,Raul Navas Camacho;Johanna Carolina Vega Sequeda,NA,NA,2025-08-02T11:49:05Z,NA,COORDINATE_ROUNDED
2993588661,f13e2caf-5093-4f9a-9de6-e38775b5a737,INVEMAR:SIMAC:InvVag:MAN-2:2017:M2:003207,Animalia,Echinodermata,Echinoidea,Camarodonta,Echinometridae,Echinometra,Echinometra lucunter,NA,SPECIES,"Echinometra lucunter (Linnaeus, 1758)",Echinometra lucunter,"(Linnaeus, 1758)",CO,"Parque Nacional Natural Corales del Rosario y San Bernardo, Isla Mangle Estación Mangle 2",Bolívar,PRESENT,NA,f072f648-b8a4-47a0-9e1c-89d790645b5a,9.779444,-75.785556,NA,NA,NA,NA,11.5,2.5,2017-07-21,21,7,2017,2278861,2278861,HUMAN_OBSERVATION,Instituto de Investigaciones Marinas y Costeras “José Benito Vives de Andréis” (Invemar),NA,NA,NA,NA,NA,CC_BY_4_0,NA,Juan David González Corredor,NA,NA,2025-08-02T11:49:05Z,NA,COORDINATE_ROUNDED
2993588654,f13e2caf-5093-4f9a-9de6-e38775b5a737,INVEMAR:SIMAC:InvVag:CTI-1:2004:S2:001232,Animalia,Echinodermata,Echinoidea,Camarodonta,Echinometridae,Echinometra,Echinometra lucunter,NA,SPECIES,"Echinometra lucunter (Linnaeus, 1758)",Echinometra lucunter,"(Linnaeus, 1758)",CO,"Ensenada Sapzurro, Cabo Tiburón S Estación CTI 1",Chocó,PRESENT,NA,f072f648-b8a4-47a0-9e1c-89d790645b5a,8.670417,-77.358667,NA,NA,NA,NA,2.5,0.5,2004-06-07,7,6,2004,2278861,2278861,HUMAN_OBSERVATION,Instituto de Investigaciones Marinas y Costeras “José Benito Vives de Andréis” (Invemar),NA,NA,NA,NA,NA,CC_BY_4_0,NA,Sonia Bejarano;Martha Alejandra Ortiz Del Rio,NA,NA,2025-08-02T11:49:05Z,NA,COORDINATE_ROUNDED
2993588600,f13e2caf-5093-4f9a-9de6-e38775b5a737,INVEMAR:SIMAC:InvVag:WLF-1:2011:S5:002690,Animalia,Echinodermata,Echinoidea,Camarodonta,Echinometridae,Echinometra,Echinometra lucunter,NA,SPECIES,"Echinometra lucunter (Linnaeus, 1758)",Echinometra lucunter,"(Linnaeus, 1758)",CO,"Reserva de Biosfera Sea Flower, Wild Life Estación WLF 1","Archipiélago de San Andrés, Providencia y Santa Catalina",PRESENT,NA,f072f648-b8a4-47a0-9e1c-89d790645b5a,12.513133,-81.731233,NA,NA,NA,NA,10.5,7.5,2011-09-01,1,9,2011,2278861,2278861,HUMAN_OBSERVATION,Instituto de Investigaciones Marinas y Costeras “José Benito Vives de Andréis” (Invemar),NA,NA,NA,NA,NA,CC_BY_4_0,NA,Luis Alfonso Gómez;Tomás López Londoño,NA,NA,2025-08-02T11:49:05Z,NA,COORDINATE_ROUNDED;CONTINENT_COORDINATE_MISMATCH
2993588591,f13e2caf-5093-4f9a-9de6-e38775b5a737,INVEMAR:SIMAC:InvVag:CAP-1:2012:S1:002901,Animalia,Echinodermata,Echinoidea,Camarodonta,Echinometridae,Echinometra,Echinometra lucunter,NA,SPECIES,"Echinometra lucunter (Linnaeus, 1758)",Echinometra lucunter,"(Linnaeus, 1758)",CO,Ensenada Capurganá Estación CAP 1,Chocó,PRESENT,NA,f072f648-b8a4-47a0-9e1c-89d790645b5a,8.639,-77.344667,NA,NA,NA,NA,2.5,0.5,2012-11-21,21,11,2012,2278861,2278861,HUMAN_OBSERVATION,Instituto de Investigaciones Marinas y Costeras “José Benito Vives de Andréis” (Invemar),NA,NA,NA,NA,NA,CC_BY_4_0,NA,Kelly Gómez Campo;Raul Navas Camacho,NA,NA,2025-08-02T11:49:05Z,NA,COORDINATE_ROUNDED
2993588547,f13e2caf-5093-4f9a-9de6-e38775b5a737,INVEMAR:SIMAC:InvVag:CHE-2:2009:S3:002369,Animalia,Echinodermata,Echinoidea,Camarodonta,Echinometridae,Echinometra,Echinometra lucunter,NA,SPECIES,"Echinometra lucunter (Linnaeus, 1758)",Echinometra lucunter,"(Linnaeus, 1758)",CO,"Parque Nacional Natural Tayrona, Bahía Chengue C2 Estación CHE 2",Magdalena,PRESENT,NA,f072f648-b8a4-47a0-9e1c-89d790645b5a,11.329861,-74.128611,NA,NA,NA,NA,10,7,2009-11-04,4,11,2009,2278861,2278861,HUMAN_OBSERVATION,Instituto de Investigaciones Marinas y Costeras “José Benito Vives de Andréis” (Invemar),NA,NA,NA,NA,NA,CC_BY_4_0,NA,Angelica Batista;Raul Navas Camacho,NA,NA,2025-08-02T11:49:05Z,NA,COORDINATE_ROUNDED
2993588522,f13e2caf-5093-4f9a-9de6-e38775b5a737,INVEMAR:SIMAC:InvVag:CTI-2:2006:M3:001640,Animalia,Echinodermata,Echinoidea,Camarodonta,Echinometridae,Echinometra,Echinometra lucunter,NA,SPECIES,"Echinometra lucunter (Linnaeus, 1758)",Echinometra lucunter,"(Linnaeus, 1758)",CO,"Ensenada Sapzurro, Cabo Tiburón M Estación CTI 2",Chocó,PRESENT,NA,f072f648-b8a4-47a0-9e1c-89d790645b5a,8.672167,-77.356667,NA,NA,NA,NA,10.5,1.5,2006-07-27,27,7,2006,2278861,2278861,HUMAN_OBSERVATION,Instituto de Investigaciones Marinas y Costeras “José Benito Vives de Andréis” (Invemar),NA,NA,NA,NA,NA,CC_BY_4_0,NA,Katherine Bernal,NA,NA,2025-08-02T11:49:05Z,NA,COORDINATE_ROUNDED
2993588513,f13e2caf-5093-4f9a-9de6-e38775b5a737,INVEMAR:SIMAC:InvVag:CEY-2:2008:M2:002144,Animalia,Echinodermata,Echinoidea,Camarodonta,Echinometridae,Echinometra,Echinometra lucunter,NA,SPECIES,"Echinometra lucunter (Linnaeus, 1758)",Echinometra lucunter,"(Linnaeus, 1758)",CO,"Parque Nacional Natural Corales del Rosario y San Bernardo, Isla Ceycen Estación CEY 2",Bolívar,PRESENT,NA,f072f648-b8a4-47a0-9e1c-89d790645b5a,9.705833,-75.865833,NA,NA,NA,NA,10.5,1.5,2008-10-02,2,10,2008,2278861,2278861,HUMAN_OBSERVATION,Instituto de Investigaciones Marinas y Costeras “José Benito Vives de Andréis” (Invemar),NA,NA,NA,NA,NA,CC_BY_4_0,NA,Catalina Casas;Tomás López Londoño,NA,NA,2025-08-02T11:49:05Z,NA,COORDINATE_ROUNDED
2993588477,f13e2caf-5093-4f9a-9de6-e38775b5a737,INVEMAR:SIMAC:InvVag:TES-1:2009:M5:002310,Animalia,Echinodermata,Echinoidea,Camarodonta,Echinometridae,Echinometra,Echinometra lucunter,NA,SPECIES,"Echinometra lucunter (Linnaeus, 1758)",Echinometra lucunter,"(Linnaeus, 1758)",CO,"Parque Nacional Natural Corales del Rosario y San Bernardo, El Tesoro Estación TES 1",Bolívar,PRESENT,NA,f072f648-b8a4-47a0-9e1c-89d790645b5a,10.234194,-75.746444,NA,NA,NA,NA,12,7,2009-05-22,22,5,2009,2278861,2278861,HUMAN_OBSERVATION,Instituto de Investigaciones Marinas y Costeras “José Benito Vives de Andréis” (Invemar),NA,NA,NA,NA,NA,CC_BY_4_0,NA,Gloria Castro;Raul Navas Camacho,NA,NA,2025-08-02T11:49:05Z,NA,COORDINATE_ROUNDED
2993588476,f13e2caf-5093-4f9a-9de6-e38775b5a737,INVEMAR:SIMAC:InvVag:CHE-1:2009:S3:002355,Animalia,Echinodermata,Echinoidea,Camarodonta,Echinometridae,Echinometra,Echinometra lucunter,NA,SPECIES,"Echinometra lucunter (Linnaeus, 1758)",Echinometra lucunter,"(Linnaeus, 1758)",CO,"Parque Nacional Natural Tayrona, Bahía Chengue C1 Estación CHE 1",Magdalena,PRESENT,NA,f072f648-b8a4-47a0-9e1c-89d790645b5a,11.325611,-74.128361,NA,NA,NA,NA,9.5,6.5,2009-11-04,4,11,2009,2278861,2278861,HUMAN_OBSERVATION,Instituto de Investigaciones Marinas y Costeras “José Benito Vives de Andréis” (Invemar),NA,NA,NA,NA,NA,CC_BY_4_0,NA,Angelica Batista;Raul Navas Camacho,NA,NA,2025-08-02T11:49:05Z,NA,COORDINATE_ROUNDED
2993588468,f13e2caf-5093-4f9a-9de6-e38775b5a737,INVEMAR:SIMAC:InvVag:COC-1:2011:M3:002590,Animalia,Echinodermata,Echinoidea,Camarodonta,Echinometridae,Echinometra,Echinometra lucunter,NA,SPECIES,"Echinometra lucunter (Linnaeus, 1758)",Echinometra lucunter,"(Linnaeus, 1758)",CO,"Parque Nacional Natural Corales del Rosario y San Bernardo, La Coca Estación COC 1",Bolívar,PRESENT,NA,f072f648-b8a4-47a0-9e1c-89d790645b5a,10.170889,-75.788861,NA,NA,NA,NA,8.5,3.5,2011-05-11,11,5,2011,2278861,2278861,HUMAN_OBSERVATION,Instituto de Investigaciones Marinas y Costeras “José Benito Vives de Andréis” (Invemar),NA,NA,NA,NA,NA,CC_BY_4_0,NA,Raul Navas Camacho;Tomás López Londoño,NA,NA,2025-08-02T11:49:05Z,NA,COORDINATE_ROUNDED
2993588444,f13e2caf-5093-4f9a-9de6-e38775b5a737,INVEMAR:SIMAC:InvVag:LIT-1:2007:S5:001962,Animalia,Echinodermata,Echinoidea,Camarodonta,Echinometridae,Echinometra,Echinometra lucunter,NA,SPECIES,"Echinometra lucunter (Linnaeus, 1758)",Echinometra lucunter,"(Linnaeus, 1758)",CO,"Reserva de Biosfera Sea Flower, little Reef Estación LIT 1","Archipiélago de San Andrés, Providencia y Santa Catalina",PRESENT,NA,f072f648-b8a4-47a0-9e1c-89d790645b5a,12.584717,-81.686283,NA,NA,NA,NA,4.5,1.5,2007-07-18,18,7,2007,2278861,2278861,HUMAN_OBSERVATION,Instituto de Investigaciones Marinas y Costeras “José Benito Vives de Andréis” (Invemar),NA,NA,NA,NA,NA,CC_BY_4_0,NA,Alfredo Abril;Raul Navas Camacho,NA,NA,2025-08-02T11:49:05Z,NA,COORDINATE_ROUNDED;CONTINENT_COORDINATE_MISMATCH
2993588277,f13e2caf-5093-4f9a-9de6-e38775b5a737,INVEMAR:SIMAC:InvVag:ACU-2:2017:S5:003311,Animalia,Echinodermata,Echinoidea,Camarodonta,Echinometridae,Echinometra,Echinometra lucunter,NA,SPECIES,"Echinometra lucunter (Linnaeus, 1758)",Echinometra lucunter,"(Linnaeus, 1758)",CO,"Reserva de Biosfera Sea Flower, Acuario Estación ACU 2","Archipiélago de San Andrés, Providencia y Santa Catalina",PRESENT,NA,f072f648-b8a4-47a0-9e1c-89d790645b5a,12.548917,-81.69695,NA,NA,NA,NA,4.5,1.5,2017-09-02,2,9,2017,2278861,2278861,HUMAN_OBSERVATION,Instituto de Investigaciones Marinas y Costeras “José Benito Vives de Andréis” (Invemar),NA,NA,NA,NA,NA,CC_BY_4_0,NA,Laura Sanchez Valencia,NA,NA,2025-08-02T11:49:05Z,NA,COORDINATE_ROUNDED;CONTINENT_COORDINATE_MISMATCH
2993588262,f13e2caf-5093-4f9a-9de6-e38775b5a737,INVEMAR:SIMAC:InvVag:CEY-1:2002:S2:000370,Animalia,Echinodermata,Echinoidea,Camarodonta,Echinometridae,Echinometra,Echinometra lucunter,NA,SPECIES,"Echinometra lucunter (Linnaeus, 1758)",Echinometra lucunter,"(Linnaeus, 1758)",CO,"Parque Nacional Natural Corales del Rosario y San Bernardo, Ceycen Estación CEY 1",Bolívar,PRESENT,NA,f072f648-b8a4-47a0-9e1c-89d790645b5a,9.705528,-75.866139,NA,NA,NA,NA,4.5,1.5,2002-05-03,3,5,2002,2278861,2278861,HUMAN_OBSERVATION,Instituto de Investigaciones Marinas y Costeras “José Benito Vives de Andréis” (Invemar),NA,NA,NA,NA,NA,CC_BY_4_0,NA,Sonia Bejarano;Nelson Manrique,NA,NA,2025-08-02T11:49:05Z,NA,COORDINATE_ROUNDED
2993588203,f13e2caf-5093-4f9a-9de6-e38775b5a737,INVEMAR:SIMAC:InvVag:BAR-1:2006:S2:001758,Animalia,Echinodermata,Echinoidea,Camarodonta,Echinometridae,Echinometra,Echinometra lucunter,NA,SPECIES,"Echinometra lucunter (Linnaeus, 1758)",Echinometra lucunter,"(Linnaeus, 1758)",CO,"Reserva de Biosfera Sea Flower, The Bar Estación BAR 1","Archipiélago de San Andrés, Providencia y Santa Catalina",PRESENT,NA,f072f648-b8a4-47a0-9e1c-89d790645b5a,13.367233,-81.396967,NA,NA,NA,NA,10.5,1.5,2006-09-29,29,9,2006,2278861,2278861,HUMAN_OBSERVATION,Instituto de Investigaciones Marinas y Costeras “José Benito Vives de Andréis” (Invemar),NA,NA,NA,NA,NA,CC_BY_4_0,NA,Nicasio Howard;Katherine Bernal,NA,NA,2025-08-02T11:49:05Z,NA,COORDINATE_ROUNDED;CONTINENT_COORDINATE_MISMATCH
2993588192,f13e2caf-5093-4f9a-9de6-e38775b5a737,INVEMAR:SIMAC:InvVag:AGU-1:2002:S3:000449,Animalia,Echinodermata,Echinoidea,Camarodonta,Echinometridae,Echinometra,Echinometra lucunter,NA,SPECIES,"Echinometra lucunter (Linnaeus, 1758)",Echinometra lucunter,"(Linnaeus, 1758)",CO,"Ensenada Capurganá, Punta del Aguacate, al fondo de la ensenada, Aguacate S Estación AGU 1",Chocó,PRESENT,NA,f072f648-b8a4-47a0-9e1c-89d790645b5a,8.616722,-77.326861,NA,NA,NA,NA,4.5,1.5,2002-07-02,2,7,2002,2278861,2278861,HUMAN_OBSERVATION,Instituto de Investigaciones Marinas y Costeras “José Benito Vives de Andréis” (Invemar),NA,NA,NA,NA,NA,CC_BY_4_0,NA,Jaime Garzón Ferreira;Nelson Manrique,NA,NA,2025-08-02T11:49:05Z,NA,COORDINATE_ROUNDED
2993587940,f13e2caf-5093-4f9a-9de6-e38775b5a737,INVEMAR:SIMAC:InvVag:IFU-2:2009:S3:002237,Animalia,Echinodermata,Echinoidea,Camarodonta,Echinometridae,Echinometra,Echinometra lucunter,NA,SPECIES,"Echinometra lucunter (Linnaeus, 1758)",Echinometra lucunter,"(Linnaeus, 1758)",CO,"Isla Fuerte, Los Boyones Estación IFU 2",Bolívar,PRESENT,NA,f072f648-b8a4-47a0-9e1c-89d790645b5a,9.371444,-76.202278,NA,NA,NA,NA,8,1,2009-03-19,19,3,2009,2278861,2278861,HUMAN_OBSERVATION,Instituto de Investigaciones Marinas y Costeras “José Benito Vives de Andréis” (Invemar),NA,NA,NA,NA,NA,CC_BY_4_0,NA,Johanna Carolina Vega Sequeda,NA,NA,2025-08-02T11:49:05Z,NA,COORDINATE_ROUNDED
2993587934,f13e2caf-5093-4f9a-9de6-e38775b5a737,INVEMAR:SIMAC:InvVag:MAZ-2:2007:M3:001889,Animalia,Echinodermata,Echinoidea,Camarodonta,Echinometridae,Echinometra,Echinometra lucunter,NA,SPECIES,"Echinometra lucunter (Linnaeus, 1758)",Echinometra lucunter,"(Linnaeus, 1758)",CO,"Reserva de Biosfera Sea Flower, Manzanillo Estación 2","Archipiélago de San Andrés, Providencia y Santa Catalina",PRESENT,NA,f072f648-b8a4-47a0-9e1c-89d790645b5a,13.313639,-81.375278,NA,NA,NA,NA,10,0,2007-07-08,8,7,2007,2278861,2278861,HUMAN_OBSERVATION,Instituto de Investigaciones Marinas y Costeras “José Benito Vives de Andréis” (Invemar),NA,NA,NA,NA,NA,CC_BY_4_0,NA,Raul Navas Camacho,NA,NA,2025-08-02T11:49:05Z,NA,COORDINATE_ROUNDED;CONTINENT_COORDINATE_MISMATCH
2993587845,f13e2caf-5093-4f9a-9de6-e38775b5a737,INVEMAR:SIMAC:InvVag:IFU-1:2009:M3:002252,Animalia,Echinodermata,Echinoidea,Camarodonta,Echinometridae,Echinometra,Echinometra lucunter,NA,SPECIES,"Echinometra lucunter (Linnaeus, 1758)",Echinometra lucunter,"(Linnaeus, 1758)",CO,"Isla Fuerte, Fondo Loco Estación IFU 1",Bolívar,PRESENT,NA,f072f648-b8a4-47a0-9e1c-89d790645b5a,9.380111,-76.207639,NA,NA,NA,NA,11,1,2009-03-20,20,3,2009,2278861,2278861,HUMAN_OBSERVATION,Instituto de Investigaciones Marinas y Costeras “José Benito Vives de Andréis” (Invemar),NA,NA,NA,NA,NA,CC_BY_4_0,NA,Johanna Carolina Vega Sequeda,NA,NA,2025-08-02T11:49:05Z,NA,COORDINATE_ROUNDED
2993587713,f13e2caf-5093-4f9a-9de6-e38775b5a737,INVEMAR:SIMAC:InvVag:GAY-2:2003:M5:001078,Animalia,Echinodermata,Echinoidea,Camarodonta,Echinometridae,Echinometra,Echinometra lucunter,NA,SPECIES,"Echinometra lucunter (Linnaeus, 1758)",Echinometra lucunter,"(Linnaeus, 1758)",CO,"Parque Nacional Natural Tayrona, Bahía Granate Estación GRA 2",Magdalena,PRESENT,NA,f072f648-b8a4-47a0-9e1c-89d790645b5a,11.331361,-74.116944,NA,NA,NA,NA,13.5,1.5,2003-10-29,29,10,2003,2278861,2278861,HUMAN_OBSERVATION,Instituto de Investigaciones Marinas y Costeras “José Benito Vives de Andréis” (Invemar),NA,NA,NA,NA,NA,CC_BY_4_0,NA,Isabel Cristina Chacón Gómez,NA,NA,2025-08-02T11:49:05Z,NA,COORDINATE_ROUNDED
2993587676,f13e2caf-5093-4f9a-9de6-e38775b5a737,INVEMAR:SIMAC:InvVag:MIN-1:2008:S3:002107,Animalia,Echinodermata,Echinoidea,Camarodonta,Echinometridae,Echinometra,Echinometra lucunter,NA,SPECIES,"Echinometra lucunter (Linnaeus, 1758)",Echinometra lucunter,"(Linnaeus, 1758)",CO,"Parque Nacional Natural Corales del Rosario y San Bernardo, Noroeste Isla Mucura Minalta Estación MIN 1",Bolívar,PRESENT,NA,f072f648-b8a4-47a0-9e1c-89d790645b5a,9.790583,-75.923389,NA,NA,NA,NA,6.5,0.5,2008-09-30,30,9,2008,2278861,2278861,HUMAN_OBSERVATION,Instituto de Investigaciones Marinas y Costeras “José Benito Vives de Andréis” (Invemar),NA,NA,NA,NA,NA,CC_BY_4_0,NA,Catalina Casas;Laura Muñoz Escobar,NA,NA,2025-08-02T11:49:05Z,NA,COORDINATE_ROUNDED
2993587609,f13e2caf-5093-4f9a-9de6-e38775b5a737,INVEMAR:SIMAC:InvVag:CAN-2:2006:M5:001733,Animalia,Echinodermata,Echinoidea,Camarodonta,Echinometridae,Echinometra,Echinometra lucunter,NA,SPECIES,"Echinometra lucunter (Linnaeus, 1758)",Echinometra lucunter,"(Linnaeus, 1758)",CO,"Reserva de Biosfera Sea Flower, El Canal Estación CAN 2","Archipiélago de San Andrés, Providencia y Santa Catalina",PRESENT,NA,f072f648-b8a4-47a0-9e1c-89d790645b5a,13.398717,-81.397067,NA,NA,NA,NA,15,3,2006-09-27,27,9,2006,2278861,2278861,HUMAN_OBSERVATION,Instituto de Investigaciones Marinas y Costeras “José Benito Vives de Andréis” (Invemar),NA,NA,NA,NA,NA,CC_BY_4_0,NA,Nicasio Howard;Katherine Bernal,NA,NA,2025-08-02T11:49:05Z,NA,COORDINATE_ROUNDED;CONTINENT_COORDINATE_MISMATCH
2993587252,f13e2caf-5093-4f9a-9de6-e38775b5a737,INVEMAR:SIMAC:InvVag:ACU-1:2017:S3:003302,Animalia,Echinodermata,Echinoidea,Camarodonta,Echinometridae,Echinometra,Echinometra lucunter,NA,SPECIES,"Echinometra lucunter (Linnaeus, 1758)",Echinometra lucunter,"(Linnaeus, 1758)",CO,"Reserva de Biosfera Sea Flower, Acuario Estación ACU 1","Archipiélago de San Andrés, Providencia y Santa Catalina",PRESENT,NA,f072f648-b8a4-47a0-9e1c-89d790645b5a,12.555183,-81.695617,NA,NA,NA,NA,4.5,1.5,2017-09-02,2,9,2017,2278861,2278861,HUMAN_OBSERVATION,Instituto de Investigaciones Marinas y Costeras “José Benito Vives de Andréis” (Invemar),NA,NA,NA,NA,NA,CC_BY_4_0,NA,Laura Sanchez Valencia,NA,NA,2025-08-02T11:49:04Z,NA,COORDINATE_ROUNDED;CONTINENT_COORDINATE_MISMATCH
2993587193,f13e2caf-5093-4f9a-9de6-e38775b5a737,INVEMAR:SIMAC:InvVag:EMI-2:2017:M4:003286,Animalia,Echinodermata,Echinoidea,Camarodonta,Echinometridae,Echinometra,Echinometra lucunter,NA,SPECIES,"Echinometra lucunter (Linnaeus, 1758)",Echinometra lucunter,"(Linnaeus, 1758)",CO,"Reserva de Biosfera Sea Flower, Emisario Estación EMI 2","Archipiélago de San Andrés, Providencia y Santa Catalina",PRESENT,NA,f072f648-b8a4-47a0-9e1c-89d790645b5a,12.5687,-81.7258,NA,NA,NA,NA,10.5,1.5,2017-09-01,1,9,2017,2278861,2278861,HUMAN_OBSERVATION,Instituto de Investigaciones Marinas y Costeras “José Benito Vives de Andréis” (Invemar),NA,NA,NA,NA,NA,CC_BY_4_0,NA,Laura Sanchez Valencia,NA,NA,2025-08-02T11:49:04Z,NA,CONTINENT_COORDINATE_MISMATCH
2993586917,f13e2caf-5093-4f9a-9de6-e38775b5a737,INVEMAR:SIMAC:InvVag:SFE-1:2007:S3:001872,Animalia,Echinodermata,Echinoidea,Camarodonta,Echinometridae,Echinometra,Echinometra lucunter,NA,SPECIES,"Echinometra lucunter (Linnaeus, 1758)",Echinometra lucunter,"(Linnaeus, 1758)",CO,"Reserva de Biosfera Sea Flower, San Felipe Estación SFE 1","Archipiélago de San Andrés, Providencia y Santa Catalina",PRESENT,NA,f072f648-b8a4-47a0-9e1c-89d790645b5a,13.362367,-81.414278,NA,NA,NA,NA,4.5,1.5,2007-07-06,6,7,2007,2278861,2278861,HUMAN_OBSERVATION,Instituto de Investigaciones Marinas y Costeras “José Benito Vives de Andréis” (Invemar),NA,NA,NA,NA,NA,CC_BY_4_0,NA,Raul Navas Camacho,NA,NA,2025-08-02T11:49:04Z,NA,COORDINATE_ROUNDED;CONTINENT_COORDINATE_MISMATCH
2993586561,f13e2caf-5093-4f9a-9de6-e38775b5a737,INVEMAR:SIMAC:InvVag:ZAP-1:2006:M1:001642,Animalia,Echinodermata,Echinoidea,Camarodonta,Echinometridae,Echinometra,Echinometra lucunter,NA,SPECIES,"Echinometra lucunter (Linnaeus, 1758)",Echinometra lucunter,"(Linnaeus, 1758)",CO,"Ensenada Sapzurro, fuera de la punta rocosa Sapzurro M Estación ZAP 1",Chocó,PRESENT,NA,f072f648-b8a4-47a0-9e1c-89d790645b5a,8.662139,-77.358722,NA,NA,NA,NA,10.5,1.5,2006-07-27,27,7,2006,2278861,2278861,HUMAN_OBSERVATION,Instituto de Investigaciones Marinas y Costeras “José Benito Vives de Andréis” (Invemar),NA,NA,NA,NA,NA,CC_BY_4_0,NA,Katherine Bernal,NA,NA,2025-08-02T11:49:04Z,NA,COORDINATE_ROUNDED
2993586389,f13e2caf-5093-4f9a-9de6-e38775b5a737,INVEMAR:SIMAC:InvVag:VAR-1:2018:S4:003369,Animalia,Echinodermata,Echinoidea,Camarodonta,Echinometridae,Echinometra,Echinometra lucunter,NA,SPECIES,"Echinometra lucunter (Linnaeus, 1758)",Echinometra lucunter,"(Linnaeus, 1758)",CO,"Parque Nacional Natural Corales del Rosario y San Bernardo, Cartagena, Varadero Estación VAR 1",Bolívar,PRESENT,NA,f072f648-b8a4-47a0-9e1c-89d790645b5a,10.308042,-75.585069,NA,NA,NA,NA,4.25,1.75,2018-04-28,28,4,2018,2278861,2278861,HUMAN_OBSERVATION,Instituto de Investigaciones Marinas y Costeras “José Benito Vives de Andréis” (Invemar),NA,NA,NA,NA,NA,CC_BY_4_0,NA,Laura Sanchez Valencia,NA,NA,2025-08-02T11:49:04Z,NA,NA
2993585991,f13e2caf-5093-4f9a-9de6-e38775b5a737,INVEMAR:SIMAC:InvVag:CAN-1:2001:S1:000167,Animalia,Echinodermata,Echinoidea,Camarodonta,Echinometridae,Echinometra,Echinometra lucunter,NA,SPECIES,"Echinometra lucunter (Linnaeus, 1758)",Echinometra lucunter,"(Linnaeus, 1758)",CO,"Reserva de Biosfera Sea Flower, El Canal Estación CAN 1","Archipiélago de San Andrés, Providencia y Santa Catalina",PRESENT,NA,f072f648-b8a4-47a0-9e1c-89d790645b5a,13.388767,-81.390633,NA,NA,NA,NA,10.5,1.5,2001-10-22,22,10,2001,2278861,2278861,HUMAN_OBSERVATION,Instituto de Investigaciones Marinas y Costeras “José Benito Vives de Andréis” (Invemar),NA,NA,NA,NA,NA,CC_BY_4_0,NA,Valeria Pizarro;Sonia Bejarano,NA,NA,2025-08-02T11:49:04Z,NA,COORDINATE_ROUNDED;CONTINENT_COORDINATE_MISMATCH
2993585845,f13e2caf-5093-4f9a-9de6-e38775b5a737,INVEMAR:SIMAC:InvVag:SFE-2:2006:M1:001747,Animalia,Echinodermata,Echinoidea,Camarodonta,Echinometridae,Echinometra,Echinometra lucunter,NA,SPECIES,"Echinometra lucunter (Linnaeus, 1758)",Echinometra lucunter,"(Linnaeus, 1758)",CO,"Reserva de Biosfera Sea Flower, San Felipe Estación SFE 2","Archipiélago de San Andrés, Providencia y Santa Catalina",PRESENT,NA,f072f648-b8a4-47a0-9e1c-89d790645b5a,13.365517,-81.414394,NA,NA,NA,NA,11.5,0.5,2006-09-28,28,9,2006,2278861,2278861,HUMAN_OBSERVATION,Instituto de Investigaciones Marinas y Costeras “José Benito Vives de Andréis” (Invemar),NA,NA,NA,NA,NA,CC_BY_4_0,NA,Nicasio Howard;Katherine Bernal,NA,NA,2025-08-02T11:49:04Z,NA,COORDINATE_ROUNDED;CONTINENT_COORDINATE_MISMATCH
2993585432,f13e2caf-5093-4f9a-9de6-e38775b5a737,INVEMAR:SIMAC:InvVag:CAP-2:2002:M2:000439,Animalia,Echinodermata,Echinoidea,Camarodonta,Echinometridae,Echinometra,Echinometra lucunter,NA,SPECIES,"Echinometra lucunter (Linnaeus, 1758)",Echinometra lucunter,"(Linnaeus, 1758)",CO,Ensenada Capurganá Estación CAP 2,Chocó,PRESENT,NA,f072f648-b8a4-47a0-9e1c-89d790645b5a,8.642056,-77.33625,NA,NA,NA,NA,10,2,2002-07-01,1,7,2002,2278861,2278861,HUMAN_OBSERVATION,Instituto de Investigaciones Marinas y Costeras “José Benito Vives de Andréis” (Invemar),NA,NA,NA,NA,NA,CC_BY_4_0,NA,Oscar Caucali;Nelson Manrique,NA,NA,2025-08-02T11:49:04Z,NA,COORDINATE_ROUNDED
2979609597,040c5662-da76-4782-a48e-cdea1892d14c,ABBAI2054-17,Animalia,Echinodermata,Echinoidea,Camarodonta,Echinometridae,Echinometra,Echinometra lucunter,NA,UNRANKED,BOLD:ABA2440,BOLD:ABA2440,NA,PA,NA,Bocas Del Toro,PRESENT,NA,b3bf3a83-1f68-4541-a03f-330d30d567f5,9.34,-82.26,NA,NA,NA,NA,15,0,2016-02-26,26,2,2016,10804266,2278861,MATERIAL_SAMPLE,No Voucher Tissue,NA,NA,NA,Rachel Collin,NA,CC_BY_4_0,NA,Rachel Collin and Michael J. Boyle,NA,NA,2025-07-20T08:42:08Z,StillImage,GEODETIC_DATUM_ASSUMED_WGS84;COORDINATE_PRECISION_INVALID;COUNTRY_DERIVED_FROM_COORDINATES;CONTINENT_DERIVED_FROM_COORDINATES;TAXON_CONCEPT_ID_NOT_FOUND;TAXON_ID_NOT_FOUND;INSTITUTION_MATCH_NONE
2979543417,040c5662-da76-4782-a48e-cdea1892d14c,ABBAI471-15,Animalia,Echinodermata,Echinoidea,Camarodonta,Echinometridae,Echinometra,Echinometra lucunter,NA,UNRANKED,BOLD:ABA2440,BOLD:ABA2440,NA,PA,in front of STRI point,Bocas Del Toro,PRESENT,NA,b3bf3a83-1f68-4541-a03f-330d30d567f5,9.34775,-82.267,NA,NA,NA,NA,15,0,2013-07-03,3,7,2013,10804266,2278861,MATERIAL_SAMPLE,No Voucher Tissue,NA,NA,NA,Rachel Collin,NA,CC_BY_4_0,NA,Eduardo Zattara/Gaston Alurralde,NA,NA,2025-07-20T08:40:19Z,StillImage,GEODETIC_DATUM_ASSUMED_WGS84;COUNTRY_DERIVED_FROM_COORDINATES;CONTINENT_DERIVED_FROM_COORDINATES;TAXON_CONCEPT_ID_NOT_FOUND;TAXON_ID_NOT_FOUND;INSTITUTION_MATCH_NONE
2636193850,55a6d292-5141-40d3-89b1-d13959a1c998,CE_0238,Animalia,Echinodermata,Echinoidea,Camarodonta,Echinometridae,Echinometra,Echinometra lucunter,NA,SPECIES,"Echinometra lucunter (Linnaeus, 1758)",Echinometra lucunter,"(Linnaeus, 1758)",MX,Arrecife Triángulos Oeste,NA,PRESENT,1,1e9400fa-ce73-4737-9eaa-f25df148945c,20.960728,-92.307508,NA,NA,NA,NA,9,NA,2017-09-10,10,9,2017,2278861,2278861,PRESERVED_SPECIMEN,FCMM,COREPY-DGVS-CC-307-18,COREPY-0248,NA,Francisco Márquez Borrás,2018-02-26T00:00:00Z,CC_BY_NC_4_0,NA,Francisco Márquez Borrás,NA,NA,2025-07-31T12:15:32Z,NA,COORDINATE_ROUNDED;GEODETIC_DATUM_INVALID;GEODETIC_DATUM_ASSUMED_WGS84;CONTINENT_INVALID;CONTINENT_DERIVED_FROM_COORDINATES;COLLECTION_MATCH_NONE;INSTITUTION_MATCH_FUZZY
2630869075,e6dc2144-bccb-4ac0-95f8-935d32c6144b,fce5c61b7c4fe5323fd51ecbf2fdaa4e,Animalia,Echinodermata,Echinoidea,Camarodonta,Echinometridae,Echinometra,Echinometra lucunter,NA,SPECIES,"Echinometra lucunter (Linnaeus, 1758)",Echinometra lucunter,"(Linnaeus, 1758)",MX,"Enmedio Reef, Veracruz, Gulf of Mexico, Mexico",Veracruz de ignacio de la llave,PRESENT,1,ff90b050-c256-11db-b71b-b8a03c50a862,19.104444,-95.937222,80,NA,0,0,2,0,2005-03-01,1,3,2005,2278861,2278861,PRESERVED_SPECIMEN,ICML-UNAM,CNE,4.61.106,NA,E. V. Celaya-Hernández; M. A. Gordillo-Hernández,NA,CC_BY_4_0,Comisión Nacional para el Conocimiento y Uso de la Biodiversidad (CONABIO),J. S. Hernández-Álvarez; A. Granados-Barba,NotAType,NA,2025-07-05T01:57:53Z,NA,COORDINATE_ROUNDED;GEODETIC_DATUM_INVALID;GEODETIC_DATUM_ASSUMED_WGS84;CONTINENT_DERIVED_FROM_COORDINATES;SCIENTIFIC_NAME_ID_NOT_FOUND;TAXON_ID_NOT_FOUND;OCCURRENCE_STATUS_INFERRED_FROM_INDIVIDUAL_COUNT;INSTITUTION_MATCH_NONE
2630867679,e6dc2144-bccb-4ac0-95f8-935d32c6144b,6a0f82ffd152f5ad381ea9f8c24f5a3d,Animalia,Echinodermata,Echinoidea,Camarodonta,Echinometridae,Echinometra,Echinometra lucunter,NA,SPECIES,"Echinometra lucunter (Linnaeus, 1758)",Echinometra lucunter,"(Linnaeus, 1758)",MX,"Puerto Morelos, lado Sur de la zona arrecifal de Punta Brava, Quintana Roo, Mar Caribe, México",Quintana roo,PRESENT,1,ff90b050-c256-11db-b71b-b8a03c50a862,20.806111,-86.9125,70,NA,0,0,1,1,2000-03-07,7,3,2000,2278861,2278861,PRESERVED_SPECIMEN,ICML-UNAM,CNE,4.61.76,NA,S. Ariza-Mancio,NA,CC_BY_4_0,Comisión Nacional para el Conocimiento y Uso de la Biodiversidad (CONABIO),A. Laguarda-Figueras; A. Durán-González; J. Torres-Vega; E. Mata-Pérez; S. Frontana-Uribe; A. Rojas-Santoyo; A. Frontana-Uribe; B. S. Gómez-Carriedo; A. Medina-Cárcamo,NotAType,NA,2025-07-05T01:57:53Z,NA,COORDINATE_ROUNDED;GEODETIC_DATUM_INVALID;GEODETIC_DATUM_ASSUMED_WGS84;CONTINENT_DERIVED_FROM_COORDINATES;SCIENTIFIC_NAME_ID_NOT_FOUND;TAXON_ID_NOT_FOUND;DEPTH_MIN_MAX_SWAPPED;OCCURRENCE_STATUS_INFERRED_FROM_INDIVIDUAL_COUNT;INSTITUTION_MATCH_NONE
2630867548,e6dc2144-bccb-4ac0-95f8-935d32c6144b,cc30e4d38e4de9dc51ec07597e2cb74a,Animalia,Echinodermata,Echinoidea,Camarodonta,Echinometridae,Echinometra,Echinometra lucunter,NA,SPECIES,"Echinometra lucunter (Linnaeus, 1758)",Echinometra lucunter,"(Linnaeus, 1758)",MX,"Arrecife Hornos, Veracruz, Veracruz, Golfo de México",Veracruz de ignacio de la llave,PRESENT,1,ff90b050-c256-11db-b71b-b8a03c50a862,19.194897,-96.123972,80,NA,0,0,2,0,2005-02-03,3,2,2005,2278861,2278861,PRESERVED_SPECIMEN,ICML-UNAM,CNE,4.61.105,NA,E. V. Celaya-Hernández; M. A. Gordillo-Hernández,NA,CC_BY_4_0,Comisión Nacional para el Conocimiento y Uso de la Biodiversidad (CONABIO),J. S. Hernández-Álvarez; A. Granados-Barba,NotAType,NA,2025-07-05T01:57:53Z,NA,COORDINATE_ROUNDED;GEODETIC_DATUM_INVALID;GEODETIC_DATUM_ASSUMED_WGS84;CONTINENT_DERIVED_FROM_COORDINATES;SCIENTIFIC_NAME_ID_NOT_FOUND;TAXON_ID_NOT_FOUND;OCCURRENCE_STATUS_INFERRED_FROM_INDIVIDUAL_COUNT;INSTITUTION_MATCH_NONE
2630866963,e6dc2144-bccb-4ac0-95f8-935d32c6144b,3fe2868fbd8d6ce83558b0f788afea72,Animalia,Echinodermata,Echinoidea,Camarodonta,Echinometridae,Echinometra,Echinometra lucunter,NA,SPECIES,"Echinometra lucunter (Linnaeus, 1758)",Echinometra lucunter,"(Linnaeus, 1758)",MX,"Enmedio Reef, Veracruz, Gulf of Mexico, Mexico",Veracruz de ignacio de la llave,PRESENT,1,ff90b050-c256-11db-b71b-b8a03c50a862,19.114444,-95.935833,80,NA,0,0,3,0,2005-04-09,9,4,2005,2278861,2278861,PRESERVED_SPECIMEN,ICML-UNAM,CNE,4.61.104,NA,E. V. Celaya-Hernández; M. A. Gordillo-Hernández,NA,CC_BY_4_0,Comisión Nacional para el Conocimiento y Uso de la Biodiversidad (CONABIO),F. A. Solís-Marín; B. Salguero-Silva; E. I. Guzmán; G. Santamaría-López; M. A. Gordillo-Hernández,NotAType,NA,2025-07-05T01:57:52Z,NA,COORDINATE_ROUNDED;GEODETIC_DATUM_INVALID;GEODETIC_DATUM_ASSUMED_WGS84;CONTINENT_DERIVED_FROM_COORDINATES;SCIENTIFIC_NAME_ID_NOT_FOUND;TAXON_ID_NOT_FOUND;OCCURRENCE_STATUS_INFERRED_FROM_INDIVIDUAL_COUNT;INSTITUTION_MATCH_NONE
2630866353,e6dc2144-bccb-4ac0-95f8-935d32c6144b,3313e50b2c2101a7b8159b809cad4d84,Animalia,Echinodermata,Echinoidea,Camarodonta,Echinometridae,Echinometra,Echinometra lucunter,NA,SPECIES,"Echinometra lucunter (Linnaeus, 1758)",Echinometra lucunter,"(Linnaeus, 1758)",MX,"Arrecife Hornos, Veracruz, Veracruz, Golfo de México",Veracruz de ignacio de la llave,PRESENT,3,ff90b050-c256-11db-b71b-b8a03c50a862,19.195481,-96.126344,80,NA,0,0,1,0,2004-06-05,5,6,2004,2278861,2278861,PRESERVED_SPECIMEN,ICML-UNAM,CNE,4.61.107,NA,Domínguez,NA,CC_BY_4_0,Comisión Nacional para el Conocimiento y Uso de la Biodiversidad (CONABIO),R. Rojas,NotAType,NA,2025-07-05T01:57:50Z,NA,COORDINATE_ROUNDED;GEODETIC_DATUM_INVALID;GEODETIC_DATUM_ASSUMED_WGS84;CONTINENT_DERIVED_FROM_COORDINATES;SCIENTIFIC_NAME_ID_NOT_FOUND;TAXON_ID_NOT_FOUND;OCCURRENCE_STATUS_INFERRED_FROM_INDIVIDUAL_COUNT;INSTITUTION_MATCH_NONE
2630865519,e6dc2144-bccb-4ac0-95f8-935d32c6144b,71f2ecead500dedb6714708208f6cd14,Animalia,Echinodermata,Echinoidea,Camarodonta,Echinometridae,Echinometra,Echinometra lucunter,NA,SPECIES,"Echinometra lucunter (Linnaeus, 1758)",Echinometra lucunter,"(Linnaeus, 1758)",MX,"1200 metros al Sur de Muelle de Cubos, Puerto Morelos, Quintana Roo, Mar Caribe, México",Quintana roo,PRESENT,38,ff90b050-c256-11db-b71b-b8a03c50a862,20.823056,-86.830555,70,NA,0,0,2,2,2000-03-10,10,3,2000,2278861,2278861,PRESERVED_SPECIMEN,ICML-UNAM,CNE,4.61.85,NA,S. Ariza-Mancio,NA,CC_BY_4_0,Comisión Nacional para el Conocimiento y Uso de la Biodiversidad (CONABIO),A. Laguarda-Figueras; A. Durán-González; J. Torres-Vega; E. Mata-Pérez; S. Frontana-Uribe; A. Rojas-Santoyo; A. Frontana-Uribe; B. S. Gómez-Carriedo; A. Medina-Cárcamo,NotAType,NA,2025-07-05T01:57:50Z,NA,COORDINATE_ROUNDED;GEODETIC_DATUM_INVALID;GEODETIC_DATUM_ASSUMED_WGS84;CONTINENT_DERIVED_FROM_COORDINATES;SCIENTIFIC_NAME_ID_NOT_FOUND;TAXON_ID_NOT_FOUND;DEPTH_MIN_MAX_SWAPPED;OCCURRENCE_STATUS_INFERRED_FROM_INDIVIDUAL_COUNT;INSTITUTION_MATCH_NONE
2630864229,e6dc2144-bccb-4ac0-95f8-935d32c6144b,bebbbe8ed61823760fc1c3f2a48e82cb,Animalia,Echinodermata,Echinoidea,Camarodonta,Echinometridae,Echinometra,Echinometra lucunter,NA,SPECIES,"Echinometra lucunter (Linnaeus, 1758)",Echinometra lucunter,"(Linnaeus, 1758)",MX,"Isla Verde, Veracruz, Veracruz, Golfo de México, México",Veracruz de ignacio de la llave,PRESENT,1,ff90b050-c256-11db-b71b-b8a03c50a862,19.201111,-96.068611,80,NA,0,0,1.2,0,2001-10-12,12,10,2001,2278861,2278861,PRESERVED_SPECIMEN,ICML-UNAM,CNE,4.61.91,NA,E. V. Celaya-Hernández,NA,CC_BY_4_0,Comisión Nacional para el Conocimiento y Uso de la Biodiversidad (CONABIO),E. V. Celaya-Hernández,NotAType,NA,2025-07-05T01:57:53Z,NA,COORDINATE_ROUNDED;GEODETIC_DATUM_INVALID;GEODETIC_DATUM_ASSUMED_WGS84;CONTINENT_DERIVED_FROM_COORDINATES;SCIENTIFIC_NAME_ID_NOT_FOUND;TAXON_ID_NOT_FOUND;OCCURRENCE_STATUS_INFERRED_FROM_INDIVIDUAL_COUNT;INSTITUTION_MATCH_NONE
2630862945,e6dc2144-bccb-4ac0-95f8-935d32c6144b,f6c46e7a3fdf760b55861bbcbdfff7ae,Animalia,Echinodermata,Echinoidea,Camarodonta,Echinometridae,Echinometra,Echinometra lucunter,NA,SPECIES,"Echinometra lucunter (Linnaeus, 1758)",Echinometra lucunter,"(Linnaeus, 1758)",MX,"Isla de Sacrificios, Veracruz, Veracruz, Golfo de México, México",Veracruz de ignacio de la llave,PRESENT,1,ff90b050-c256-11db-b71b-b8a03c50a862,19.18,-96.095278,80,NA,0,0,1,1,2004-06-07,7,6,2004,2278861,2278861,PRESERVED_SPECIMEN,ICML-UNAM,CNE,4.61.96,NA,E. V. Celaya-Hernández; M. A. Gordillo-Hernández,NA,CC_BY_4_0,Comisión Nacional para el Conocimiento y Uso de la Biodiversidad (CONABIO),A. Granados-Barba; J. A. Pérez-Nava,NotAType,NA,2025-07-05T01:57:48Z,NA,COORDINATE_ROUNDED;GEODETIC_DATUM_INVALID;GEODETIC_DATUM_ASSUMED_WGS84;CONTINENT_DERIVED_FROM_COORDINATES;SCIENTIFIC_NAME_ID_NOT_FOUND;TAXON_ID_NOT_FOUND;DEPTH_MIN_MAX_SWAPPED;OCCURRENCE_STATUS_INFERRED_FROM_INDIVIDUAL_COUNT;INSTITUTION_MATCH_NONE
2595552472,b3b7d5c4-f73a-475b-a203-c6a1ddd040cd,2017_Tres Palmas 5m_4aEchinometra_lucunter,Animalia,Echinodermata,Echinoidea,Camarodonta,Echinometridae,Echinometra,Echinometra lucunter,NA,SPECIES,"Echinometra lucunter (Linnaeus, 1758)",Echinometra lucunter,NA,PR,Tres Palmas 5m,NA,PRESENT,NA,c3ad790a-d426-4ac1-8e32-da61f81f0117,18.35072,-67.26688,NA,NA,NA,NA,4,4,2017-05,NA,5,2017,2278861,2278861,HUMAN_OBSERVATION,NA,NA,NA,NA,NA,NA,CC0_1_0,Departament of Natural and Environmental Resources of Puerto Rico,NA,NA,NA,2025-07-31T12:10:24Z,NA,GEODETIC_DATUM_INVALID;GEODETIC_DATUM_ASSUMED_WGS84;CONTINENT_DERIVED_FROM_COORDINATES;REFERENCES_URI_INVALID
2595529851,b3b7d5c4-f73a-475b-a203-c6a1ddd040cd,2019_Maria Langa 5m_4aEchinometra_lucunter,Animalia,Echinodermata,Echinoidea,Camarodonta,Echinometridae,Echinometra,Echinometra lucunter,NA,SPECIES,"Echinometra lucunter (Linnaeus, 1758)",Echinometra lucunter,NA,PR,Maria Langa 5m,NA,PRESENT,NA,c3ad790a-d426-4ac1-8e32-da61f81f0117,17.9649,-66.7563,NA,NA,NA,NA,4,4,2019-08,NA,8,2019,2278861,2278861,HUMAN_OBSERVATION,NA,NA,NA,NA,NA,NA,CC0_1_0,Departament of Natural and Environmental Resources of Puerto Rico,NA,NA,NA,2025-07-31T12:10:24Z,NA,GEODETIC_DATUM_INVALID;GEODETIC_DATUM_ASSUMED_WGS84;CONTINENT_DERIVED_FROM_COORDINATES;REFERENCES_URI_INVALID
2595218395,b3b7d5c4-f73a-475b-a203-c6a1ddd040cd,2015_Reserva Isla Verde_5aEchinometra_lucunter,Animalia,Echinodermata,Echinoidea,Camarodonta,Echinometridae,Echinometra,Echinometra lucunter,NA,SPECIES,"Echinometra lucunter (Linnaeus, 1758)",Echinometra lucunter,NA,PR,Reserva Isla Verde,NA,PRESENT,NA,c3ad790a-d426-4ac1-8e32-da61f81f0117,18.44883,-66.01738,NA,NA,NA,NA,4,4,2015-10,NA,10,2015,2278861,2278861,HUMAN_OBSERVATION,NA,NA,NA,NA,NA,NA,CC0_1_0,Departament of Natural and Environmental Resources of Puerto Rico,NA,NA,NA,2025-07-31T12:10:34Z,NA,GEODETIC_DATUM_INVALID;GEODETIC_DATUM_ASSUMED_WGS84;CONTINENT_DERIVED_FROM_COORDINATES;REFERENCES_URI_INVALID
2595155871,b3b7d5c4-f73a-475b-a203-c6a1ddd040cd,2015_Cayo Aurora_4aEchinometra_lucunter,Animalia,Echinodermata,Echinoidea,Camarodonta,Echinometridae,Echinometra,Echinometra lucunter,NA,SPECIES,"Echinometra lucunter (Linnaeus, 1758)",Echinometra lucunter,NA,PR,Cayo Aurora,NA,PRESENT,NA,c3ad790a-d426-4ac1-8e32-da61f81f0117,17.93657,-66.87385,NA,NA,NA,NA,4,4,2015-10,NA,10,2015,2278861,2278861,HUMAN_OBSERVATION,NA,NA,NA,NA,NA,NA,CC0_1_0,Departament of Natural and Environmental Resources of Puerto Rico,NA,NA,NA,2025-07-31T12:10:22Z,NA,GEODETIC_DATUM_INVALID;GEODETIC_DATUM_ASSUMED_WGS84;CONTINENT_DERIVED_FROM_COORDINATES;REFERENCES_URI_INVALID
2595101431,b3b7d5c4-f73a-475b-a203-c6a1ddd040cd,2013_Esperanza_3aEchinometra_lucunter,Animalia,Echinodermata,Echinoidea,Camarodonta,Echinometridae,Echinometra,Echinometra lucunter,NA,SPECIES,"Echinometra lucunter (Linnaeus, 1758)",Echinometra lucunter,NA,PR,Esperanza,NA,PRESENT,NA,c3ad790a-d426-4ac1-8e32-da61f81f0117,18.08057,-65.48794,NA,NA,NA,NA,11,3,2013-10,NA,10,2013,2278861,2278861,HUMAN_OBSERVATION,NA,NA,NA,NA,NA,NA,CC0_1_0,Departament of Natural and Environmental Resources of Puerto Rico,NA,NA,NA,2025-07-31T12:10:34Z,NA,GEODETIC_DATUM_INVALID;GEODETIC_DATUM_ASSUMED_WGS84;CONTINENT_DERIVED_FROM_COORDINATES;REFERENCES_URI_INVALID
2595016722,b3b7d5c4-f73a-475b-a203-c6a1ddd040cd,2010_Las Carmelitas_1aEchinometra_lucunter,Animalia,Echinodermata,Echinoidea,Camarodonta,Echinometridae,Echinometra,Echinometra lucunter,NA,SPECIES,"Echinometra lucunter (Linnaeus, 1758)",Echinometra lucunter,NA,PR,Las Carmelitas,NA,PRESENT,NA,c3ad790a-d426-4ac1-8e32-da61f81f0117,18.09872,-67.93833,NA,NA,NA,NA,11,3,2010-08,NA,8,2010,2278861,2278861,HUMAN_OBSERVATION,NA,NA,NA,NA,NA,NA,CC0_1_0,Departament of Natural and Environmental Resources of Puerto Rico,NA,NA,NA,2025-07-31T12:10:34Z,NA,GEODETIC_DATUM_INVALID;GEODETIC_DATUM_ASSUMED_WGS84;CONTINENT_DERIVED_FROM_COORDINATES;REFERENCES_URI_INVALID
2594977872,b3b7d5c4-f73a-475b-a203-c6a1ddd040cd,2008_West Reef_5aEchinometra_lucunter,Animalia,Echinodermata,Echinoidea,Camarodonta,Echinometridae,Echinometra,Echinometra lucunter,NA,SPECIES,"Echinometra lucunter (Linnaeus, 1758)",Echinometra lucunter,NA,PR,West Reef,NA,PRESENT,NA,c3ad790a-d426-4ac1-8e32-da61f81f0117,17.89507,-66.52824,NA,NA,NA,NA,4,4,2008-03,NA,3,2008,2278861,2278861,HUMAN_OBSERVATION,NA,NA,NA,NA,NA,NA,CC0_1_0,Departament of Natural and Environmental Resources of Puerto Rico,NA,NA,NA,2025-07-31T12:10:17Z,NA,GEODETIC_DATUM_INVALID;GEODETIC_DATUM_ASSUMED_WGS84;CONTINENT_DERIVED_FROM_COORDINATES;REFERENCES_URI_INVALID
2594938684,b3b7d5c4-f73a-475b-a203-c6a1ddd040cd,2007_Tres Palmas 10m_1aEchinometra_lucunter,Animalia,Echinodermata,Echinoidea,Camarodonta,Echinometridae,Echinometra,Echinometra lucunter,NA,SPECIES,"Echinometra lucunter (Linnaeus, 1758)",Echinometra lucunter,NA,PR,Tres Palmas 10m,NA,PRESENT,NA,c3ad790a-d426-4ac1-8e32-da61f81f0117,18.34732,-67.26997,NA,NA,NA,NA,11,3,2007-06,NA,6,2007,2278861,2278861,HUMAN_OBSERVATION,NA,NA,NA,NA,NA,NA,CC0_1_0,Departament of Natural and Environmental Resources of Puerto Rico,NA,NA,NA,2025-07-31T12:10:25Z,NA,GEODETIC_DATUM_INVALID;GEODETIC_DATUM_ASSUMED_WGS84;CONTINENT_DERIVED_FROM_COORDINATES;REFERENCES_URI_INVALID
2594848737,b3b7d5c4-f73a-475b-a203-c6a1ddd040cd,2004_North Caballo Blanco_3aEchinometra_lucunter,Animalia,Echinodermata,Echinoidea,Camarodonta,Echinometridae,Echinometra,Echinometra lucunter,NA,SPECIES,"Echinometra lucunter (Linnaeus, 1758)",Echinometra lucunter,NA,PR,North Caballo Blanco,NA,PRESENT,NA,c3ad790a-d426-4ac1-8e32-da61f81f0117,18.05532,-65.46715,NA,NA,NA,NA,4,4,2004-06,NA,6,2004,2278861,2278861,HUMAN_OBSERVATION,NA,NA,NA,NA,NA,NA,CC0_1_0,Departament of Natural and Environmental Resources of Puerto Rico,NA,NA,NA,2025-07-31T12:10:30Z,NA,GEODETIC_DATUM_INVALID;GEODETIC_DATUM_ASSUMED_WGS84;CONTINENT_DERIVED_FROM_COORDINATES;REFERENCES_URI_INVALID
2594839444,b3b7d5c4-f73a-475b-a203-c6a1ddd040cd,2001_West Caballo Blanco_5aEchinometra_lucunter,Animalia,Echinodermata,Echinoidea,Camarodonta,Echinometridae,Echinometra,Echinometra lucunter,NA,SPECIES,"Echinometra lucunter (Linnaeus, 1758)",Echinometra lucunter,NA,PR,West Caballo Blanco,NA,PRESENT,NA,c3ad790a-d426-4ac1-8e32-da61f81f0117,18.17162,-65.46877,NA,NA,NA,NA,4,4,2001-05,NA,5,2001,2278861,2278861,HUMAN_OBSERVATION,NA,NA,NA,NA,NA,NA,CC0_1_0,Departament of Natural and Environmental Resources of Puerto Rico,NA,NA,NA,2025-07-31T12:10:24Z,NA,GEODETIC_DATUM_INVALID;GEODETIC_DATUM_ASSUMED_WGS84;CONTINENT_DERIVED_FROM_COORDINATES;REFERENCES_URI_INVALID
2594829400,b3b7d5c4-f73a-475b-a203-c6a1ddd040cd,2001_Mosquito_2aEchinometra_lucunter,Animalia,Echinodermata,Echinoidea,Camarodonta,Echinometridae,Echinometra,Echinometra lucunter,NA,SPECIES,"Echinometra lucunter (Linnaeus, 1758)",Echinometra lucunter,NA,PR,Mosquito,NA,PRESENT,NA,c3ad790a-d426-4ac1-8e32-da61f81f0117,18.1634,-65.51913,NA,NA,NA,NA,11,3,2001-05,NA,5,2001,2278861,2278861,HUMAN_OBSERVATION,NA,NA,NA,NA,NA,NA,CC0_1_0,Departament of Natural and Environmental Resources of Puerto Rico,NA,NA,NA,2025-07-31T12:10:20Z,NA,GEODETIC_DATUM_INVALID;GEODETIC_DATUM_ASSUMED_WGS84;CONTINENT_DERIVED_FROM_COORDINATES;REFERENCES_URI_INVALID
2270458644,888f0578-bef9-41f6-a687-19137510a437,UNAL_CECIMAR:SEAFLOWER2018:EQUINO:53,Animalia,Echinodermata,Echinoidea,Camarodonta,Echinometridae,Echinometra,Echinometra lucunter,lucunter,SUBSPECIES,"Echinometra lucunter lucunter (Linnaeus, 1758)",Echinometra lucunter lucunter,"(Linnaeus, 1758)",CO,Albuquerque,"Archipiélago de San Andrés, Providencia y Santa Catalina",PRESENT,1,eac88d99-9f6c-4031-8fc4-8088f0e0dfe7,12.1605,-81.8403,NA,NA,NA,NA,1.5,0,2018-09-28,28,9,2018,7189075,2278861,HUMAN_OBSERVATION,Universidad Nacional de Colombia (UNAL),MHNMC,En proceso de catalogación,CCO_2018_ECHI_ALB_053,Andrea Dueñas,2018-09-28T00:00:00Z,CC_BY_NC_4_0,NA,Andrea Dueñas,NA,NA,2025-07-31T12:17:07Z,NA,CONTINENT_COORDINATE_MISMATCH
2270458627,888f0578-bef9-41f6-a687-19137510a437,UNAL_CECIMAR:SEAFLOWER2018:EQUINO:141,Animalia,Echinodermata,Echinoidea,Camarodonta,Echinometridae,Echinometra,Echinometra lucunter,lucunter,SUBSPECIES,"Echinometra lucunter lucunter (Linnaeus, 1758)",Echinometra lucunter lucunter,"(Linnaeus, 1758)",CO,Albuquerque,"Archipiélago de San Andrés, Providencia y Santa Catalina",PRESENT,6,eac88d99-9f6c-4031-8fc4-8088f0e0dfe7,12.1554,-81.8484,NA,NA,NA,NA,7.05,1.5499999999999998,2018-09-28,28,9,2018,7189075,2278861,MACHINE_OBSERVATION,Universidad Nacional de Colombia (UNAL),Instituto de Investigaciones Marinas y Costeras José Benito Vives de Andréis (INVEMAR),UNAL_CECIMAR:SEAFLOWER2018:EQUINO:141,CCO_2018_ECHI_ALB_141,Andrea Dueñas,2018-09-28T00:00:00Z,CC_BY_NC_4_0,NA,Brigitte Gavio,NA,NA,2025-07-31T12:17:06Z,NA,CONTINENT_COORDINATE_MISMATCH
2270458583,888f0578-bef9-41f6-a687-19137510a437,UNAL_CECIMAR:SEAFLOWER2018:EQUINO:46,Animalia,Echinodermata,Echinoidea,Camarodonta,Echinometridae,Echinometra,Echinometra lucunter,lucunter,SUBSPECIES,"Echinometra lucunter lucunter (Linnaeus, 1758)",Echinometra lucunter lucunter,"(Linnaeus, 1758)",CO,Albuquerque,"Archipiélago de San Andrés, Providencia y Santa Catalina",PRESENT,1,eac88d99-9f6c-4031-8fc4-8088f0e0dfe7,12.1613,-81.8526,NA,NA,NA,NA,9.6,0,2018-09-27,27,9,2018,7189075,2278861,HUMAN_OBSERVATION,Universidad Nacional de Colombia (UNAL),Instituto de Investigaciones Marinas y Costeras José Benito Vives de Andréis (INVEMAR),UNAL_CECIMAR:SEAFLOWER2018:EQUINO:46,CCO_2018_ECHI_ALB_046,Carlos Daza,2018-09-27T00:00:00Z,CC_BY_NC_4_0,NA,Carlos Daza,NA,NA,2025-07-31T12:17:07Z,NA,CONTINENT_COORDINATE_MISMATCH
1913354625,560539d5-7f71-4fd8-998b-ba5b16a55568,INVEMAR:ICSerranilla2017:UES:Bentos:Equ6,Animalia,Echinodermata,Echinoidea,Camarodonta,Echinometridae,Echinometra,Echinometra lucunter,NA,SPECIES,"Echinometra lucunter (Linnaeus, 1758)",Echinometra lucunter,"(Linnaeus, 1758)",CO,Isla Cayo Serranilla,"Archipiélago de San Andrés, Providencia y Santa Catalina",PRESENT,NA,f072f648-b8a4-47a0-9e1c-89d790645b5a,15.834211,-79.832186,NA,NA,NA,NA,3.3,0,2017-09-21,21,9,2017,2278861,2278861,HUMAN_OBSERVATION,INVEMAR,INV_ICSerranilla_UES_Bentos,INV_ICSerranilla:UES:Bentos:Equ6,Ob6,Giomar Helena Borrero-Pérez,2017-09-21T00:00:00Z,CC_BY_NC_4_0,INVEMAR,Giomar Helena Borrero-Pérez,NA,NA,2025-07-31T12:16:15Z,NA,COORDINATE_ROUNDED;CONTINENT_COORDINATE_MISMATCH
1913354616,560539d5-7f71-4fd8-998b-ba5b16a55568,INVEMAR:ICSerranilla2017:UES:Bentos:Equ9,Animalia,Echinodermata,Echinoidea,Camarodonta,Echinometridae,Echinometra,Echinometra lucunter,NA,SPECIES,"Echinometra lucunter (Linnaeus, 1758)",Echinometra lucunter,"(Linnaeus, 1758)",CO,Isla Cayo Serranilla,"Archipiélago de San Andrés, Providencia y Santa Catalina",PRESENT,NA,f072f648-b8a4-47a0-9e1c-89d790645b5a,15.832056,-79.83236,NA,NA,NA,NA,3.3,0,2017-09-23,23,9,2017,2278861,2278861,HUMAN_OBSERVATION,INVEMAR,INV_ICSerranilla_UES_Bentos,INV_ICSerranilla:UES:Bentos:Equ9,Ob9,Giomar Helena Borrero-Pérez,2017-09-23T00:00:00Z,CC_BY_NC_4_0,INVEMAR,Giomar Helena Borrero-Pérez,NA,NA,2025-07-31T12:16:15Z,NA,COORDINATE_ROUNDED;CONTINENT_COORDINATE_MISMATCH
1895698735,eda1016d-1f81-4c43-833f-5ae3f5b12504,ff79e3f60efa04e8fb09a99c4ca1660d,Animalia,Echinodermata,Echinoidea,Camarodonta,Echinometridae,Echinometra,Echinometra lucunter,NA,SPECIES,"Echinometra lucunter (Linnaeus, 1758)",Echinometra lucunter,"(Linnaeus, 1758)",MX,"Arrecife La Perla, porción central del arrecife",NA,PRESENT,1,ff90b050-c256-11db-b71b-b8a03c50a862,18.544194,-94.827167,90,NA,0,0,1,1,2013-09-07,7,9,2013,2278861,2278861,HUMAN_OBSERVATION,FCBA-UV,NA,NO APLICA,NA,González Gándara C.; De la Cruz Francisco V.; Argüelles Jiménez J.,NA,CC_BY_4_0,Comisión Nacional para el Conocimiento y Uso de la Biodiversidad (CONABIO),De la Cruz Francisco V.,NotAType,NA,2025-07-05T04:15:43Z,NA,COORDINATE_ROUNDED;CONTINENT_DERIVED_FROM_COORDINATES;SCIENTIFIC_NAME_ID_NOT_FOUND;TAXON_ID_NOT_FOUND;DEPTH_MIN_MAX_SWAPPED;OCCURRENCE_STATUS_INFERRED_FROM_INDIVIDUAL_COUNT
1895698731,eda1016d-1f81-4c43-833f-5ae3f5b12504,feb4a17fe73151eb18fea36606086cf7,Animalia,Echinodermata,Echinoidea,Camarodonta,Echinometridae,Echinometra,Echinometra lucunter,NA,SPECIES,"Echinometra lucunter (Linnaeus, 1758)",Echinometra lucunter,"(Linnaeus, 1758)",MX,"Arrecife Zapotitlán, al extremo norte del arrecife",NA,PRESENT,1,ff90b050-c256-11db-b71b-b8a03c50a862,18.512111,-94.782278,90,NA,0,0,2.5,2.5,2013-06-18,18,6,2013,2278861,2278861,PRESERVED_SPECIMEN,FCBA-UV,CI-UV,DF-CC-00377/Ech,NA,González Gándara C.; De la Cruz Francisco V.; Argüelles Jiménez J.,NA,CC_BY_4_0,Comisión Nacional para el Conocimiento y Uso de la Biodiversidad (CONABIO),Argüelles Jiménez J.,NotAType,NA,2025-07-05T04:15:43Z,NA,COORDINATE_ROUNDED;CONTINENT_DERIVED_FROM_COORDINATES;SCIENTIFIC_NAME_ID_NOT_FOUND;TAXON_ID_NOT_FOUND;DEPTH_MIN_MAX_SWAPPED;OCCURRENCE_STATUS_INFERRED_FROM_INDIVIDUAL_COUNT;COLLECTION_MATCH_NONE;INSTITUTION_MATCH_FUZZY;DIFFERENT_OWNER_INSTITUTION
1895698727,eda1016d-1f81-4c43-833f-5ae3f5b12504,fd7edf5b3a0acdd9efb1403f8394b6db,Animalia,Echinodermata,Echinoidea,Camarodonta,Echinometridae,Echinometra,Echinometra lucunter,NA,SPECIES,"Echinometra lucunter (Linnaeus, 1758)",Echinometra lucunter,"(Linnaeus, 1758)",MX,"Arrecife Blanquilla, al noreste de barlovento",NA,PRESENT,1,ff90b050-c256-11db-b71b-b8a03c50a862,21.548583,-97.281833,70,NA,0,0,3,3,2013-03-23,23,3,2013,2278861,2278861,HUMAN_OBSERVATION,FCBA-UV,NA,NO APLICA,NA,González Gándara C.; De la Cruz Francisco V.; Argüelles Jiménez J.,NA,CC_BY_4_0,Comisión Nacional para el Conocimiento y Uso de la Biodiversidad (CONABIO),Argüelles Jiménez J.,NotAType,NA,2025-07-05T04:15:43Z,NA,COORDINATE_ROUNDED;CONTINENT_DERIVED_FROM_COORDINATES;SCIENTIFIC_NAME_ID_NOT_FOUND;TAXON_ID_NOT_FOUND;DEPTH_MIN_MAX_SWAPPED;OCCURRENCE_STATUS_INFERRED_FROM_INDIVIDUAL_COUNT
1895698723,eda1016d-1f81-4c43-833f-5ae3f5b12504,fcdd0b23ae0de9dbaa7bd23136527712,Animalia,Echinodermata,Echinoidea,Camarodonta,Echinometridae,Echinometra,Echinometra lucunter,NA,SPECIES,"Echinometra lucunter (Linnaeus, 1758)",Echinometra lucunter,"(Linnaeus, 1758)",MX,"Arrecife La Perla, extremo este del arrecife",NA,PRESENT,1,ff90b050-c256-11db-b71b-b8a03c50a862,18.539778,-94.808361,90,NA,0,0,4,4,2013-06-17,17,6,2013,2278861,2278861,HUMAN_OBSERVATION,FCBA-UV,NA,NO APLICA,NA,González Gándara C.; De la Cruz Francisco V.; Argüelles Jiménez J.,NA,CC_BY_4_0,Comisión Nacional para el Conocimiento y Uso de la Biodiversidad (CONABIO),Argüelles Jiménez J.,NotAType,NA,2025-07-05T04:15:43Z,NA,COORDINATE_ROUNDED;CONTINENT_DERIVED_FROM_COORDINATES;SCIENTIFIC_NAME_ID_NOT_FOUND;TAXON_ID_NOT_FOUND;DEPTH_MIN_MAX_SWAPPED;OCCURRENCE_STATUS_INFERRED_FROM_INDIVIDUAL_COUNT
1895698718,eda1016d-1f81-4c43-833f-5ae3f5b12504,f6fc20c31865b80c87b4b31b05107326,Animalia,Echinodermata,Echinoidea,Camarodonta,Echinometridae,Echinometra,Echinometra lucunter,NA,SPECIES,"Echinometra lucunter (Linnaeus, 1758)",Echinometra lucunter,"(Linnaeus, 1758)",MX,"Arrecife Zapotitlán, al extremo sur del arrecife",NA,PRESENT,1,ff90b050-c256-11db-b71b-b8a03c50a862,18.487361,-94.777639,90,NA,0,0,1,1,2013-09-05,5,9,2013,2278861,2278861,PRESERVED_SPECIMEN,FCBA-UV,CI-UV,DF-CC-00480/Ech,NA,González Gándara C.; De la Cruz Francisco V.; Argüelles Jiménez J.,NA,CC_BY_4_0,Comisión Nacional para el Conocimiento y Uso de la Biodiversidad (CONABIO),Argüelles Jiménez J.,NotAType,NA,2025-07-05T04:15:43Z,NA,COORDINATE_ROUNDED;CONTINENT_DERIVED_FROM_COORDINATES;SCIENTIFIC_NAME_ID_NOT_FOUND;TAXON_ID_NOT_FOUND;DEPTH_MIN_MAX_SWAPPED;OCCURRENCE_STATUS_INFERRED_FROM_INDIVIDUAL_COUNT;COLLECTION_MATCH_NONE;INSTITUTION_MATCH_FUZZY;DIFFERENT_OWNER_INSTITUTION
1895698714,eda1016d-1f81-4c43-833f-5ae3f5b12504,f67f8dece9e49f71ab4a1aa20aa4dc7c,Animalia,Echinodermata,Echinoidea,Camarodonta,Echinometridae,Echinometra,Echinometra lucunter,NA,SPECIES,"Echinometra lucunter (Linnaeus, 1758)",Echinometra lucunter,"(Linnaeus, 1758)",MX,"Arrecife Medio, al sureste de barlovento",NA,PRESENT,1,ff90b050-c256-11db-b71b-b8a03c50a862,21.50775,-97.250833,70,NA,0,0,2.5,2.5,2013-05-05,5,5,2013,2278861,2278861,PRESERVED_SPECIMEN,FCBA-UV,CI-UV,DF-CC-00170/Ech,NA,González Gándara C.; De la Cruz Francisco V.; Argüelles Jiménez J.,NA,CC_BY_4_0,Comisión Nacional para el Conocimiento y Uso de la Biodiversidad (CONABIO),Argüelles Jiménez J.,NotAType,NA,2025-07-05T04:15:43Z,NA,COORDINATE_ROUNDED;CONTINENT_DERIVED_FROM_COORDINATES;SCIENTIFIC_NAME_ID_NOT_FOUND;TAXON_ID_NOT_FOUND;DEPTH_MIN_MAX_SWAPPED;OCCURRENCE_STATUS_INFERRED_FROM_INDIVIDUAL_COUNT;COLLECTION_MATCH_NONE;INSTITUTION_MATCH_FUZZY;DIFFERENT_OWNER_INSTITUTION
1895698710,eda1016d-1f81-4c43-833f-5ae3f5b12504,f497ddb19c3f03d5af2be74a53cb98f8,Animalia,Echinodermata,Echinoidea,Camarodonta,Echinometridae,Echinometra,Echinometra lucunter,NA,SPECIES,"Echinometra lucunter (Linnaeus, 1758)",Echinometra lucunter,"(Linnaeus, 1758)",MX,"Arrecife Zapotitlán, área central del arrecife",NA,PRESENT,1,ff90b050-c256-11db-b71b-b8a03c50a862,18.515944,-94.781889,90,NA,0,0,2,2,2013-09-06,6,9,2013,2278861,2278861,HUMAN_OBSERVATION,FCBA-UV,NA,NO APLICA,NA,González Gándara C.; De la Cruz Francisco V.; Argüelles Jiménez J.,NA,CC_BY_4_0,Comisión Nacional para el Conocimiento y Uso de la Biodiversidad (CONABIO),De la Cruz Francisco V.,NotAType,NA,2025-07-05T04:15:43Z,NA,COORDINATE_ROUNDED;CONTINENT_DERIVED_FROM_COORDINATES;SCIENTIFIC_NAME_ID_NOT_FOUND;TAXON_ID_NOT_FOUND;DEPTH_MIN_MAX_SWAPPED;OCCURRENCE_STATUS_INFERRED_FROM_INDIVIDUAL_COUNT
1895698702,eda1016d-1f81-4c43-833f-5ae3f5b12504,f3fc2388d2c665aa7e8e67e7c20c1941,Animalia,Echinodermata,Echinoidea,Camarodonta,Echinometridae,Echinometra,Echinometra lucunter,NA,SPECIES,"Echinometra lucunter (Linnaeus, 1758)",Echinometra lucunter,"(Linnaeus, 1758)",MX,"Arrecife Zapotitlán, al extremo sur del arrecife",NA,PRESENT,1,ff90b050-c256-11db-b71b-b8a03c50a862,18.486972,-94.775917,90,NA,0,0,1.5,1.5,2013-09-05,5,9,2013,2278861,2278861,HUMAN_OBSERVATION,FCBA-UV,NA,NO APLICA,NA,González Gándara C.; De la Cruz Francisco V.; Argüelles Jiménez J.,NA,CC_BY_4_0,Comisión Nacional para el Conocimiento y Uso de la Biodiversidad (CONABIO),González Gándara C.,NotAType,NA,2025-07-05T04:15:43Z,NA,COORDINATE_ROUNDED;CONTINENT_DERIVED_FROM_COORDINATES;SCIENTIFIC_NAME_ID_NOT_FOUND;TAXON_ID_NOT_FOUND;DEPTH_MIN_MAX_SWAPPED;OCCURRENCE_STATUS_INFERRED_FROM_INDIVIDUAL_COUNT
1895698701,eda1016d-1f81-4c43-833f-5ae3f5b12504,d9dd5b31b937ca301c454344a3fb49cc,Animalia,Echinodermata,Echinoidea,Camarodonta,Echinometridae,Echinometra,Echinometra lucunter,NA,SPECIES,"Echinometra lucunter (Linnaeus, 1758)",Echinometra lucunter,"(Linnaeus, 1758)",MX,"Arrecife Zapotitlán, área central del arrecife",NA,PRESENT,1,ff90b050-c256-11db-b71b-b8a03c50a862,18.510417,-94.779417,90,NA,0,0,6,6,2014-05-07,7,5,2014,2278861,2278861,HUMAN_OBSERVATION,FCBA-UV,NA,NO APLICA,NA,González Gándara C.; De la Cruz Francisco V.; Argüelles Jiménez J.,NA,CC_BY_4_0,Comisión Nacional para el Conocimiento y Uso de la Biodiversidad (CONABIO),Flores Serrano S. D.,NotAType,NA,2025-07-05T04:15:43Z,NA,COORDINATE_ROUNDED;CONTINENT_DERIVED_FROM_COORDINATES;SCIENTIFIC_NAME_ID_NOT_FOUND;TAXON_ID_NOT_FOUND;DEPTH_MIN_MAX_SWAPPED;OCCURRENCE_STATUS_INFERRED_FROM_INDIVIDUAL_COUNT
1895698699,eda1016d-1f81-4c43-833f-5ae3f5b12504,f1a19a3ba1f4200480e7618e0281fdd8,Animalia,Echinodermata,Echinoidea,Camarodonta,Echinometridae,Echinometra,Echinometra lucunter,NA,SPECIES,"Echinometra lucunter (Linnaeus, 1758)",Echinometra lucunter,"(Linnaeus, 1758)",MX,"Arrecife La Perla, extremo oeste del arrecife, inmediaciones del barco undido",NA,PRESENT,1,ff90b050-c256-11db-b71b-b8a03c50a862,18.551417,-94.876555,90,NA,0,0,2,2,2013-09-08,8,9,2013,2278861,2278861,HUMAN_OBSERVATION,FCBA-UV,NA,NO APLICA,NA,González Gándara C.; De la Cruz Francisco V.; Argüelles Jiménez J.,NA,CC_BY_4_0,Comisión Nacional para el Conocimiento y Uso de la Biodiversidad (CONABIO),González Gándara C.,NotAType,NA,2025-07-05T04:15:43Z,NA,COORDINATE_ROUNDED;CONTINENT_DERIVED_FROM_COORDINATES;SCIENTIFIC_NAME_ID_NOT_FOUND;TAXON_ID_NOT_FOUND;DEPTH_MIN_MAX_SWAPPED;OCCURRENCE_STATUS_INFERRED_FROM_INDIVIDUAL_COUNT
1895698691,eda1016d-1f81-4c43-833f-5ae3f5b12504,ee066383e6d2183289d8d9a54432461b,Animalia,Echinodermata,Echinoidea,Camarodonta,Echinometridae,Echinometra,Echinometra lucunter,NA,SPECIES,"Echinometra lucunter (Linnaeus, 1758)",Echinometra lucunter,"(Linnaeus, 1758)",MX,"Arrecife Zapotitlán, al extremo sur del arrecife",NA,PRESENT,1,ff90b050-c256-11db-b71b-b8a03c50a862,18.487889,-94.777861,90,NA,0,0,1,1,2013-09-05,5,9,2013,2278861,2278861,HUMAN_OBSERVATION,FCBA-UV,NA,NO APLICA,NA,González Gándara C.; De la Cruz Francisco V.; Argüelles Jiménez J.,NA,CC_BY_4_0,Comisión Nacional para el Conocimiento y Uso de la Biodiversidad (CONABIO),Argüelles Jiménez J.,NotAType,NA,2025-07-05T04:15:43Z,NA,COORDINATE_ROUNDED;CONTINENT_DERIVED_FROM_COORDINATES;SCIENTIFIC_NAME_ID_NOT_FOUND;TAXON_ID_NOT_FOUND;DEPTH_MIN_MAX_SWAPPED;OCCURRENCE_STATUS_INFERRED_FROM_INDIVIDUAL_COUNT
1895698687,eda1016d-1f81-4c43-833f-5ae3f5b12504,ed3e1ea9c49245fad57301f86e2e7c9a,Animalia,Echinodermata,Echinoidea,Camarodonta,Echinometridae,Echinometra,Echinometra lucunter,NA,SPECIES,"Echinometra lucunter (Linnaeus, 1758)",Echinometra lucunter,"(Linnaeus, 1758)",MX,"Arrecife La Perla, porción central del arrecife",NA,PRESENT,1,ff90b050-c256-11db-b71b-b8a03c50a862,18.544111,-94.826778,90,NA,0,0,1,1,2013-09-07,7,9,2013,2278861,2278861,HUMAN_OBSERVATION,FCBA-UV,NA,NO APLICA,NA,González Gándara C.; De la Cruz Francisco V.; Argüelles Jiménez J.,NA,CC_BY_4_0,Comisión Nacional para el Conocimiento y Uso de la Biodiversidad (CONABIO),De la Cruz Francisco V.,NotAType,NA,2025-07-05T04:15:43Z,NA,COORDINATE_ROUNDED;CONTINENT_DERIVED_FROM_COORDINATES;SCIENTIFIC_NAME_ID_NOT_FOUND;TAXON_ID_NOT_FOUND;DEPTH_MIN_MAX_SWAPPED;OCCURRENCE_STATUS_INFERRED_FROM_INDIVIDUAL_COUNT
1895698684,eda1016d-1f81-4c43-833f-5ae3f5b12504,d8c39e80242ba5a5bd7da943b8d05443,Animalia,Echinodermata,Echinoidea,Camarodonta,Echinometridae,Echinometra,Echinometra lucunter,NA,SPECIES,"Echinometra lucunter (Linnaeus, 1758)",Echinometra lucunter,"(Linnaeus, 1758)",MX,"Arrecife Blanquilla, al noreste de barlovento",NA,PRESENT,1,ff90b050-c256-11db-b71b-b8a03c50a862,21.549056,-97.282111,70,NA,0,0,3,3,2013-03-23,23,3,2013,2278861,2278861,HUMAN_OBSERVATION,FCBA-UV,NA,NO APLICA,NA,González Gándara C.; De la Cruz Francisco V.; Argüelles Jiménez J.,NA,CC_BY_4_0,Comisión Nacional para el Conocimiento y Uso de la Biodiversidad (CONABIO),Argüelles Jiménez J.,NotAType,NA,2025-07-05T04:15:43Z,NA,COORDINATE_ROUNDED;CONTINENT_DERIVED_FROM_COORDINATES;SCIENTIFIC_NAME_ID_NOT_FOUND;TAXON_ID_NOT_FOUND;DEPTH_MIN_MAX_SWAPPED;OCCURRENCE_STATUS_INFERRED_FROM_INDIVIDUAL_COUNT
1895698681,eda1016d-1f81-4c43-833f-5ae3f5b12504,d8a15f3fb7e9d4b942ea4f1e753dda1f,Animalia,Echinodermata,Echinoidea,Camarodonta,Echinometridae,Echinometra,Echinometra lucunter,NA,SPECIES,"Echinometra lucunter (Linnaeus, 1758)",Echinometra lucunter,"(Linnaeus, 1758)",MX,"Arrecife Zapotitlán, al extremo sur del arrecife",NA,PRESENT,1,ff90b050-c256-11db-b71b-b8a03c50a862,18.488639,-94.777528,90,NA,0,0,1,1,2013-09-05,5,9,2013,2278861,2278861,HUMAN_OBSERVATION,FCBA-UV,NA,NO APLICA,NA,González Gándara C.; De la Cruz Francisco V.; Argüelles Jiménez J.,NA,CC_BY_4_0,Comisión Nacional para el Conocimiento y Uso de la Biodiversidad (CONABIO),González Gándara C.,NotAType,NA,2025-07-05T04:15:43Z,NA,COORDINATE_ROUNDED;CONTINENT_DERIVED_FROM_COORDINATES;SCIENTIFIC_NAME_ID_NOT_FOUND;TAXON_ID_NOT_FOUND;DEPTH_MIN_MAX_SWAPPED;OCCURRENCE_STATUS_INFERRED_FROM_INDIVIDUAL_COUNT
1895698679,eda1016d-1f81-4c43-833f-5ae3f5b12504,ec323ab970f5a800498647129b109aaa,Animalia,Echinodermata,Echinoidea,Camarodonta,Echinometridae,Echinometra,Echinometra lucunter,NA,SPECIES,"Echinometra lucunter (Linnaeus, 1758)",Echinometra lucunter,"(Linnaeus, 1758)",MX,"Arrecife Zapotitlán, al extremo sur del arrecife",NA,PRESENT,1,ff90b050-c256-11db-b71b-b8a03c50a862,18.488306,-94.777805,90,NA,0,0,1,1,2013-09-05,5,9,2013,2278861,2278861,HUMAN_OBSERVATION,FCBA-UV,NA,NO APLICA,NA,González Gándara C.; De la Cruz Francisco V.; Argüelles Jiménez J.,NA,CC_BY_4_0,Comisión Nacional para el Conocimiento y Uso de la Biodiversidad (CONABIO),González Gándara C.,NotAType,NA,2025-07-05T04:15:43Z,NA,COORDINATE_ROUNDED;CONTINENT_DERIVED_FROM_COORDINATES;SCIENTIFIC_NAME_ID_NOT_FOUND;TAXON_ID_NOT_FOUND;DEPTH_MIN_MAX_SWAPPED;OCCURRENCE_STATUS_INFERRED_FROM_INDIVIDUAL_COUNT
1895698676,eda1016d-1f81-4c43-833f-5ae3f5b12504,d87560bb4fb1725b99e2387c4557093e,Animalia,Echinodermata,Echinoidea,Camarodonta,Echinometridae,Echinometra,Echinometra lucunter,NA,SPECIES,"Echinometra lucunter (Linnaeus, 1758)",Echinometra lucunter,"(Linnaeus, 1758)",MX,"Arrecife Palo Seco, área central del arrecife",NA,PRESENT,1,ff90b050-c256-11db-b71b-b8a03c50a862,18.175389,-94.524972,90,NA,0,0,7,7,2013-06-16,16,6,2013,2278861,2278861,PRESERVED_SPECIMEN,FCBA-UV,CI-UV,DF-CC-00349/Ech,NA,González Gándara C.; De la Cruz Francisco V.; Argüelles Jiménez J.,NA,CC_BY_4_0,Comisión Nacional para el Conocimiento y Uso de la Biodiversidad (CONABIO),Argüelles Jiménez J.,NotAType,NA,2025-07-05T04:15:43Z,NA,COORDINATE_ROUNDED;CONTINENT_DERIVED_FROM_COORDINATES;SCIENTIFIC_NAME_ID_NOT_FOUND;TAXON_ID_NOT_FOUND;DEPTH_MIN_MAX_SWAPPED;OCCURRENCE_STATUS_INFERRED_FROM_INDIVIDUAL_COUNT;COLLECTION_MATCH_NONE;INSTITUTION_MATCH_FUZZY;DIFFERENT_OWNER_INSTITUTION
1895698675,eda1016d-1f81-4c43-833f-5ae3f5b12504,ebc0c5c4c02d636acf4024aa9073ebdf,Animalia,Echinodermata,Echinoidea,Camarodonta,Echinometridae,Echinometra,Echinometra lucunter,NA,SPECIES,"Echinometra lucunter (Linnaeus, 1758)",Echinometra lucunter,"(Linnaeus, 1758)",MX,"Arrecife La Perla, extremo oeste del arrecife",NA,PRESENT,1,ff90b050-c256-11db-b71b-b8a03c50a862,18.551361,-94.872667,90,NA,0,0,1.5,1.5,2013-09-08,8,9,2013,2278861,2278861,HUMAN_OBSERVATION,FCBA-UV,NA,NO APLICA,NA,González Gándara C.; De la Cruz Francisco V.; Argüelles Jiménez J.,NA,CC_BY_4_0,Comisión Nacional para el Conocimiento y Uso de la Biodiversidad (CONABIO),González Gándara C.,NotAType,NA,2025-07-05T04:15:43Z,NA,COORDINATE_ROUNDED;CONTINENT_DERIVED_FROM_COORDINATES;SCIENTIFIC_NAME_ID_NOT_FOUND;TAXON_ID_NOT_FOUND;DEPTH_MIN_MAX_SWAPPED;OCCURRENCE_STATUS_INFERRED_FROM_INDIVIDUAL_COUNT
1895698672,eda1016d-1f81-4c43-833f-5ae3f5b12504,eba110ff3ee6f9f5dfec1072e12882e2,Animalia,Echinodermata,Echinoidea,Camarodonta,Echinometridae,Echinometra,Echinometra lucunter,NA,SPECIES,"Echinometra lucunter (Linnaeus, 1758)",Echinometra lucunter,"(Linnaeus, 1758)",MX,"Arrecife Zapotitlán, área central del arrecife",NA,PRESENT,1,ff90b050-c256-11db-b71b-b8a03c50a862,18.496417,-94.778278,90,NA,0,0,2,2,2013-09-06,6,9,2013,2278861,2278861,HUMAN_OBSERVATION,FCBA-UV,NA,NO APLICA,NA,González Gándara C.; De la Cruz Francisco V.; Argüelles Jiménez J.,NA,CC_BY_4_0,Comisión Nacional para el Conocimiento y Uso de la Biodiversidad (CONABIO),González Gándara C.,NotAType,NA,2025-07-05T04:15:43Z,NA,COORDINATE_ROUNDED;CONTINENT_DERIVED_FROM_COORDINATES;SCIENTIFIC_NAME_ID_NOT_FOUND;TAXON_ID_NOT_FOUND;DEPTH_MIN_MAX_SWAPPED;OCCURRENCE_STATUS_INFERRED_FROM_INDIVIDUAL_COUNT
1895698669,eda1016d-1f81-4c43-833f-5ae3f5b12504,eb3bec43018bc683d8d271f2e9e8994b,Animalia,Echinodermata,Echinoidea,Camarodonta,Echinometridae,Echinometra,Echinometra lucunter,NA,SPECIES,"Echinometra lucunter (Linnaeus, 1758)",Echinometra lucunter,"(Linnaeus, 1758)",MX,"Arrecife Zapotitlán, área central del arrecife",NA,PRESENT,1,ff90b050-c256-11db-b71b-b8a03c50a862,18.496583,-94.778667,90,NA,0,0,1.5,1.5,2013-09-06,6,9,2013,2278861,2278861,HUMAN_OBSERVATION,FCBA-UV,NA,NO APLICA,NA,González Gándara C.; De la Cruz Francisco V.; Argüelles Jiménez J.,NA,CC_BY_4_0,Comisión Nacional para el Conocimiento y Uso de la Biodiversidad (CONABIO),González Gándara C.,NotAType,NA,2025-07-05T04:15:43Z,NA,COORDINATE_ROUNDED;CONTINENT_DERIVED_FROM_COORDINATES;SCIENTIFIC_NAME_ID_NOT_FOUND;TAXON_ID_NOT_FOUND;DEPTH_MIN_MAX_SWAPPED;OCCURRENCE_STATUS_INFERRED_FROM_INDIVIDUAL_COUNT
1895698667,eda1016d-1f81-4c43-833f-5ae3f5b12504,d74f3ddc130adee06ee2d8e181f101af,Animalia,Echinodermata,Echinoidea,Camarodonta,Echinometridae,Echinometra,Echinometra lucunter,NA,SPECIES,"Echinometra lucunter (Linnaeus, 1758)",Echinometra lucunter,"(Linnaeus, 1758)",MX,"Arrecife Zapotitlán, al extremo norte del arrecife",NA,PRESENT,1,ff90b050-c256-11db-b71b-b8a03c50a862,18.515806,-94.786889,90,NA,0,0,1.5,1.5,2013-06-18,18,6,2013,2278861,2278861,HUMAN_OBSERVATION,FCBA-UV,NA,NO APLICA,NA,González Gándara C.; De la Cruz Francisco V.; Argüelles Jiménez J.,NA,CC_BY_4_0,Comisión Nacional para el Conocimiento y Uso de la Biodiversidad (CONABIO),Argüelles Jiménez J.,NotAType,NA,2025-07-05T04:15:43Z,NA,COORDINATE_ROUNDED;CONTINENT_DERIVED_FROM_COORDINATES;SCIENTIFIC_NAME_ID_NOT_FOUND;TAXON_ID_NOT_FOUND;DEPTH_MIN_MAX_SWAPPED;OCCURRENCE_STATUS_INFERRED_FROM_INDIVIDUAL_COUNT
1895698664,eda1016d-1f81-4c43-833f-5ae3f5b12504,eacebbbceffe6401c40abbfd8213fb32,Animalia,Echinodermata,Echinoidea,Camarodonta,Echinometridae,Echinometra,Echinometra lucunter,NA,SPECIES,"Echinometra lucunter (Linnaeus, 1758)",Echinometra lucunter,"(Linnaeus, 1758)",MX,"Arrecife Zapotitlán, área central del arrecife",NA,PRESENT,1,ff90b050-c256-11db-b71b-b8a03c50a862,18.502111,-94.780639,90,NA,0,0,2,2,2013-09-07,7,9,2013,2278861,2278861,HUMAN_OBSERVATION,FCBA-UV,NA,NO APLICA,NA,González Gándara C.; De la Cruz Francisco V.; Argüelles Jiménez J.,NA,CC_BY_4_0,Comisión Nacional para el Conocimiento y Uso de la Biodiversidad (CONABIO),González Gándara C.,NotAType,NA,2025-07-05T04:15:43Z,NA,COORDINATE_ROUNDED;CONTINENT_DERIVED_FROM_COORDINATES;SCIENTIFIC_NAME_ID_NOT_FOUND;TAXON_ID_NOT_FOUND;DEPTH_MIN_MAX_SWAPPED;OCCURRENCE_STATUS_INFERRED_FROM_INDIVIDUAL_COUNT
1895698663,eda1016d-1f81-4c43-833f-5ae3f5b12504,d5b63ae7b2824927582c0e327034d41c,Animalia,Echinodermata,Echinoidea,Camarodonta,Echinometridae,Echinometra,Echinometra lucunter,NA,SPECIES,"Echinometra lucunter (Linnaeus, 1758)",Echinometra lucunter,"(Linnaeus, 1758)",MX,"Arrecife La Perla, porción central del arrecife",NA,PRESENT,1,ff90b050-c256-11db-b71b-b8a03c50a862,18.543861,-94.827583,90,NA,0,0,1,1,2013-09-07,7,9,2013,2278861,2278861,HUMAN_OBSERVATION,FCBA-UV,NA,NO APLICA,NA,González Gándara C.; De la Cruz Francisco V.; Argüelles Jiménez J.,NA,CC_BY_4_0,Comisión Nacional para el Conocimiento y Uso de la Biodiversidad (CONABIO),González Gándara C.,NotAType,NA,2025-07-05T04:15:43Z,NA,COORDINATE_ROUNDED;CONTINENT_DERIVED_FROM_COORDINATES;SCIENTIFIC_NAME_ID_NOT_FOUND;TAXON_ID_NOT_FOUND;DEPTH_MIN_MAX_SWAPPED;OCCURRENCE_STATUS_INFERRED_FROM_INDIVIDUAL_COUNT
1895698660,eda1016d-1f81-4c43-833f-5ae3f5b12504,908b29465235c958dcebd471c5864a8a,Animalia,Echinodermata,Echinoidea,Camarodonta,Echinometridae,Echinometra,Echinometra lucunter,NA,SPECIES,"Echinometra lucunter (Linnaeus, 1758)",Echinometra lucunter,"(Linnaeus, 1758)",MX,"Arrecife La Perla, extremo este del arrecife",NA,PRESENT,1,ff90b050-c256-11db-b71b-b8a03c50a862,18.543,-94.819194,90,NA,0,0,2.5,2.5,2013-06-17,17,6,2013,2278861,2278861,HUMAN_OBSERVATION,FCBA-UV,NA,NO APLICA,NA,González Gándara C.; De la Cruz Francisco V.; Argüelles Jiménez J.,NA,CC_BY_4_0,Comisión Nacional para el Conocimiento y Uso de la Biodiversidad (CONABIO),González Gándara C.,NotAType,NA,2025-07-05T04:15:43Z,NA,COORDINATE_ROUNDED;CONTINENT_DERIVED_FROM_COORDINATES;SCIENTIFIC_NAME_ID_NOT_FOUND;TAXON_ID_NOT_FOUND;DEPTH_MIN_MAX_SWAPPED;OCCURRENCE_STATUS_INFERRED_FROM_INDIVIDUAL_COUNT
1895698655,eda1016d-1f81-4c43-833f-5ae3f5b12504,8f95160772b285ff78276f8594ca640d,Animalia,Echinodermata,Echinoidea,Camarodonta,Echinometridae,Echinometra,Echinometra lucunter,NA,SPECIES,"Echinometra lucunter (Linnaeus, 1758)",Echinometra lucunter,"(Linnaeus, 1758)",MX,"Arrecife La Perla, extremo oeste del arrecife",NA,PRESENT,1,ff90b050-c256-11db-b71b-b8a03c50a862,18.551139,-94.872389,90,NA,0,0,1,1,2013-09-08,8,9,2013,2278861,2278861,HUMAN_OBSERVATION,FCBA-UV,NA,NO APLICA,NA,González Gándara C.; De la Cruz Francisco V.; Argüelles Jiménez J.,NA,CC_BY_4_0,Comisión Nacional para el Conocimiento y Uso de la Biodiversidad (CONABIO),De la Cruz Francisco V.,NotAType,NA,2025-07-05T04:15:43Z,NA,COORDINATE_ROUNDED;CONTINENT_DERIVED_FROM_COORDINATES;SCIENTIFIC_NAME_ID_NOT_FOUND;TAXON_ID_NOT_FOUND;DEPTH_MIN_MAX_SWAPPED;OCCURRENCE_STATUS_INFERRED_FROM_INDIVIDUAL_COUNT
1895698652,eda1016d-1f81-4c43-833f-5ae3f5b12504,e85708167e10d30f65fa1a93f5f8574d,Animalia,Echinodermata,Echinoidea,Camarodonta,Echinometridae,Echinometra,Echinometra lucunter,NA,SPECIES,"Echinometra lucunter (Linnaeus, 1758)",Echinometra lucunter,"(Linnaeus, 1758)",MX,"Arrecife La Perla, extremo oeste del arrecife",NA,PRESENT,1,ff90b050-c256-11db-b71b-b8a03c50a862,18.550861,-94.872139,90,NA,0,0,1,1,2013-09-08,8,9,2013,2278861,2278861,HUMAN_OBSERVATION,FCBA-UV,NA,NO APLICA,NA,González Gándara C.; De la Cruz Francisco V.; Argüelles Jiménez J.,NA,CC_BY_4_0,Comisión Nacional para el Conocimiento y Uso de la Biodiversidad (CONABIO),González Gándara C.,NotAType,NA,2025-07-05T04:15:43Z,NA,COORDINATE_ROUNDED;CONTINENT_DERIVED_FROM_COORDINATES;SCIENTIFIC_NAME_ID_NOT_FOUND;TAXON_ID_NOT_FOUND;DEPTH_MIN_MAX_SWAPPED;OCCURRENCE_STATUS_INFERRED_FROM_INDIVIDUAL_COUNT
1895698651,eda1016d-1f81-4c43-833f-5ae3f5b12504,b5a209548b1dbadfab48562f10a26252,Animalia,Echinodermata,Echinoidea,Camarodonta,Echinometridae,Echinometra,Echinometra lucunter,NA,SPECIES,"Echinometra lucunter (Linnaeus, 1758)",Echinometra lucunter,"(Linnaeus, 1758)",MX,"Arrecife Zapotitlán, al extremo norte del arrecife",NA,PRESENT,1,ff90b050-c256-11db-b71b-b8a03c50a862,18.511167,-94.782167,90,NA,0,0,3,3,2013-06-18,18,6,2013,2278861,2278861,HUMAN_OBSERVATION,FCBA-UV,NA,NO APLICA,NA,González Gándara C.; De la Cruz Francisco V.; Argüelles Jiménez J.,NA,CC_BY_4_0,Comisión Nacional para el Conocimiento y Uso de la Biodiversidad (CONABIO),Argüelles Jiménez J.,NotAType,NA,2025-07-05T04:15:43Z,NA,COORDINATE_ROUNDED;CONTINENT_DERIVED_FROM_COORDINATES;SCIENTIFIC_NAME_ID_NOT_FOUND;TAXON_ID_NOT_FOUND;DEPTH_MIN_MAX_SWAPPED;OCCURRENCE_STATUS_INFERRED_FROM_INDIVIDUAL_COUNT
1895698648,eda1016d-1f81-4c43-833f-5ae3f5b12504,8c3ae0588e8421a852a1ef9451d11c14,Animalia,Echinodermata,Echinoidea,Camarodonta,Echinometridae,Echinometra,Echinometra lucunter,NA,SPECIES,"Echinometra lucunter (Linnaeus, 1758)",Echinometra lucunter,"(Linnaeus, 1758)",MX,"Arrecife Zapotitlán, área central del arrecife",NA,PRESENT,1,ff90b050-c256-11db-b71b-b8a03c50a862,18.501778,-94.780417,90,NA,0,0,2,2,2013-09-07,7,9,2013,2278861,2278861,HUMAN_OBSERVATION,FCBA-UV,NA,NO APLICA,NA,González Gándara C.; De la Cruz Francisco V.; Argüelles Jiménez J.,NA,CC_BY_4_0,Comisión Nacional para el Conocimiento y Uso de la Biodiversidad (CONABIO),De la Cruz Francisco V.,NotAType,NA,2025-07-05T04:15:43Z,NA,COORDINATE_ROUNDED;CONTINENT_DERIVED_FROM_COORDINATES;SCIENTIFIC_NAME_ID_NOT_FOUND;TAXON_ID_NOT_FOUND;DEPTH_MIN_MAX_SWAPPED;OCCURRENCE_STATUS_INFERRED_FROM_INDIVIDUAL_COUNT
1895698646,eda1016d-1f81-4c43-833f-5ae3f5b12504,e7cd9f652408d50168a199d8214dc388,Animalia,Echinodermata,Echinoidea,Camarodonta,Echinometridae,Echinometra,Echinometra lucunter,NA,SPECIES,"Echinometra lucunter (Linnaeus, 1758)",Echinometra lucunter,"(Linnaeus, 1758)",MX,"Arrecife Zapotitlán, al extremo sur del arrecife",NA,PRESENT,1,ff90b050-c256-11db-b71b-b8a03c50a862,18.486861,-94.775833,90,NA,0,0,2.5,2.5,2013-09-05,5,9,2013,2278861,2278861,HUMAN_OBSERVATION,FCBA-UV,NA,NO APLICA,NA,González Gándara C.; De la Cruz Francisco V.; Argüelles Jiménez J.,NA,CC_BY_4_0,Comisión Nacional para el Conocimiento y Uso de la Biodiversidad (CONABIO),De la Cruz Francisco V.,NotAType,NA,2025-07-05T04:15:43Z,NA,COORDINATE_ROUNDED;CONTINENT_DERIVED_FROM_COORDINATES;SCIENTIFIC_NAME_ID_NOT_FOUND;TAXON_ID_NOT_FOUND;DEPTH_MIN_MAX_SWAPPED;OCCURRENCE_STATUS_INFERRED_FROM_INDIVIDUAL_COUNT
1895698645,eda1016d-1f81-4c43-833f-5ae3f5b12504,d370983f8b3ac588312ec204889f6b6c,Animalia,Echinodermata,Echinoidea,Camarodonta,Echinometridae,Echinometra,Echinometra lucunter,NA,SPECIES,"Echinometra lucunter (Linnaeus, 1758)",Echinometra lucunter,"(Linnaeus, 1758)",MX,"Arrecife La Perla, porción central del arrecife",NA,PRESENT,1,ff90b050-c256-11db-b71b-b8a03c50a862,18.543667,-94.826583,90,NA,0,0,1,1,2013-09-07,7,9,2013,2278861,2278861,HUMAN_OBSERVATION,FCBA-UV,NA,NO APLICA,NA,González Gándara C.; De la Cruz Francisco V.; Argüelles Jiménez J.,NA,CC_BY_4_0,Comisión Nacional para el Conocimiento y Uso de la Biodiversidad (CONABIO),González Gándara C.,NotAType,NA,2025-07-05T04:15:43Z,NA,COORDINATE_ROUNDED;CONTINENT_DERIVED_FROM_COORDINATES;SCIENTIFIC_NAME_ID_NOT_FOUND;TAXON_ID_NOT_FOUND;DEPTH_MIN_MAX_SWAPPED;OCCURRENCE_STATUS_INFERRED_FROM_INDIVIDUAL_COUNT
1895698644,eda1016d-1f81-4c43-833f-5ae3f5b12504,b4f9a408e649ac3b53b1764efa2ce705,Animalia,Echinodermata,Echinoidea,Camarodonta,Echinometridae,Echinometra,Echinometra lucunter,NA,SPECIES,"Echinometra lucunter (Linnaeus, 1758)",Echinometra lucunter,"(Linnaeus, 1758)",MX,"Arrecife Zapotitlán, área central del arrecife",NA,PRESENT,1,ff90b050-c256-11db-b71b-b8a03c50a862,18.500944,-94.781139,90,NA,0,0,1.5,1.5,2013-09-07,7,9,2013,2278861,2278861,HUMAN_OBSERVATION,FCBA-UV,NA,NO APLICA,NA,González Gándara C.; De la Cruz Francisco V.; Argüelles Jiménez J.,NA,CC_BY_4_0,Comisión Nacional para el Conocimiento y Uso de la Biodiversidad (CONABIO),González Gándara C.,NotAType,NA,2025-07-05T04:15:43Z,NA,COORDINATE_ROUNDED;CONTINENT_DERIVED_FROM_COORDINATES;SCIENTIFIC_NAME_ID_NOT_FOUND;TAXON_ID_NOT_FOUND;DEPTH_MIN_MAX_SWAPPED;OCCURRENCE_STATUS_INFERRED_FROM_INDIVIDUAL_COUNT
1895698642,eda1016d-1f81-4c43-833f-5ae3f5b12504,8be767dd162f2bbadff7e1c5f78c9119,Animalia,Echinodermata,Echinoidea,Camarodonta,Echinometridae,Echinometra,Echinometra lucunter,NA,SPECIES,"Echinometra lucunter (Linnaeus, 1758)",Echinometra lucunter,"(Linnaeus, 1758)",MX,"Arrecife Zapotitlán, área central del arrecife",NA,PRESENT,1,ff90b050-c256-11db-b71b-b8a03c50a862,18.509944,-94.781528,90,NA,0,0,2,2,2013-09-06,6,9,2013,2278861,2278861,HUMAN_OBSERVATION,FCBA-UV,NA,NO APLICA,NA,González Gándara C.; De la Cruz Francisco V.; Argüelles Jiménez J.,NA,CC_BY_4_0,Comisión Nacional para el Conocimiento y Uso de la Biodiversidad (CONABIO),González Gándara C.,NotAType,NA,2025-07-05T04:15:43Z,NA,COORDINATE_ROUNDED;CONTINENT_DERIVED_FROM_COORDINATES;SCIENTIFIC_NAME_ID_NOT_FOUND;TAXON_ID_NOT_FOUND;DEPTH_MIN_MAX_SWAPPED;OCCURRENCE_STATUS_INFERRED_FROM_INDIVIDUAL_COUNT
1895698639,eda1016d-1f81-4c43-833f-5ae3f5b12504,d35fdbc9bec2686bfab9a35de7c71efe,Animalia,Echinodermata,Echinoidea,Camarodonta,Echinometridae,Echinometra,Echinometra lucunter,NA,SPECIES,"Echinometra lucunter (Linnaeus, 1758)",Echinometra lucunter,"(Linnaeus, 1758)",MX,"Arrecife Zapotitlán, al extremo norte del arrecife",NA,PRESENT,1,ff90b050-c256-11db-b71b-b8a03c50a862,18.515778,-94.786028,90,NA,0,0,3,3,2013-06-18,18,6,2013,2278861,2278861,HUMAN_OBSERVATION,FCBA-UV,NA,NO APLICA,NA,González Gándara C.; De la Cruz Francisco V.; Argüelles Jiménez J.,NA,CC_BY_4_0,Comisión Nacional para el Conocimiento y Uso de la Biodiversidad (CONABIO),Argüelles Jiménez J.,NotAType,NA,2025-07-05T04:15:43Z,NA,COORDINATE_ROUNDED;CONTINENT_DERIVED_FROM_COORDINATES;SCIENTIFIC_NAME_ID_NOT_FOUND;TAXON_ID_NOT_FOUND;DEPTH_MIN_MAX_SWAPPED;OCCURRENCE_STATUS_INFERRED_FROM_INDIVIDUAL_COUNT
1895698638,eda1016d-1f81-4c43-833f-5ae3f5b12504,b47dd885701ec75d6a14626632ce1a58,Animalia,Echinodermata,Echinoidea,Camarodonta,Echinometridae,Echinometra,Echinometra lucunter,NA,SPECIES,"Echinometra lucunter (Linnaeus, 1758)",Echinometra lucunter,"(Linnaeus, 1758)",MX,"Arrecife Blanquilla, al este de barlovento",NA,PRESENT,1,ff90b050-c256-11db-b71b-b8a03c50a862,21.544972,-97.27725,70,NA,0,0,2.5,2.5,2013-03-23,23,3,2013,2278861,2278861,HUMAN_OBSERVATION,FCBA-UV,NA,NO APLICA,NA,González Gándara C.; De la Cruz Francisco V.; Argüelles Jiménez J.,NA,CC_BY_4_0,Comisión Nacional para el Conocimiento y Uso de la Biodiversidad (CONABIO),De la Cruz Francisco V.,NotAType,NA,2025-07-05T04:15:43Z,NA,COORDINATE_ROUNDED;CONTINENT_DERIVED_FROM_COORDINATES;SCIENTIFIC_NAME_ID_NOT_FOUND;TAXON_ID_NOT_FOUND;DEPTH_MIN_MAX_SWAPPED;OCCURRENCE_STATUS_INFERRED_FROM_INDIVIDUAL_COUNT
1895698630,eda1016d-1f81-4c43-833f-5ae3f5b12504,89e8a277b7fa8c2e5b3d1d8b3e1dae99,Animalia,Echinodermata,Echinoidea,Camarodonta,Echinometridae,Echinometra,Echinometra lucunter,NA,SPECIES,"Echinometra lucunter (Linnaeus, 1758)",Echinometra lucunter,"(Linnaeus, 1758)",MX,"Arrecife Zapotitlán, al extremo sur del arrecife",NA,PRESENT,1,ff90b050-c256-11db-b71b-b8a03c50a862,18.486972,-94.775528,90,NA,0,0,2.5,2.5,2013-09-05,5,9,2013,2278861,2278861,HUMAN_OBSERVATION,FCBA-UV,NA,NO APLICA,NA,González Gándara C.; De la Cruz Francisco V.; Argüelles Jiménez J.,NA,CC_BY_4_0,Comisión Nacional para el Conocimiento y Uso de la Biodiversidad (CONABIO),González Gándara C.,NotAType,NA,2025-07-05T04:15:43Z,NA,COORDINATE_ROUNDED;CONTINENT_DERIVED_FROM_COORDINATES;SCIENTIFIC_NAME_ID_NOT_FOUND;TAXON_ID_NOT_FOUND;DEPTH_MIN_MAX_SWAPPED;OCCURRENCE_STATUS_INFERRED_FROM_INDIVIDUAL_COUNT
1895698627,eda1016d-1f81-4c43-833f-5ae3f5b12504,e4b3016d2e2be798fc00d82897f053dc,Animalia,Echinodermata,Echinoidea,Camarodonta,Echinometridae,Echinometra,Echinometra lucunter,NA,SPECIES,"Echinometra lucunter (Linnaeus, 1758)",Echinometra lucunter,"(Linnaeus, 1758)",MX,"Arrecife Zapotitlán, área central del arrecife",NA,PRESENT,1,ff90b050-c256-11db-b71b-b8a03c50a862,18.49725,-94.778778,90,NA,0,0,1.5,1.5,2013-09-06,6,9,2013,2278861,2278861,HUMAN_OBSERVATION,FCBA-UV,NA,NO APLICA,NA,González Gándara C.; De la Cruz Francisco V.; Argüelles Jiménez J.,NA,CC_BY_4_0,Comisión Nacional para el Conocimiento y Uso de la Biodiversidad (CONABIO),González Gándara C.,NotAType,NA,2025-07-05T04:15:43Z,NA,COORDINATE_ROUNDED;CONTINENT_DERIVED_FROM_COORDINATES;SCIENTIFIC_NAME_ID_NOT_FOUND;TAXON_ID_NOT_FOUND;DEPTH_MIN_MAX_SWAPPED;OCCURRENCE_STATUS_INFERRED_FROM_INDIVIDUAL_COUNT
1895698624,eda1016d-1f81-4c43-833f-5ae3f5b12504,89524aa54ff2146a899285cac3048026,Animalia,Echinodermata,Echinoidea,Camarodonta,Echinometridae,Echinometra,Echinometra lucunter,NA,SPECIES,"Echinometra lucunter (Linnaeus, 1758)",Echinometra lucunter,"(Linnaeus, 1758)",MX,"Arrecife La Perla, porción central del arrecife",NA,PRESENT,1,ff90b050-c256-11db-b71b-b8a03c50a862,18.543667,-94.826055,90,NA,0,0,1,1,2013-09-07,7,9,2013,2278861,2278861,HUMAN_OBSERVATION,FCBA-UV,NA,NO APLICA,NA,González Gándara C.; De la Cruz Francisco V.; Argüelles Jiménez J.,NA,CC_BY_4_0,Comisión Nacional para el Conocimiento y Uso de la Biodiversidad (CONABIO),González Gándara C.,NotAType,NA,2025-07-05T04:15:43Z,NA,COORDINATE_ROUNDED;CONTINENT_DERIVED_FROM_COORDINATES;SCIENTIFIC_NAME_ID_NOT_FOUND;TAXON_ID_NOT_FOUND;DEPTH_MIN_MAX_SWAPPED;OCCURRENCE_STATUS_INFERRED_FROM_INDIVIDUAL_COUNT
1895698617,eda1016d-1f81-4c43-833f-5ae3f5b12504,88af62a88497dbdd5fdbb7dae3e12161,Animalia,Echinodermata,Echinoidea,Camarodonta,Echinometridae,Echinometra,Echinometra lucunter,NA,SPECIES,"Echinometra lucunter (Linnaeus, 1758)",Echinometra lucunter,"(Linnaeus, 1758)",MX,"Arrecife Zapotitlán, área central del arrecife",NA,PRESENT,1,ff90b050-c256-11db-b71b-b8a03c50a862,18.501278,-94.780472,90,NA,0,0,2,2,2013-09-07,7,9,2013,2278861,2278861,HUMAN_OBSERVATION,FCBA-UV,NA,NO APLICA,NA,González Gándara C.; De la Cruz Francisco V.; Argüelles Jiménez J.,NA,CC_BY_4_0,Comisión Nacional para el Conocimiento y Uso de la Biodiversidad (CONABIO),González Gándara C.,NotAType,NA,2025-07-05T04:15:43Z,NA,COORDINATE_ROUNDED;CONTINENT_DERIVED_FROM_COORDINATES;SCIENTIFIC_NAME_ID_NOT_FOUND;TAXON_ID_NOT_FOUND;DEPTH_MIN_MAX_SWAPPED;OCCURRENCE_STATUS_INFERRED_FROM_INDIVIDUAL_COUNT
1895698615,eda1016d-1f81-4c43-833f-5ae3f5b12504,b0e27eb378db659100ac1de9d4a87f8c,Animalia,Echinodermata,Echinoidea,Camarodonta,Echinometridae,Echinometra,Echinometra lucunter,NA,SPECIES,"Echinometra lucunter (Linnaeus, 1758)",Echinometra lucunter,"(Linnaeus, 1758)",MX,"Arrecife La Perla, extremo oeste del arrecife, inmediaciones del barco undido",NA,PRESENT,1,ff90b050-c256-11db-b71b-b8a03c50a862,18.550861,-94.876167,90,NA,0,0,1.5,1.5,2013-09-08,8,9,2013,2278861,2278861,HUMAN_OBSERVATION,FCBA-UV,NA,NO APLICA,NA,González Gándara C.; De la Cruz Francisco V.; Argüelles Jiménez J.,NA,CC_BY_4_0,Comisión Nacional para el Conocimiento y Uso de la Biodiversidad (CONABIO),González Gándara C.,NotAType,NA,2025-07-05T04:15:43Z,NA,COORDINATE_ROUNDED;CONTINENT_DERIVED_FROM_COORDINATES;SCIENTIFIC_NAME_ID_NOT_FOUND;TAXON_ID_NOT_FOUND;DEPTH_MIN_MAX_SWAPPED;OCCURRENCE_STATUS_INFERRED_FROM_INDIVIDUAL_COUNT
1895698613,eda1016d-1f81-4c43-833f-5ae3f5b12504,d197797d9641ab8ca28c075beb9b02fe,Animalia,Echinodermata,Echinoidea,Camarodonta,Echinometridae,Echinometra,Echinometra lucunter,NA,SPECIES,"Echinometra lucunter (Linnaeus, 1758)",Echinometra lucunter,"(Linnaeus, 1758)",MX,"Arrecife Zapotitlán, al extremo sur del arrecife",NA,PRESENT,1,ff90b050-c256-11db-b71b-b8a03c50a862,18.487139,-94.775583,90,NA,0,0,2.5,2.5,2013-09-05,5,9,2013,2278861,2278861,HUMAN_OBSERVATION,FCBA-UV,NA,NO APLICA,NA,González Gándara C.; De la Cruz Francisco V.; Argüelles Jiménez J.,NA,CC_BY_4_0,Comisión Nacional para el Conocimiento y Uso de la Biodiversidad (CONABIO),Argüelles Jiménez J.,NotAType,NA,2025-07-05T04:15:43Z,NA,COORDINATE_ROUNDED;CONTINENT_DERIVED_FROM_COORDINATES;SCIENTIFIC_NAME_ID_NOT_FOUND;TAXON_ID_NOT_FOUND;DEPTH_MIN_MAX_SWAPPED;OCCURRENCE_STATUS_INFERRED_FROM_INDIVIDUAL_COUNT
1895698610,eda1016d-1f81-4c43-833f-5ae3f5b12504,d10c2b8b989360aeb3098bc9abdd59c0,Animalia,Echinodermata,Echinoidea,Camarodonta,Echinometridae,Echinometra,Echinometra lucunter,NA,SPECIES,"Echinometra lucunter (Linnaeus, 1758)",Echinometra lucunter,"(Linnaeus, 1758)",MX,"Arrecife Zapotitlán, área central del arrecife",NA,PRESENT,1,ff90b050-c256-11db-b71b-b8a03c50a862,18.496806,-94.77825,90,NA,0,0,1.5,1.5,2013-09-06,6,9,2013,2278861,2278861,HUMAN_OBSERVATION,FCBA-UV,NA,NO APLICA,NA,González Gándara C.; De la Cruz Francisco V.; Argüelles Jiménez J.,NA,CC_BY_4_0,Comisión Nacional para el Conocimiento y Uso de la Biodiversidad (CONABIO),De la Cruz Francisco V.,NotAType,NA,2025-07-05T04:15:43Z,NA,COORDINATE_ROUNDED;CONTINENT_DERIVED_FROM_COORDINATES;SCIENTIFIC_NAME_ID_NOT_FOUND;TAXON_ID_NOT_FOUND;DEPTH_MIN_MAX_SWAPPED;OCCURRENCE_STATUS_INFERRED_FROM_INDIVIDUAL_COUNT
1895698607,eda1016d-1f81-4c43-833f-5ae3f5b12504,e34bcc2f69aef82d467d50939b8410c6,Animalia,Echinodermata,Echinoidea,Camarodonta,Echinometridae,Echinometra,Echinometra lucunter,NA,SPECIES,"Echinometra lucunter (Linnaeus, 1758)",Echinometra lucunter,"(Linnaeus, 1758)",MX,"Arrecife Zapotitlán, al extremo sur del arrecife",NA,PRESENT,1,ff90b050-c256-11db-b71b-b8a03c50a862,18.486972,-94.775694,90,NA,0,0,2.5,2.5,2013-09-05,5,9,2013,2278861,2278861,HUMAN_OBSERVATION,FCBA-UV,NA,NO APLICA,NA,González Gándara C.; De la Cruz Francisco V.; Argüelles Jiménez J.,NA,CC_BY_4_0,Comisión Nacional para el Conocimiento y Uso de la Biodiversidad (CONABIO),González Gándara C.,NotAType,NA,2025-07-05T04:15:43Z,NA,COORDINATE_ROUNDED;CONTINENT_DERIVED_FROM_COORDINATES;SCIENTIFIC_NAME_ID_NOT_FOUND;TAXON_ID_NOT_FOUND;DEPTH_MIN_MAX_SWAPPED;OCCURRENCE_STATUS_INFERRED_FROM_INDIVIDUAL_COUNT
1895698606,eda1016d-1f81-4c43-833f-5ae3f5b12504,d01210f83a8838eb006095f9f607c492,Animalia,Echinodermata,Echinoidea,Camarodonta,Echinometridae,Echinometra,Echinometra lucunter,NA,SPECIES,"Echinometra lucunter (Linnaeus, 1758)",Echinometra lucunter,"(Linnaeus, 1758)",MX,"Arrecife Tripie, extremo sur del arrecife",NA,PRESENT,1,ff90b050-c256-11db-b71b-b8a03c50a862,18.175889,-94.368028,90,NA,0,0,6,6,2013-08-13,13,8,2013,2278861,2278861,HUMAN_OBSERVATION,FCBA-UV,NA,NO APLICA,NA,González Gándara C.; De la Cruz Francisco V.; Argüelles Jiménez J.,NA,CC_BY_4_0,Comisión Nacional para el Conocimiento y Uso de la Biodiversidad (CONABIO),Argüelles Jiménez J.,NotAType,NA,2025-07-05T04:15:43Z,NA,COORDINATE_ROUNDED;CONTINENT_DERIVED_FROM_COORDINATES;SCIENTIFIC_NAME_ID_NOT_FOUND;TAXON_ID_NOT_FOUND;DEPTH_MIN_MAX_SWAPPED;OCCURRENCE_STATUS_INFERRED_FROM_INDIVIDUAL_COUNT
1895698605,eda1016d-1f81-4c43-833f-5ae3f5b12504,b03121a3b2689158ddcbcf1d134c30f7,Animalia,Echinodermata,Echinoidea,Camarodonta,Echinometridae,Echinometra,Echinometra lucunter,NA,SPECIES,"Echinometra lucunter (Linnaeus, 1758)",Echinometra lucunter,"(Linnaeus, 1758)",MX,"Arrecife Blanquilla, al este de barlovento",NA,PRESENT,1,ff90b050-c256-11db-b71b-b8a03c50a862,21.545111,-97.277555,70,NA,0,0,2.5,2.5,2013-03-23,23,3,2013,2278861,2278861,HUMAN_OBSERVATION,FCBA-UV,NA,NO APLICA,NA,González Gándara C.; De la Cruz Francisco V.; Argüelles Jiménez J.,NA,CC_BY_4_0,Comisión Nacional para el Conocimiento y Uso de la Biodiversidad (CONABIO),Argüelles Jiménez J.,NotAType,NA,2025-07-05T04:15:43Z,NA,COORDINATE_ROUNDED;CONTINENT_DERIVED_FROM_COORDINATES;SCIENTIFIC_NAME_ID_NOT_FOUND;TAXON_ID_NOT_FOUND;DEPTH_MIN_MAX_SWAPPED;OCCURRENCE_STATUS_INFERRED_FROM_INDIVIDUAL_COUNT
1895698604,eda1016d-1f81-4c43-833f-5ae3f5b12504,b0263879a3613486cac070c9d7c3ba3f,Animalia,Echinodermata,Echinoidea,Camarodonta,Echinometridae,Echinometra,Echinometra lucunter,NA,SPECIES,"Echinometra lucunter (Linnaeus, 1758)",Echinometra lucunter,"(Linnaeus, 1758)",MX,"Arrecife Zapotitlán, al extremo norte del arrecife",NA,PRESENT,1,ff90b050-c256-11db-b71b-b8a03c50a862,18.511889,-94.783,90,NA,0,0,3,3,2013-06-18,18,6,2013,2278861,2278861,HUMAN_OBSERVATION,FCBA-UV,NA,NO APLICA,NA,González Gándara C.; De la Cruz Francisco V.; Argüelles Jiménez J.,NA,CC_BY_4_0,Comisión Nacional para el Conocimiento y Uso de la Biodiversidad (CONABIO),Argüelles Jiménez J.,NotAType,NA,2025-07-05T04:15:43Z,NA,COORDINATE_ROUNDED;CONTINENT_DERIVED_FROM_COORDINATES;SCIENTIFIC_NAME_ID_NOT_FOUND;TAXON_ID_NOT_FOUND;DEPTH_MIN_MAX_SWAPPED;OCCURRENCE_STATUS_INFERRED_FROM_INDIVIDUAL_COUNT
1895698603,eda1016d-1f81-4c43-833f-5ae3f5b12504,8720834b8cb035cd32664ac9c2c0bab2,Animalia,Echinodermata,Echinoidea,Camarodonta,Echinometridae,Echinometra,Echinometra lucunter,NA,SPECIES,"Echinometra lucunter (Linnaeus, 1758)",Echinometra lucunter,"(Linnaeus, 1758)",MX,"Arrecife Zapotitlán, al extremo sur del arrecife",NA,PRESENT,1,ff90b050-c256-11db-b71b-b8a03c50a862,18.489278,-94.777833,90,NA,0,0,1.5,1.5,2013-09-05,5,9,2013,2278861,2278861,HUMAN_OBSERVATION,FCBA-UV,NA,NO APLICA,NA,González Gándara C.; De la Cruz Francisco V.; Argüelles Jiménez J.,NA,CC_BY_4_0,Comisión Nacional para el Conocimiento y Uso de la Biodiversidad (CONABIO),Argüelles Jiménez J.,NotAType,NA,2025-07-05T04:15:43Z,NA,COORDINATE_ROUNDED;CONTINENT_DERIVED_FROM_COORDINATES;SCIENTIFIC_NAME_ID_NOT_FOUND;TAXON_ID_NOT_FOUND;DEPTH_MIN_MAX_SWAPPED;OCCURRENCE_STATUS_INFERRED_FROM_INDIVIDUAL_COUNT
1895698601,eda1016d-1f81-4c43-833f-5ae3f5b12504,cef58a6e95cb0b027dcf43083bcc4c06,Animalia,Echinodermata,Echinoidea,Camarodonta,Echinometridae,Echinometra,Echinometra lucunter,NA,SPECIES,"Echinometra lucunter (Linnaeus, 1758)",Echinometra lucunter,"(Linnaeus, 1758)",MX,"Arrecife La Perla, extremo oeste del arrecife, inmediaciones del barco undido",NA,PRESENT,1,ff90b050-c256-11db-b71b-b8a03c50a862,18.551139,-94.876972,90,NA,0,0,1.5,1.5,2013-09-08,8,9,2013,2278861,2278861,HUMAN_OBSERVATION,FCBA-UV,NA,NO APLICA,NA,González Gándara C.; De la Cruz Francisco V.; Argüelles Jiménez J.,NA,CC_BY_4_0,Comisión Nacional para el Conocimiento y Uso de la Biodiversidad (CONABIO),González Gándara C.,NotAType,NA,2025-07-05T04:15:43Z,NA,COORDINATE_ROUNDED;CONTINENT_DERIVED_FROM_COORDINATES;SCIENTIFIC_NAME_ID_NOT_FOUND;TAXON_ID_NOT_FOUND;DEPTH_MIN_MAX_SWAPPED;OCCURRENCE_STATUS_INFERRED_FROM_INDIVIDUAL_COUNT
1895698599,eda1016d-1f81-4c43-833f-5ae3f5b12504,e2ded042eaa35cecf4a7a0736e521f51,Animalia,Echinodermata,Echinoidea,Camarodonta,Echinometridae,Echinometra,Echinometra lucunter,NA,SPECIES,"Echinometra lucunter (Linnaeus, 1758)",Echinometra lucunter,"(Linnaeus, 1758)",MX,"Arrecife Zapotitlán, área central del arrecife",NA,PRESENT,1,ff90b050-c256-11db-b71b-b8a03c50a862,18.500944,-94.780555,90,NA,0,0,2,2,2013-09-07,7,9,2013,2278861,2278861,HUMAN_OBSERVATION,FCBA-UV,NA,NO APLICA,NA,González Gándara C.; De la Cruz Francisco V.; Argüelles Jiménez J.,NA,CC_BY_4_0,Comisión Nacional para el Conocimiento y Uso de la Biodiversidad (CONABIO),Argüelles Jiménez J.,NotAType,NA,2025-07-05T04:15:43Z,NA,COORDINATE_ROUNDED;CONTINENT_DERIVED_FROM_COORDINATES;SCIENTIFIC_NAME_ID_NOT_FOUND;TAXON_ID_NOT_FOUND;DEPTH_MIN_MAX_SWAPPED;OCCURRENCE_STATUS_INFERRED_FROM_INDIVIDUAL_COUNT
1895698594,eda1016d-1f81-4c43-833f-5ae3f5b12504,cd687ac39f264c6131a5b2abc2900e66,Animalia,Echinodermata,Echinoidea,Camarodonta,Echinometridae,Echinometra,Echinometra lucunter,NA,SPECIES,"Echinometra lucunter (Linnaeus, 1758)",Echinometra lucunter,"(Linnaeus, 1758)",MX,"Arrecife Palo Seco, área central del arrecife",NA,PRESENT,1,ff90b050-c256-11db-b71b-b8a03c50a862,18.175806,-94.525028,90,NA,0,0,7.5,7.5,2013-06-15,15,6,2013,2278861,2278861,HUMAN_OBSERVATION,FCBA-UV,NA,NO APLICA,NA,González Gándara C.; De la Cruz Francisco V.; Argüelles Jiménez J.,NA,CC_BY_4_0,Comisión Nacional para el Conocimiento y Uso de la Biodiversidad (CONABIO),González Gándara C.,NotAType,NA,2025-07-05T04:15:43Z,NA,COORDINATE_ROUNDED;CONTINENT_DERIVED_FROM_COORDINATES;SCIENTIFIC_NAME_ID_NOT_FOUND;TAXON_ID_NOT_FOUND;DEPTH_MIN_MAX_SWAPPED;OCCURRENCE_STATUS_INFERRED_FROM_INDIVIDUAL_COUNT
1895698592,eda1016d-1f81-4c43-833f-5ae3f5b12504,ad8f19757498dd254cb9de313a679bfe,Animalia,Echinodermata,Echinoidea,Camarodonta,Echinometridae,Echinometra,Echinometra lucunter,NA,SPECIES,"Echinometra lucunter (Linnaeus, 1758)",Echinometra lucunter,"(Linnaeus, 1758)",MX,"Arrecife Zapotitlán, área central del arrecife",NA,PRESENT,1,ff90b050-c256-11db-b71b-b8a03c50a862,18.510611,-94.782139,90,NA,0,0,2,2,2013-09-06,6,9,2013,2278861,2278861,HUMAN_OBSERVATION,FCBA-UV,NA,NO APLICA,NA,González Gándara C.; De la Cruz Francisco V.; Argüelles Jiménez J.,NA,CC_BY_4_0,Comisión Nacional para el Conocimiento y Uso de la Biodiversidad (CONABIO),Argüelles Jiménez J.,NotAType,NA,2025-07-05T04:15:43Z,NA,COORDINATE_ROUNDED;CONTINENT_DERIVED_FROM_COORDINATES;SCIENTIFIC_NAME_ID_NOT_FOUND;TAXON_ID_NOT_FOUND;DEPTH_MIN_MAX_SWAPPED;OCCURRENCE_STATUS_INFERRED_FROM_INDIVIDUAL_COUNT
1895698589,eda1016d-1f81-4c43-833f-5ae3f5b12504,836eedb1b50ff13508b0648a08d5c0b0,Animalia,Echinodermata,Echinoidea,Camarodonta,Echinometridae,Echinometra,Echinometra lucunter,NA,SPECIES,"Echinometra lucunter (Linnaeus, 1758)",Echinometra lucunter,"(Linnaeus, 1758)",MX,"Arrecife Medio, al sureste de barlovento",NA,PRESENT,1,ff90b050-c256-11db-b71b-b8a03c50a862,21.50725,-97.251055,70,NA,0,0,2.5,2.5,2013-05-05,5,5,2013,2278861,2278861,HUMAN_OBSERVATION,FCBA-UV,NA,NO APLICA,NA,González Gándara C.; De la Cruz Francisco V.; Argüelles Jiménez J.,NA,CC_BY_4_0,Comisión Nacional para el Conocimiento y Uso de la Biodiversidad (CONABIO),De la Cruz Francisco V.,NotAType,NA,2025-07-05T04:15:43Z,NA,COORDINATE_ROUNDED;CONTINENT_DERIVED_FROM_COORDINATES;SCIENTIFIC_NAME_ID_NOT_FOUND;TAXON_ID_NOT_FOUND;DEPTH_MIN_MAX_SWAPPED;OCCURRENCE_STATUS_INFERRED_FROM_INDIVIDUAL_COUNT
1895698588,eda1016d-1f81-4c43-833f-5ae3f5b12504,cb7586a186c75b14c758576a0aecf26a,Animalia,Echinodermata,Echinoidea,Camarodonta,Echinometridae,Echinometra,Echinometra lucunter,NA,SPECIES,"Echinometra lucunter (Linnaeus, 1758)",Echinometra lucunter,"(Linnaeus, 1758)",MX,"Arrecife Zapotitlán, área central del arrecife",NA,PRESENT,1,ff90b050-c256-11db-b71b-b8a03c50a862,18.496333,-94.778555,90,NA,0,0,2,2,2013-09-06,6,9,2013,2278861,2278861,HUMAN_OBSERVATION,FCBA-UV,NA,NO APLICA,NA,González Gándara C.; De la Cruz Francisco V.; Argüelles Jiménez J.,NA,CC_BY_4_0,Comisión Nacional para el Conocimiento y Uso de la Biodiversidad (CONABIO),González Gándara C.,NotAType,NA,2025-07-05T04:15:43Z,NA,COORDINATE_ROUNDED;CONTINENT_DERIVED_FROM_COORDINATES;SCIENTIFIC_NAME_ID_NOT_FOUND;TAXON_ID_NOT_FOUND;DEPTH_MIN_MAX_SWAPPED;OCCURRENCE_STATUS_INFERRED_FROM_INDIVIDUAL_COUNT
1895698584,eda1016d-1f81-4c43-833f-5ae3f5b12504,cb224d3fa6a1945e6ca95230bd7c57c2,Animalia,Echinodermata,Echinoidea,Camarodonta,Echinometridae,Echinometra,Echinometra lucunter,NA,SPECIES,"Echinometra lucunter (Linnaeus, 1758)",Echinometra lucunter,"(Linnaeus, 1758)",MX,"Arrecife La Perla, extremo oeste del arrecife, inmediaciones del barco undido",NA,PRESENT,1,ff90b050-c256-11db-b71b-b8a03c50a862,18.550944,-94.875889,90,NA,0,0,1.5,1.5,2013-09-08,8,9,2013,2278861,2278861,HUMAN_OBSERVATION,FCBA-UV,NA,NO APLICA,NA,González Gándara C.; De la Cruz Francisco V.; Argüelles Jiménez J.,NA,CC_BY_4_0,Comisión Nacional para el Conocimiento y Uso de la Biodiversidad (CONABIO),González Gándara C.,NotAType,NA,2025-07-05T04:15:43Z,NA,COORDINATE_ROUNDED;CONTINENT_DERIVED_FROM_COORDINATES;SCIENTIFIC_NAME_ID_NOT_FOUND;TAXON_ID_NOT_FOUND;DEPTH_MIN_MAX_SWAPPED;OCCURRENCE_STATUS_INFERRED_FROM_INDIVIDUAL_COUNT
1895698582,eda1016d-1f81-4c43-833f-5ae3f5b12504,dfae30c0e65e402f5b1e28ac7b9fa629,Animalia,Echinodermata,Echinoidea,Camarodonta,Echinometridae,Echinometra,Echinometra lucunter,NA,SPECIES,"Echinometra lucunter (Linnaeus, 1758)",Echinometra lucunter,"(Linnaeus, 1758)",MX,"Arrecife Zapotitlán, área central del arrecife",NA,PRESENT,1,ff90b050-c256-11db-b71b-b8a03c50a862,18.497278,-94.778444,90,NA,0,0,2,2,2013-09-06,6,9,2013,2278861,2278861,HUMAN_OBSERVATION,FCBA-UV,NA,NO APLICA,NA,González Gándara C.; De la Cruz Francisco V.; Argüelles Jiménez J.,NA,CC_BY_4_0,Comisión Nacional para el Conocimiento y Uso de la Biodiversidad (CONABIO),González Gándara C.,NotAType,NA,2025-07-05T04:15:43Z,NA,COORDINATE_ROUNDED;CONTINENT_DERIVED_FROM_COORDINATES;SCIENTIFIC_NAME_ID_NOT_FOUND;TAXON_ID_NOT_FOUND;DEPTH_MIN_MAX_SWAPPED;OCCURRENCE_STATUS_INFERRED_FROM_INDIVIDUAL_COUNT
1895698581,eda1016d-1f81-4c43-833f-5ae3f5b12504,64a517c7ea7bd605d84b4c38da51d787,Animalia,Echinodermata,Echinoidea,Camarodonta,Echinometridae,Echinometra,Echinometra lucunter,NA,SPECIES,"Echinometra lucunter (Linnaeus, 1758)",Echinometra lucunter,"(Linnaeus, 1758)",MX,"Arrecife Zapotitlán, área central del arrecife",NA,PRESENT,1,ff90b050-c256-11db-b71b-b8a03c50a862,18.510194,-94.782111,90,NA,0,0,2,2,2013-09-06,6,9,2013,2278861,2278861,HUMAN_OBSERVATION,FCBA-UV,NA,NO APLICA,NA,González Gándara C.; De la Cruz Francisco V.; Argüelles Jiménez J.,NA,CC_BY_4_0,Comisión Nacional para el Conocimiento y Uso de la Biodiversidad (CONABIO),González Gándara C.,NotAType,NA,2025-07-05T04:15:43Z,NA,COORDINATE_ROUNDED;CONTINENT_DERIVED_FROM_COORDINATES;SCIENTIFIC_NAME_ID_NOT_FOUND;TAXON_ID_NOT_FOUND;DEPTH_MIN_MAX_SWAPPED;OCCURRENCE_STATUS_INFERRED_FROM_INDIVIDUAL_COUNT
1895698576,eda1016d-1f81-4c43-833f-5ae3f5b12504,64a282e49e1431d25779c78228502479,Animalia,Echinodermata,Echinoidea,Camarodonta,Echinometridae,Echinometra,Echinometra lucunter,NA,SPECIES,"Echinometra lucunter (Linnaeus, 1758)",Echinometra lucunter,"(Linnaeus, 1758)",MX,"Arrecife La Perla, extremo este del arrecife",NA,PRESENT,1,ff90b050-c256-11db-b71b-b8a03c50a862,18.540417,-94.809861,90,NA,0,0,3,3,2014-05-06,6,5,2014,2278861,2278861,HUMAN_OBSERVATION,FCBA-UV,NA,NO APLICA,NA,González Gándara C.; De la Cruz Francisco V.; Argüelles Jiménez J.,NA,CC_BY_4_0,Comisión Nacional para el Conocimiento y Uso de la Biodiversidad (CONABIO),De la Cruz Francisco V.,NotAType,NA,2025-07-05T04:15:43Z,NA,COORDINATE_ROUNDED;CONTINENT_DERIVED_FROM_COORDINATES;SCIENTIFIC_NAME_ID_NOT_FOUND;TAXON_ID_NOT_FOUND;DEPTH_MIN_MAX_SWAPPED;OCCURRENCE_STATUS_INFERRED_FROM_INDIVIDUAL_COUNT
1895698573,eda1016d-1f81-4c43-833f-5ae3f5b12504,a9ec77c63f4e3cb60337f31f99bb6398,Animalia,Echinodermata,Echinoidea,Camarodonta,Echinometridae,Echinometra,Echinometra lucunter,NA,SPECIES,"Echinometra lucunter (Linnaeus, 1758)",Echinometra lucunter,"(Linnaeus, 1758)",MX,"Arrecife Zapotitlán, área central del arrecife",NA,PRESENT,1,ff90b050-c256-11db-b71b-b8a03c50a862,18.501417,-94.781083,90,NA,0,0,1.5,1.5,2013-09-07,7,9,2013,2278861,2278861,HUMAN_OBSERVATION,FCBA-UV,NA,NO APLICA,NA,González Gándara C.; De la Cruz Francisco V.; Argüelles Jiménez J.,NA,CC_BY_4_0,Comisión Nacional para el Conocimiento y Uso de la Biodiversidad (CONABIO),González Gándara C.,NotAType,NA,2025-07-05T04:15:43Z,NA,COORDINATE_ROUNDED;CONTINENT_DERIVED_FROM_COORDINATES;SCIENTIFIC_NAME_ID_NOT_FOUND;TAXON_ID_NOT_FOUND;DEPTH_MIN_MAX_SWAPPED;OCCURRENCE_STATUS_INFERRED_FROM_INDIVIDUAL_COUNT
1895698570,eda1016d-1f81-4c43-833f-5ae3f5b12504,6425c1779d8acf63168071b372d9676d,Animalia,Echinodermata,Echinoidea,Camarodonta,Echinometridae,Echinometra,Echinometra lucunter,NA,SPECIES,"Echinometra lucunter (Linnaeus, 1758)",Echinometra lucunter,"(Linnaeus, 1758)",MX,"Arrecife Zapotitlán, área central del arrecife",NA,PRESENT,1,ff90b050-c256-11db-b71b-b8a03c50a862,18.495944,-94.778417,90,NA,0,0,2,2,2013-09-06,6,9,2013,2278861,2278861,HUMAN_OBSERVATION,FCBA-UV,NA,NO APLICA,NA,González Gándara C.; De la Cruz Francisco V.; Argüelles Jiménez J.,NA,CC_BY_4_0,Comisión Nacional para el Conocimiento y Uso de la Biodiversidad (CONABIO),González Gándara C.,NotAType,NA,2025-07-05T04:15:43Z,NA,COORDINATE_ROUNDED;CONTINENT_DERIVED_FROM_COORDINATES;SCIENTIFIC_NAME_ID_NOT_FOUND;TAXON_ID_NOT_FOUND;DEPTH_MIN_MAX_SWAPPED;OCCURRENCE_STATUS_INFERRED_FROM_INDIVIDUAL_COUNT
1895698564,eda1016d-1f81-4c43-833f-5ae3f5b12504,63a88e9b58741a887f088f96557e997e,Animalia,Echinodermata,Echinoidea,Camarodonta,Echinometridae,Echinometra,Echinometra lucunter,NA,SPECIES,"Echinometra lucunter (Linnaeus, 1758)",Echinometra lucunter,"(Linnaeus, 1758)",MX,"Arrecife Zapotitlán, al extremo sur del arrecife",NA,PRESENT,1,ff90b050-c256-11db-b71b-b8a03c50a862,18.48875,-94.778,90,NA,0,0,1,1,2013-09-05,5,9,2013,2278861,2278861,HUMAN_OBSERVATION,FCBA-UV,NA,NO APLICA,NA,González Gándara C.; De la Cruz Francisco V.; Argüelles Jiménez J.,NA,CC_BY_4_0,Comisión Nacional para el Conocimiento y Uso de la Biodiversidad (CONABIO),González Gándara C.,NotAType,NA,2025-07-05T04:15:43Z,NA,CONTINENT_DERIVED_FROM_COORDINATES;SCIENTIFIC_NAME_ID_NOT_FOUND;TAXON_ID_NOT_FOUND;DEPTH_MIN_MAX_SWAPPED;OCCURRENCE_STATUS_INFERRED_FROM_INDIVIDUAL_COUNT
1895698563,eda1016d-1f81-4c43-833f-5ae3f5b12504,7da56419718180c1fc3bdac3e1ac878f,Animalia,Echinodermata,Echinoidea,Camarodonta,Echinometridae,Echinometra,Echinometra lucunter,NA,SPECIES,"Echinometra lucunter (Linnaeus, 1758)",Echinometra lucunter,"(Linnaeus, 1758)",MX,"Arrecife Tripie, extremo sur del arrecife",NA,PRESENT,1,ff90b050-c256-11db-b71b-b8a03c50a862,18.176833,-94.3675,90,NA,0,0,6,6,2013-08-13,13,8,2013,2278861,2278861,HUMAN_OBSERVATION,FCBA-UV,NA,NO APLICA,NA,González Gándara C.; De la Cruz Francisco V.; Argüelles Jiménez J.,NA,CC_BY_4_0,Comisión Nacional para el Conocimiento y Uso de la Biodiversidad (CONABIO),González Gándara C.,NotAType,NA,2025-07-05T04:15:43Z,NA,COORDINATE_ROUNDED;CONTINENT_DERIVED_FROM_COORDINATES;SCIENTIFIC_NAME_ID_NOT_FOUND;TAXON_ID_NOT_FOUND;DEPTH_MIN_MAX_SWAPPED;OCCURRENCE_STATUS_INFERRED_FROM_INDIVIDUAL_COUNT
1895698559,eda1016d-1f81-4c43-833f-5ae3f5b12504,db64f3772c9a1ee45a9667551ab611ab,Animalia,Echinodermata,Echinoidea,Camarodonta,Echinometridae,Echinometra,Echinometra lucunter,NA,SPECIES,"Echinometra lucunter (Linnaeus, 1758)",Echinometra lucunter,"(Linnaeus, 1758)",MX,"Arrecife Zapotitlán, área central del arrecife",NA,PRESENT,1,ff90b050-c256-11db-b71b-b8a03c50a862,18.497056,-94.778417,90,NA,0,0,1.5,1.5,2013-09-06,6,9,2013,2278861,2278861,HUMAN_OBSERVATION,FCBA-UV,NA,NO APLICA,NA,González Gándara C.; De la Cruz Francisco V.; Argüelles Jiménez J.,NA,CC_BY_4_0,Comisión Nacional para el Conocimiento y Uso de la Biodiversidad (CONABIO),González Gándara C.,NotAType,NA,2025-07-05T04:15:43Z,NA,COORDINATE_ROUNDED;CONTINENT_DERIVED_FROM_COORDINATES;SCIENTIFIC_NAME_ID_NOT_FOUND;TAXON_ID_NOT_FOUND;DEPTH_MIN_MAX_SWAPPED;OCCURRENCE_STATUS_INFERRED_FROM_INDIVIDUAL_COUNT
1895698556,eda1016d-1f81-4c43-833f-5ae3f5b12504,a95c433ee82e711016cefdf8dc743643,Animalia,Echinodermata,Echinoidea,Camarodonta,Echinometridae,Echinometra,Echinometra lucunter,NA,SPECIES,"Echinometra lucunter (Linnaeus, 1758)",Echinometra lucunter,"(Linnaeus, 1758)",MX,"Arrecife Zapotitlán, al extremo sur del arrecife",NA,PRESENT,1,ff90b050-c256-11db-b71b-b8a03c50a862,18.48775,-94.777417,90,NA,0,0,2,2,2013-09-05,5,9,2013,2278861,2278861,HUMAN_OBSERVATION,FCBA-UV,NA,NO APLICA,NA,González Gándara C.; De la Cruz Francisco V.; Argüelles Jiménez J.,NA,CC_BY_4_0,Comisión Nacional para el Conocimiento y Uso de la Biodiversidad (CONABIO),González Gándara C.,NotAType,NA,2025-07-05T04:15:43Z,NA,COORDINATE_ROUNDED;CONTINENT_DERIVED_FROM_COORDINATES;SCIENTIFIC_NAME_ID_NOT_FOUND;TAXON_ID_NOT_FOUND;DEPTH_MIN_MAX_SWAPPED;OCCURRENCE_STATUS_INFERRED_FROM_INDIVIDUAL_COUNT
1895698548,eda1016d-1f81-4c43-833f-5ae3f5b12504,da54156eb284b682d24480ac198d7be9,Animalia,Echinodermata,Echinoidea,Camarodonta,Echinometridae,Echinometra,Echinometra lucunter,NA,SPECIES,"Echinometra lucunter (Linnaeus, 1758)",Echinometra lucunter,"(Linnaeus, 1758)",MX,"Arrecife Blanquilla, al este de barlovento",NA,PRESENT,1,ff90b050-c256-11db-b71b-b8a03c50a862,21.544694,-97.276972,70,NA,0,0,2.5,2.5,2013-03-23,23,3,2013,2278861,2278861,HUMAN_OBSERVATION,FCBA-UV,NA,NO APLICA,NA,González Gándara C.; De la Cruz Francisco V.; Argüelles Jiménez J.,NA,CC_BY_4_0,Comisión Nacional para el Conocimiento y Uso de la Biodiversidad (CONABIO),Argüelles Jiménez J.,NotAType,NA,2025-07-05T04:15:43Z,NA,COORDINATE_ROUNDED;CONTINENT_DERIVED_FROM_COORDINATES;SCIENTIFIC_NAME_ID_NOT_FOUND;TAXON_ID_NOT_FOUND;DEPTH_MIN_MAX_SWAPPED;OCCURRENCE_STATUS_INFERRED_FROM_INDIVIDUAL_COUNT
1895698545,eda1016d-1f81-4c43-833f-5ae3f5b12504,a7624bce7dbaa5d8db08f386ffef627d,Animalia,Echinodermata,Echinoidea,Camarodonta,Echinometridae,Echinometra,Echinometra lucunter,NA,SPECIES,"Echinometra lucunter (Linnaeus, 1758)",Echinometra lucunter,"(Linnaeus, 1758)",MX,"Arrecife Zapotitlán, área central del arrecife",NA,PRESENT,1,ff90b050-c256-11db-b71b-b8a03c50a862,18.496083,-94.778055,90,NA,0,0,2,2,2013-09-06,6,9,2013,2278861,2278861,HUMAN_OBSERVATION,FCBA-UV,NA,NO APLICA,NA,González Gándara C.; De la Cruz Francisco V.; Argüelles Jiménez J.,NA,CC_BY_4_0,Comisión Nacional para el Conocimiento y Uso de la Biodiversidad (CONABIO),Argüelles Jiménez J.,NotAType,NA,2025-07-05T04:15:43Z,NA,COORDINATE_ROUNDED;CONTINENT_DERIVED_FROM_COORDINATES;SCIENTIFIC_NAME_ID_NOT_FOUND;TAXON_ID_NOT_FOUND;DEPTH_MIN_MAX_SWAPPED;OCCURRENCE_STATUS_INFERRED_FROM_INDIVIDUAL_COUNT
1895698541,eda1016d-1f81-4c43-833f-5ae3f5b12504,7ab83889cf49cefe4d0dab8082ebd35c,Animalia,Echinodermata,Echinoidea,Camarodonta,Echinometridae,Echinometra,Echinometra lucunter,NA,SPECIES,"Echinometra lucunter (Linnaeus, 1758)",Echinometra lucunter,"(Linnaeus, 1758)",MX,"Arrecife La Perla, extremo este del arrecife",NA,PRESENT,1,ff90b050-c256-11db-b71b-b8a03c50a862,18.539472,-94.8085,90,NA,0,0,3,3,2013-06-17,17,6,2013,2278861,2278861,HUMAN_OBSERVATION,FCBA-UV,NA,NO APLICA,NA,González Gándara C.; De la Cruz Francisco V.; Argüelles Jiménez J.,NA,CC_BY_4_0,Comisión Nacional para el Conocimiento y Uso de la Biodiversidad (CONABIO),González Gándara C.,NotAType,NA,2025-07-05T04:15:43Z,NA,COORDINATE_ROUNDED;CONTINENT_DERIVED_FROM_COORDINATES;SCIENTIFIC_NAME_ID_NOT_FOUND;TAXON_ID_NOT_FOUND;DEPTH_MIN_MAX_SWAPPED;OCCURRENCE_STATUS_INFERRED_FROM_INDIVIDUAL_COUNT
1895698540,eda1016d-1f81-4c43-833f-5ae3f5b12504,c6f747747646e4b8757b8b7cf8acf0b2,Animalia,Echinodermata,Echinoidea,Camarodonta,Echinometridae,Echinometra,Echinometra lucunter,NA,SPECIES,"Echinometra lucunter (Linnaeus, 1758)",Echinometra lucunter,"(Linnaeus, 1758)",MX,"Arrecife Zapotitlán, área central del arrecife",NA,PRESENT,1,ff90b050-c256-11db-b71b-b8a03c50a862,18.495639,-94.778472,90,NA,0,0,1.5,1.5,2013-09-06,6,9,2013,2278861,2278861,HUMAN_OBSERVATION,FCBA-UV,NA,NO APLICA,NA,González Gándara C.; De la Cruz Francisco V.; Argüelles Jiménez J.,NA,CC_BY_4_0,Comisión Nacional para el Conocimiento y Uso de la Biodiversidad (CONABIO),González Gándara C.,NotAType,NA,2025-07-05T04:15:43Z,NA,COORDINATE_ROUNDED;CONTINENT_DERIVED_FROM_COORDINATES;SCIENTIFIC_NAME_ID_NOT_FOUND;TAXON_ID_NOT_FOUND;DEPTH_MIN_MAX_SWAPPED;OCCURRENCE_STATUS_INFERRED_FROM_INDIVIDUAL_COUNT
1895698534,eda1016d-1f81-4c43-833f-5ae3f5b12504,a679411d761289ffd2271722cfc5395e,Animalia,Echinodermata,Echinoidea,Camarodonta,Echinometridae,Echinometra,Echinometra lucunter,NA,SPECIES,"Echinometra lucunter (Linnaeus, 1758)",Echinometra lucunter,"(Linnaeus, 1758)",MX,"Arrecife Blanquilla, al este de barlovento",NA,PRESENT,1,ff90b050-c256-11db-b71b-b8a03c50a862,21.544444,-97.276805,70,NA,0,0,2.5,2.5,2013-03-23,23,3,2013,2278861,2278861,HUMAN_OBSERVATION,FCBA-UV,NA,NO APLICA,NA,González Gándara C.; De la Cruz Francisco V.; Argüelles Jiménez J.,NA,CC_BY_4_0,Comisión Nacional para el Conocimiento y Uso de la Biodiversidad (CONABIO),De la Cruz Francisco V.,NotAType,NA,2025-07-05T04:15:43Z,NA,COORDINATE_ROUNDED;CONTINENT_DERIVED_FROM_COORDINATES;SCIENTIFIC_NAME_ID_NOT_FOUND;TAXON_ID_NOT_FOUND;DEPTH_MIN_MAX_SWAPPED;OCCURRENCE_STATUS_INFERRED_FROM_INDIVIDUAL_COUNT
1895698532,eda1016d-1f81-4c43-833f-5ae3f5b12504,c694ea57dd5b09172f0b20479d2d53fd,Animalia,Echinodermata,Echinoidea,Camarodonta,Echinometridae,Echinometra,Echinometra lucunter,NA,SPECIES,"Echinometra lucunter (Linnaeus, 1758)",Echinometra lucunter,"(Linnaeus, 1758)",MX,"Arrecife La Perla, extremo oeste del arrecife, inmediaciones del barco undido",NA,PRESENT,1,ff90b050-c256-11db-b71b-b8a03c50a862,18.551028,-94.876694,90,NA,0,0,1.5,1.5,2013-09-08,8,9,2013,2278861,2278861,HUMAN_OBSERVATION,FCBA-UV,NA,NO APLICA,NA,González Gándara C.; De la Cruz Francisco V.; Argüelles Jiménez J.,NA,CC_BY_4_0,Comisión Nacional para el Conocimiento y Uso de la Biodiversidad (CONABIO),González Gándara C.,NotAType,NA,2025-07-05T04:15:43Z,NA,COORDINATE_ROUNDED;CONTINENT_DERIVED_FROM_COORDINATES;SCIENTIFIC_NAME_ID_NOT_FOUND;TAXON_ID_NOT_FOUND;DEPTH_MIN_MAX_SWAPPED;OCCURRENCE_STATUS_INFERRED_FROM_INDIVIDUAL_COUNT
1895698528,eda1016d-1f81-4c43-833f-5ae3f5b12504,c60da81b81ab6879707a1f8177ed98cf,Animalia,Echinodermata,Echinoidea,Camarodonta,Echinometridae,Echinometra,Echinometra lucunter,NA,SPECIES,"Echinometra lucunter (Linnaeus, 1758)",Echinometra lucunter,"(Linnaeus, 1758)",MX,"Arrecife La Perla, extremo oeste del arrecife",NA,PRESENT,1,ff90b050-c256-11db-b71b-b8a03c50a862,18.551111,-94.876111,90,NA,0,0,1.5,1.5,2013-09-08,8,9,2013,2278861,2278861,HUMAN_OBSERVATION,FCBA-UV,NA,NO APLICA,NA,González Gándara C.; De la Cruz Francisco V.; Argüelles Jiménez J.,NA,CC_BY_4_0,Comisión Nacional para el Conocimiento y Uso de la Biodiversidad (CONABIO),De la Cruz Francisco V.,NotAType,NA,2025-07-05T04:15:43Z,NA,COORDINATE_ROUNDED;CONTINENT_DERIVED_FROM_COORDINATES;SCIENTIFIC_NAME_ID_NOT_FOUND;TAXON_ID_NOT_FOUND;DEPTH_MIN_MAX_SWAPPED;OCCURRENCE_STATUS_INFERRED_FROM_INDIVIDUAL_COUNT
1895698526,eda1016d-1f81-4c43-833f-5ae3f5b12504,a37814f0c4f5dd127fa087f4e0bcab56,Animalia,Echinodermata,Echinoidea,Camarodonta,Echinometridae,Echinometra,Echinometra lucunter,NA,SPECIES,"Echinometra lucunter (Linnaeus, 1758)",Echinometra lucunter,"(Linnaeus, 1758)",MX,"Arrecife Zapotitlán, área central del arrecife",NA,PRESENT,1,ff90b050-c256-11db-b71b-b8a03c50a862,18.496889,-94.778694,90,NA,0,0,1.5,1.5,2013-09-06,6,9,2013,2278861,2278861,HUMAN_OBSERVATION,FCBA-UV,NA,NO APLICA,NA,González Gándara C.; De la Cruz Francisco V.; Argüelles Jiménez J.,NA,CC_BY_4_0,Comisión Nacional para el Conocimiento y Uso de la Biodiversidad (CONABIO),González Gándara C.,NotAType,NA,2025-07-05T04:15:43Z,NA,COORDINATE_ROUNDED;CONTINENT_DERIVED_FROM_COORDINATES;SCIENTIFIC_NAME_ID_NOT_FOUND;TAXON_ID_NOT_FOUND;DEPTH_MIN_MAX_SWAPPED;OCCURRENCE_STATUS_INFERRED_FROM_INDIVIDUAL_COUNT
1895698522,eda1016d-1f81-4c43-833f-5ae3f5b12504,a1bc42317bef1cf983506b2869c9a1a8,Animalia,Echinodermata,Echinoidea,Camarodonta,Echinometridae,Echinometra,Echinometra lucunter,NA,SPECIES,"Echinometra lucunter (Linnaeus, 1758)",Echinometra lucunter,"(Linnaeus, 1758)",MX,"Arrecife La Perla, extremo este del arrecife",NA,PRESENT,1,ff90b050-c256-11db-b71b-b8a03c50a862,18.540278,-94.809472,90,NA,0,0,3,3,2014-05-06,6,5,2014,2278861,2278861,HUMAN_OBSERVATION,FCBA-UV,NA,NO APLICA,NA,González Gándara C.; De la Cruz Francisco V.; Argüelles Jiménez J.,NA,CC_BY_4_0,Comisión Nacional para el Conocimiento y Uso de la Biodiversidad (CONABIO),Escárcega Quiroga A. P.,NotAType,NA,2025-07-05T04:15:43Z,NA,COORDINATE_ROUNDED;CONTINENT_DERIVED_FROM_COORDINATES;SCIENTIFIC_NAME_ID_NOT_FOUND;TAXON_ID_NOT_FOUND;DEPTH_MIN_MAX_SWAPPED;OCCURRENCE_STATUS_INFERRED_FROM_INDIVIDUAL_COUNT
1895698511,eda1016d-1f81-4c43-833f-5ae3f5b12504,c08d88f953bc14b96afff3de018d48c8,Animalia,Echinodermata,Echinoidea,Camarodonta,Echinometridae,Echinometra,Echinometra lucunter,NA,SPECIES,"Echinometra lucunter (Linnaeus, 1758)",Echinometra lucunter,"(Linnaeus, 1758)",MX,"Arrecife Zapotitlán, al extremo norte del arrecife",NA,PRESENT,1,ff90b050-c256-11db-b71b-b8a03c50a862,18.51625,-94.786305,90,NA,0,0,3,3,2013-06-18,18,6,2013,2278861,2278861,HUMAN_OBSERVATION,FCBA-UV,NA,NO APLICA,NA,González Gándara C.; De la Cruz Francisco V.; Argüelles Jiménez J.,NA,CC_BY_4_0,Comisión Nacional para el Conocimiento y Uso de la Biodiversidad (CONABIO),Argüelles Jiménez J.,NotAType,NA,2025-07-05T04:15:43Z,NA,COORDINATE_ROUNDED;CONTINENT_DERIVED_FROM_COORDINATES;SCIENTIFIC_NAME_ID_NOT_FOUND;TAXON_ID_NOT_FOUND;DEPTH_MIN_MAX_SWAPPED;OCCURRENCE_STATUS_INFERRED_FROM_INDIVIDUAL_COUNT
1895698501,eda1016d-1f81-4c43-833f-5ae3f5b12504,713837648f1a2fb5df399e93b2027752,Animalia,Echinodermata,Echinoidea,Camarodonta,Echinometridae,Echinometra,Echinometra lucunter,NA,SPECIES,"Echinometra lucunter (Linnaeus, 1758)",Echinometra lucunter,"(Linnaeus, 1758)",MX,"Arrecife Zapotitlán, al extremo sur del arrecife",NA,PRESENT,1,ff90b050-c256-11db-b71b-b8a03c50a862,18.487194,-94.775722,90,NA,0,0,3,3,2013-09-05,5,9,2013,2278861,2278861,HUMAN_OBSERVATION,FCBA-UV,NA,NO APLICA,NA,González Gándara C.; De la Cruz Francisco V.; Argüelles Jiménez J.,NA,CC_BY_4_0,Comisión Nacional para el Conocimiento y Uso de la Biodiversidad (CONABIO),Argüelles Jiménez J.,NotAType,NA,2025-07-05T04:15:43Z,NA,COORDINATE_ROUNDED;CONTINENT_DERIVED_FROM_COORDINATES;SCIENTIFIC_NAME_ID_NOT_FOUND;TAXON_ID_NOT_FOUND;DEPTH_MIN_MAX_SWAPPED;OCCURRENCE_STATUS_INFERRED_FROM_INDIVIDUAL_COUNT
1895698500,eda1016d-1f81-4c43-833f-5ae3f5b12504,5290be4fdadc483fb119707f5b3b7f1f,Animalia,Echinodermata,Echinoidea,Camarodonta,Echinometridae,Echinometra,Echinometra lucunter,NA,SPECIES,"Echinometra lucunter (Linnaeus, 1758)",Echinometra lucunter,"(Linnaeus, 1758)",MX,"Arrecife La Perla, extremo oeste del arrecife",NA,PRESENT,1,ff90b050-c256-11db-b71b-b8a03c50a862,18.551,-94.872639,90,NA,0,0,1,1,2013-09-08,8,9,2013,2278861,2278861,HUMAN_OBSERVATION,FCBA-UV,NA,NO APLICA,NA,González Gándara C.; De la Cruz Francisco V.; Argüelles Jiménez J.,NA,CC_BY_4_0,Comisión Nacional para el Conocimiento y Uso de la Biodiversidad (CONABIO),González Gándara C.,NotAType,NA,2025-07-05T04:15:43Z,NA,COORDINATE_ROUNDED;CONTINENT_DERIVED_FROM_COORDINATES;SCIENTIFIC_NAME_ID_NOT_FOUND;TAXON_ID_NOT_FOUND;DEPTH_MIN_MAX_SWAPPED;OCCURRENCE_STATUS_INFERRED_FROM_INDIVIDUAL_COUNT
1895698496,eda1016d-1f81-4c43-833f-5ae3f5b12504,712fbb3de2bee3968b9f9ceb6f52839d,Animalia,Echinodermata,Echinoidea,Camarodonta,Echinometridae,Echinometra,Echinometra lucunter,NA,SPECIES,"Echinometra lucunter (Linnaeus, 1758)",Echinometra lucunter,"(Linnaeus, 1758)",MX,"Arrecife Zapotitlán, área central del arrecife",NA,PRESENT,1,ff90b050-c256-11db-b71b-b8a03c50a862,18.509694,-94.77975,90,NA,0,0,6,6,2014-05-07,7,5,2014,2278861,2278861,HUMAN_OBSERVATION,FCBA-UV,NA,NO APLICA,NA,González Gándara C.; De la Cruz Francisco V.; Argüelles Jiménez J.,NA,CC_BY_4_0,Comisión Nacional para el Conocimiento y Uso de la Biodiversidad (CONABIO),González Gándara C.,NotAType,NA,2025-07-05T04:15:43Z,NA,COORDINATE_ROUNDED;CONTINENT_DERIVED_FROM_COORDINATES;SCIENTIFIC_NAME_ID_NOT_FOUND;TAXON_ID_NOT_FOUND;DEPTH_MIN_MAX_SWAPPED;OCCURRENCE_STATUS_INFERRED_FROM_INDIVIDUAL_COUNT
1895698493,eda1016d-1f81-4c43-833f-5ae3f5b12504,9bdb366509128166a2933e06a0f9b8ed,Animalia,Echinodermata,Echinoidea,Camarodonta,Echinometridae,Echinometra,Echinometra lucunter,NA,SPECIES,"Echinometra lucunter (Linnaeus, 1758)",Echinometra lucunter,"(Linnaeus, 1758)",MX,"Arrecife La Perla, extremo oeste del arrecife",NA,PRESENT,1,ff90b050-c256-11db-b71b-b8a03c50a862,18.551417,-94.872278,90,NA,0,0,1.5,1.5,2013-09-08,8,9,2013,2278861,2278861,HUMAN_OBSERVATION,FCBA-UV,NA,NO APLICA,NA,González Gándara C.; De la Cruz Francisco V.; Argüelles Jiménez J.,NA,CC_BY_4_0,Comisión Nacional para el Conocimiento y Uso de la Biodiversidad (CONABIO),González Gándara C.,NotAType,NA,2025-07-05T04:15:43Z,NA,COORDINATE_ROUNDED;CONTINENT_DERIVED_FROM_COORDINATES;SCIENTIFIC_NAME_ID_NOT_FOUND;TAXON_ID_NOT_FOUND;DEPTH_MIN_MAX_SWAPPED;OCCURRENCE_STATUS_INFERRED_FROM_INDIVIDUAL_COUNT
1895698489,eda1016d-1f81-4c43-833f-5ae3f5b12504,36519f9064a99cc41a4909f294b206fb,Animalia,Echinodermata,Echinoidea,Camarodonta,Echinometridae,Echinometra,Echinometra lucunter,NA,SPECIES,"Echinometra lucunter (Linnaeus, 1758)",Echinometra lucunter,"(Linnaeus, 1758)",MX,"Arrecife Zapotitlán, área central del arrecife",NA,PRESENT,1,ff90b050-c256-11db-b71b-b8a03c50a862,18.501778,-94.781028,90,NA,0,0,1.5,1.5,2013-09-07,7,9,2013,2278861,2278861,HUMAN_OBSERVATION,FCBA-UV,NA,NO APLICA,NA,González Gándara C.; De la Cruz Francisco V.; Argüelles Jiménez J.,NA,CC_BY_4_0,Comisión Nacional para el Conocimiento y Uso de la Biodiversidad (CONABIO),Argüelles Jiménez J.,NotAType,NA,2025-07-05T04:15:43Z,NA,COORDINATE_ROUNDED;CONTINENT_DERIVED_FROM_COORDINATES;SCIENTIFIC_NAME_ID_NOT_FOUND;TAXON_ID_NOT_FOUND;DEPTH_MIN_MAX_SWAPPED;OCCURRENCE_STATUS_INFERRED_FROM_INDIVIDUAL_COUNT
1895698484,eda1016d-1f81-4c43-833f-5ae3f5b12504,34e46ee4059da3fd80504a2c9d287b60,Animalia,Echinodermata,Echinoidea,Camarodonta,Echinometridae,Echinometra,Echinometra lucunter,NA,SPECIES,"Echinometra lucunter (Linnaeus, 1758)",Echinometra lucunter,"(Linnaeus, 1758)",MX,"Arrecife La Perla, extremo este del arrecife",NA,PRESENT,1,ff90b050-c256-11db-b71b-b8a03c50a862,18.540111,-94.809944,90,NA,0,0,3,3,2014-05-06,6,5,2014,2278861,2278861,HUMAN_OBSERVATION,FCBA-UV,NA,NO APLICA,NA,González Gándara C.; De la Cruz Francisco V.; Argüelles Jiménez J.,NA,CC_BY_4_0,Comisión Nacional para el Conocimiento y Uso de la Biodiversidad (CONABIO),De la Cruz Francisco V.,NotAType,NA,2025-07-05T04:15:43Z,NA,COORDINATE_ROUNDED;CONTINENT_DERIVED_FROM_COORDINATES;SCIENTIFIC_NAME_ID_NOT_FOUND;TAXON_ID_NOT_FOUND;DEPTH_MIN_MAX_SWAPPED;OCCURRENCE_STATUS_INFERRED_FROM_INDIVIDUAL_COUNT
1895698481,eda1016d-1f81-4c43-833f-5ae3f5b12504,515cfd1c9fca1f86a3b5430be3fd4ba0,Animalia,Echinodermata,Echinoidea,Camarodonta,Echinometridae,Echinometra,Echinometra lucunter,NA,SPECIES,"Echinometra lucunter (Linnaeus, 1758)",Echinometra lucunter,"(Linnaeus, 1758)",MX,"Arrecife Zapotitlán, al extremo sur del arrecife",NA,PRESENT,1,ff90b050-c256-11db-b71b-b8a03c50a862,18.488111,-94.777361,90,NA,0,0,1,1,2013-09-05,5,9,2013,2278861,2278861,HUMAN_OBSERVATION,FCBA-UV,NA,NO APLICA,NA,González Gándara C.; De la Cruz Francisco V.; Argüelles Jiménez J.,NA,CC_BY_4_0,Comisión Nacional para el Conocimiento y Uso de la Biodiversidad (CONABIO),González Gándara C.,NotAType,NA,2025-07-05T04:15:43Z,NA,COORDINATE_ROUNDED;CONTINENT_DERIVED_FROM_COORDINATES;SCIENTIFIC_NAME_ID_NOT_FOUND;TAXON_ID_NOT_FOUND;DEPTH_MIN_MAX_SWAPPED;OCCURRENCE_STATUS_INFERRED_FROM_INDIVIDUAL_COUNT
1895698478,eda1016d-1f81-4c43-833f-5ae3f5b12504,bb84e24db00f49c5a8bcf2dc869b5c64,Animalia,Echinodermata,Echinoidea,Camarodonta,Echinometridae,Echinometra,Echinometra lucunter,NA,SPECIES,"Echinometra lucunter (Linnaeus, 1758)",Echinometra lucunter,"(Linnaeus, 1758)",MX,"Arrecife Zapotitlán, área central del arrecife",NA,PRESENT,1,ff90b050-c256-11db-b71b-b8a03c50a862,18.500611,-94.780389,90,NA,0,0,1.5,1.5,2013-09-07,7,9,2013,2278861,2278861,HUMAN_OBSERVATION,FCBA-UV,NA,NO APLICA,NA,González Gándara C.; De la Cruz Francisco V.; Argüelles Jiménez J.,NA,CC_BY_4_0,Comisión Nacional para el Conocimiento y Uso de la Biodiversidad (CONABIO),González Gándara C.,NotAType,NA,2025-07-05T04:15:43Z,NA,COORDINATE_ROUNDED;CONTINENT_DERIVED_FROM_COORDINATES;SCIENTIFIC_NAME_ID_NOT_FOUND;TAXON_ID_NOT_FOUND;DEPTH_MIN_MAX_SWAPPED;OCCURRENCE_STATUS_INFERRED_FROM_INDIVIDUAL_COUNT
1895698476,eda1016d-1f81-4c43-833f-5ae3f5b12504,9795daf66217070452bba6ec91a4f06e,Animalia,Echinodermata,Echinoidea,Camarodonta,Echinometridae,Echinometra,Echinometra lucunter,NA,SPECIES,"Echinometra lucunter (Linnaeus, 1758)",Echinometra lucunter,"(Linnaeus, 1758)",MX,"Arrecife Zapotitlán, área central del arrecife",NA,PRESENT,1,ff90b050-c256-11db-b71b-b8a03c50a862,18.511139,-94.779361,90,NA,0,0,6,6,2014-05-07,7,5,2014,2278861,2278861,HUMAN_OBSERVATION,FCBA-UV,NA,NO APLICA,NA,González Gándara C.; De la Cruz Francisco V.; Argüelles Jiménez J.,NA,CC_BY_4_0,Comisión Nacional para el Conocimiento y Uso de la Biodiversidad (CONABIO),Escárcega Quiroga A. P.,NotAType,NA,2025-07-05T04:15:43Z,NA,COORDINATE_ROUNDED;CONTINENT_DERIVED_FROM_COORDINATES;SCIENTIFIC_NAME_ID_NOT_FOUND;TAXON_ID_NOT_FOUND;DEPTH_MIN_MAX_SWAPPED;OCCURRENCE_STATUS_INFERRED_FROM_INDIVIDUAL_COUNT
1895698474,eda1016d-1f81-4c43-833f-5ae3f5b12504,341dac84ed34ad5fa57883b1881dc0bc,Animalia,Echinodermata,Echinoidea,Camarodonta,Echinometridae,Echinometra,Echinometra lucunter,NA,SPECIES,"Echinometra lucunter (Linnaeus, 1758)",Echinometra lucunter,"(Linnaeus, 1758)",MX,"Arrecife Zapotitlán, al extremo sur del arrecife",NA,PRESENT,1,ff90b050-c256-11db-b71b-b8a03c50a862,18.490667,-94.777389,90,NA,0,0,1,1,2013-09-05,5,9,2013,2278861,2278861,HUMAN_OBSERVATION,FCBA-UV,NA,NO APLICA,NA,González Gándara C.; De la Cruz Francisco V.; Argüelles Jiménez J.,NA,CC_BY_4_0,Comisión Nacional para el Conocimiento y Uso de la Biodiversidad (CONABIO),González Gándara C.,NotAType,NA,2025-07-05T04:15:43Z,NA,COORDINATE_ROUNDED;CONTINENT_DERIVED_FROM_COORDINATES;SCIENTIFIC_NAME_ID_NOT_FOUND;TAXON_ID_NOT_FOUND;DEPTH_MIN_MAX_SWAPPED;OCCURRENCE_STATUS_INFERRED_FROM_INDIVIDUAL_COUNT
1895698468,eda1016d-1f81-4c43-833f-5ae3f5b12504,96ef6c196b7db1be302f22e9ed15132f,Animalia,Echinodermata,Echinoidea,Camarodonta,Echinometridae,Echinometra,Echinometra lucunter,NA,SPECIES,"Echinometra lucunter (Linnaeus, 1758)",Echinometra lucunter,"(Linnaeus, 1758)",MX,"Arrecife Zapotitlán, al extremo sur del arrecife",NA,PRESENT,1,ff90b050-c256-11db-b71b-b8a03c50a862,18.487333,-94.7755,90,NA,0,0,3,3,2013-09-05,5,9,2013,2278861,2278861,HUMAN_OBSERVATION,FCBA-UV,NA,NO APLICA,NA,González Gándara C.; De la Cruz Francisco V.; Argüelles Jiménez J.,NA,CC_BY_4_0,Comisión Nacional para el Conocimiento y Uso de la Biodiversidad (CONABIO),González Gándara C.,NotAType,NA,2025-07-05T04:15:43Z,NA,COORDINATE_ROUNDED;CONTINENT_DERIVED_FROM_COORDINATES;SCIENTIFIC_NAME_ID_NOT_FOUND;TAXON_ID_NOT_FOUND;DEPTH_MIN_MAX_SWAPPED;OCCURRENCE_STATUS_INFERRED_FROM_INDIVIDUAL_COUNT
1895698465,eda1016d-1f81-4c43-833f-5ae3f5b12504,4fb3fedf05911e689a3c1600c2d6ebf3,Animalia,Echinodermata,Echinoidea,Camarodonta,Echinometridae,Echinometra,Echinometra lucunter,NA,SPECIES,"Echinometra lucunter (Linnaeus, 1758)",Echinometra lucunter,"(Linnaeus, 1758)",MX,"Arrecife La Perla, porción central del arrecife",NA,PRESENT,1,ff90b050-c256-11db-b71b-b8a03c50a862,18.543972,-94.825805,90,NA,0,0,1.5,1.5,2013-09-07,7,9,2013,2278861,2278861,HUMAN_OBSERVATION,FCBA-UV,NA,NO APLICA,NA,González Gándara C.; De la Cruz Francisco V.; Argüelles Jiménez J.,NA,CC_BY_4_0,Comisión Nacional para el Conocimiento y Uso de la Biodiversidad (CONABIO),González Gándara C.,NotAType,NA,2025-07-05T04:15:43Z,NA,COORDINATE_ROUNDED;CONTINENT_DERIVED_FROM_COORDINATES;SCIENTIFIC_NAME_ID_NOT_FOUND;TAXON_ID_NOT_FOUND;DEPTH_MIN_MAX_SWAPPED;OCCURRENCE_STATUS_INFERRED_FROM_INDIVIDUAL_COUNT
1895698464,eda1016d-1f81-4c43-833f-5ae3f5b12504,31cf245d8e83365bfb189b222498d13f,Animalia,Echinodermata,Echinoidea,Camarodonta,Echinometridae,Echinometra,Echinometra lucunter,NA,SPECIES,"Echinometra lucunter (Linnaeus, 1758)",Echinometra lucunter,"(Linnaeus, 1758)",MX,"Arrecife La Perla, extremo este del arrecife",NA,PRESENT,1,ff90b050-c256-11db-b71b-b8a03c50a862,18.539333,-94.807972,90,NA,0,0,3,3,2013-06-17,17,6,2013,2278861,2278861,HUMAN_OBSERVATION,FCBA-UV,NA,NO APLICA,NA,González Gándara C.; De la Cruz Francisco V.; Argüelles Jiménez J.,NA,CC_BY_4_0,Comisión Nacional para el Conocimiento y Uso de la Biodiversidad (CONABIO),De la Cruz Francisco V.,NotAType,NA,2025-07-05T04:15:43Z,NA,COORDINATE_ROUNDED;CONTINENT_DERIVED_FROM_COORDINATES;SCIENTIFIC_NAME_ID_NOT_FOUND;TAXON_ID_NOT_FOUND;DEPTH_MIN_MAX_SWAPPED;OCCURRENCE_STATUS_INFERRED_FROM_INDIVIDUAL_COUNT
1895698462,eda1016d-1f81-4c43-833f-5ae3f5b12504,0a32e7466d7e8f1c21325c09aa672047,Animalia,Echinodermata,Echinoidea,Camarodonta,Echinometridae,Echinometra,Echinometra lucunter,NA,SPECIES,"Echinometra lucunter (Linnaeus, 1758)",Echinometra lucunter,"(Linnaeus, 1758)",MX,"Arrecife La Perla, porción central del arrecife",NA,PRESENT,1,ff90b050-c256-11db-b71b-b8a03c50a862,18.54425,-94.827583,90,NA,0,0,1,1,2013-09-07,7,9,2013,2278861,2278861,HUMAN_OBSERVATION,FCBA-UV,NA,NO APLICA,NA,González Gándara C.; De la Cruz Francisco V.; Argüelles Jiménez J.,NA,CC_BY_4_0,Comisión Nacional para el Conocimiento y Uso de la Biodiversidad (CONABIO),De la Cruz Francisco V.,NotAType,NA,2025-07-05T04:15:43Z,NA,COORDINATE_ROUNDED;CONTINENT_DERIVED_FROM_COORDINATES;SCIENTIFIC_NAME_ID_NOT_FOUND;TAXON_ID_NOT_FOUND;DEPTH_MIN_MAX_SWAPPED;OCCURRENCE_STATUS_INFERRED_FROM_INDIVIDUAL_COUNT
1895698461,eda1016d-1f81-4c43-833f-5ae3f5b12504,6e34d1967b6a6ee97b1c17406037373c,Animalia,Echinodermata,Echinoidea,Camarodonta,Echinometridae,Echinometra,Echinometra lucunter,NA,SPECIES,"Echinometra lucunter (Linnaeus, 1758)",Echinometra lucunter,"(Linnaeus, 1758)",MX,"Arrecife La Perla, extremo oeste del arrecife, inmediaciones del barco undido",NA,PRESENT,1,ff90b050-c256-11db-b71b-b8a03c50a862,18.551361,-94.877083,90,NA,0,0,2,2,2013-09-08,8,9,2013,2278861,2278861,HUMAN_OBSERVATION,FCBA-UV,NA,NO APLICA,NA,González Gándara C.; De la Cruz Francisco V.; Argüelles Jiménez J.,NA,CC_BY_4_0,Comisión Nacional para el Conocimiento y Uso de la Biodiversidad (CONABIO),González Gándara C.,NotAType,NA,2025-07-05T04:15:43Z,NA,COORDINATE_ROUNDED;CONTINENT_DERIVED_FROM_COORDINATES;SCIENTIFIC_NAME_ID_NOT_FOUND;TAXON_ID_NOT_FOUND;DEPTH_MIN_MAX_SWAPPED;OCCURRENCE_STATUS_INFERRED_FROM_INDIVIDUAL_COUNT
1895698457,eda1016d-1f81-4c43-833f-5ae3f5b12504,4eed4ee80099f889d715244f3331189e,Animalia,Echinodermata,Echinoidea,Camarodonta,Echinometridae,Echinometra,Echinometra lucunter,NA,SPECIES,"Echinometra lucunter (Linnaeus, 1758)",Echinometra lucunter,"(Linnaeus, 1758)",MX,"Arrecife La Perla, extremo oeste del arrecife, inmediaciones del barco undido",NA,PRESENT,1,ff90b050-c256-11db-b71b-b8a03c50a862,18.551417,-94.876833,90,NA,0,0,2,2,2013-09-08,8,9,2013,2278861,2278861,HUMAN_OBSERVATION,FCBA-UV,NA,NO APLICA,NA,González Gándara C.; De la Cruz Francisco V.; Argüelles Jiménez J.,NA,CC_BY_4_0,Comisión Nacional para el Conocimiento y Uso de la Biodiversidad (CONABIO),Argüelles Jiménez J.,NotAType,NA,2025-07-05T04:15:43Z,NA,COORDINATE_ROUNDED;CONTINENT_DERIVED_FROM_COORDINATES;SCIENTIFIC_NAME_ID_NOT_FOUND;TAXON_ID_NOT_FOUND;DEPTH_MIN_MAX_SWAPPED;OCCURRENCE_STATUS_INFERRED_FROM_INDIVIDUAL_COUNT
1895698456,eda1016d-1f81-4c43-833f-5ae3f5b12504,6ded31c1d5ac4a5fdf0d05a7550f469f,Animalia,Echinodermata,Echinoidea,Camarodonta,Echinometridae,Echinometra,Echinometra lucunter,NA,SPECIES,"Echinometra lucunter (Linnaeus, 1758)",Echinometra lucunter,"(Linnaeus, 1758)",MX,"Arrecife Zapotitlán, área central del arrecife",NA,PRESENT,1,ff90b050-c256-11db-b71b-b8a03c50a862,18.500444,-94.781083,90,NA,0,0,1.5,1.5,2013-09-07,7,9,2013,2278861,2278861,HUMAN_OBSERVATION,FCBA-UV,NA,NO APLICA,NA,González Gándara C.; De la Cruz Francisco V.; Argüelles Jiménez J.,NA,CC_BY_4_0,Comisión Nacional para el Conocimiento y Uso de la Biodiversidad (CONABIO),González Gándara C.,NotAType,NA,2025-07-05T04:15:43Z,NA,COORDINATE_ROUNDED;CONTINENT_DERIVED_FROM_COORDINATES;SCIENTIFIC_NAME_ID_NOT_FOUND;TAXON_ID_NOT_FOUND;DEPTH_MIN_MAX_SWAPPED;OCCURRENCE_STATUS_INFERRED_FROM_INDIVIDUAL_COUNT
1895698455,eda1016d-1f81-4c43-833f-5ae3f5b12504,3032ad54135c9a8187ac38073d8bc3ec,Animalia,Echinodermata,Echinoidea,Camarodonta,Echinometridae,Echinometra,Echinometra lucunter,NA,SPECIES,"Echinometra lucunter (Linnaeus, 1758)",Echinometra lucunter,"(Linnaeus, 1758)",MX,"Arrecife Zapotitlán, área central del arrecife",NA,PRESENT,1,ff90b050-c256-11db-b71b-b8a03c50a862,18.510333,-94.781583,90,NA,0,0,3,3,2013-09-06,6,9,2013,2278861,2278861,HUMAN_OBSERVATION,FCBA-UV,NA,NO APLICA,NA,González Gándara C.; De la Cruz Francisco V.; Argüelles Jiménez J.,NA,CC_BY_4_0,Comisión Nacional para el Conocimiento y Uso de la Biodiversidad (CONABIO),González Gándara C.,NotAType,NA,2025-07-05T04:15:43Z,NA,COORDINATE_ROUNDED;CONTINENT_DERIVED_FROM_COORDINATES;SCIENTIFIC_NAME_ID_NOT_FOUND;TAXON_ID_NOT_FOUND;DEPTH_MIN_MAX_SWAPPED;OCCURRENCE_STATUS_INFERRED_FROM_INDIVIDUAL_COUNT
1895698439,eda1016d-1f81-4c43-833f-5ae3f5b12504,05ef5e78ac989a518e1876988f99de99,Animalia,Echinodermata,Echinoidea,Camarodonta,Echinometridae,Echinometra,Echinometra lucunter,NA,SPECIES,"Echinometra lucunter (Linnaeus, 1758)",Echinometra lucunter,"(Linnaeus, 1758)",MX,"Arrecife La Perla, porción central del arrecife",NA,PRESENT,1,ff90b050-c256-11db-b71b-b8a03c50a862,18.544556,-94.826694,90,NA,0,0,2,2,2013-09-07,7,9,2013,2278861,2278861,HUMAN_OBSERVATION,FCBA-UV,NA,NO APLICA,NA,González Gándara C.; De la Cruz Francisco V.; Argüelles Jiménez J.,NA,CC_BY_4_0,Comisión Nacional para el Conocimiento y Uso de la Biodiversidad (CONABIO),González Gándara C.,NotAType,NA,2025-07-05T04:15:43Z,NA,COORDINATE_ROUNDED;CONTINENT_DERIVED_FROM_COORDINATES;SCIENTIFIC_NAME_ID_NOT_FOUND;TAXON_ID_NOT_FOUND;DEPTH_MIN_MAX_SWAPPED;OCCURRENCE_STATUS_INFERRED_FROM_INDIVIDUAL_COUNT
1895698436,eda1016d-1f81-4c43-833f-5ae3f5b12504,2d2db34138daeedc312e38348846a881,Animalia,Echinodermata,Echinoidea,Camarodonta,Echinometridae,Echinometra,Echinometra lucunter,NA,SPECIES,"Echinometra lucunter (Linnaeus, 1758)",Echinometra lucunter,"(Linnaeus, 1758)",MX,"Arrecife La Perla, extremo oeste del arrecife, inmediaciones del barco undido",NA,PRESENT,1,ff90b050-c256-11db-b71b-b8a03c50a862,18.550944,-94.876417,90,NA,0,0,1.5,1.5,2013-09-08,8,9,2013,2278861,2278861,HUMAN_OBSERVATION,FCBA-UV,NA,NO APLICA,NA,González Gándara C.; De la Cruz Francisco V.; Argüelles Jiménez J.,NA,CC_BY_4_0,Comisión Nacional para el Conocimiento y Uso de la Biodiversidad (CONABIO),González Gándara C.,NotAType,NA,2025-07-05T04:15:43Z,NA,COORDINATE_ROUNDED;CONTINENT_DERIVED_FROM_COORDINATES;SCIENTIFIC_NAME_ID_NOT_FOUND;TAXON_ID_NOT_FOUND;DEPTH_MIN_MAX_SWAPPED;OCCURRENCE_STATUS_INFERRED_FROM_INDIVIDUAL_COUNT
1895698411,eda1016d-1f81-4c43-833f-5ae3f5b12504,6787d6e09f73d0218ea2ec043c56a91c,Animalia,Echinodermata,Echinoidea,Camarodonta,Echinometridae,Echinometra,Echinometra lucunter,NA,SPECIES,"Echinometra lucunter (Linnaeus, 1758)",Echinometra lucunter,"(Linnaeus, 1758)",MX,"Arrecife La Perla, porción central del arrecife",NA,PRESENT,1,ff90b050-c256-11db-b71b-b8a03c50a862,18.544528,-94.826194,90,NA,0,0,2.5,2.5,2013-09-07,7,9,2013,2278861,2278861,HUMAN_OBSERVATION,FCBA-UV,NA,NO APLICA,NA,González Gándara C.; De la Cruz Francisco V.; Argüelles Jiménez J.,NA,CC_BY_4_0,Comisión Nacional para el Conocimiento y Uso de la Biodiversidad (CONABIO),González Gándara C.,NotAType,NA,2025-07-05T04:15:43Z,NA,COORDINATE_ROUNDED;CONTINENT_DERIVED_FROM_COORDINATES;SCIENTIFIC_NAME_ID_NOT_FOUND;TAXON_ID_NOT_FOUND;DEPTH_MIN_MAX_SWAPPED;OCCURRENCE_STATUS_INFERRED_FROM_INDIVIDUAL_COUNT
1895698382,eda1016d-1f81-4c43-833f-5ae3f5b12504,421e90167a2188a9a9ecf4442373805a,Animalia,Echinodermata,Echinoidea,Camarodonta,Echinometridae,Echinometra,Echinometra lucunter,NA,SPECIES,"Echinometra lucunter (Linnaeus, 1758)",Echinometra lucunter,"(Linnaeus, 1758)",MX,"Arrecife La Perla, porción central del arrecife",NA,PRESENT,1,ff90b050-c256-11db-b71b-b8a03c50a862,18.544083,-94.827861,90,NA,0,0,1,1,2013-09-07,7,9,2013,2278861,2278861,HUMAN_OBSERVATION,FCBA-UV,NA,NO APLICA,NA,González Gándara C.; De la Cruz Francisco V.; Argüelles Jiménez J.,NA,CC_BY_4_0,Comisión Nacional para el Conocimiento y Uso de la Biodiversidad (CONABIO),González Gándara C.,NotAType,NA,2025-07-05T04:15:43Z,NA,COORDINATE_ROUNDED;CONTINENT_DERIVED_FROM_COORDINATES;SCIENTIFIC_NAME_ID_NOT_FOUND;TAXON_ID_NOT_FOUND;DEPTH_MIN_MAX_SWAPPED;OCCURRENCE_STATUS_INFERRED_FROM_INDIVIDUAL_COUNT
1895698371,eda1016d-1f81-4c43-833f-5ae3f5b12504,1dd0d6483660cf1a6a48a4f5c07bdf35,Animalia,Echinodermata,Echinoidea,Camarodonta,Echinometridae,Echinometra,Echinometra lucunter,NA,SPECIES,"Echinometra lucunter (Linnaeus, 1758)",Echinometra lucunter,"(Linnaeus, 1758)",MX,"Arrecife La Perla, porción central del arrecife",NA,PRESENT,1,ff90b050-c256-11db-b71b-b8a03c50a862,18.543667,-94.827194,90,NA,0,0,1,1,2013-09-07,7,9,2013,2278861,2278861,HUMAN_OBSERVATION,FCBA-UV,NA,NO APLICA,NA,González Gándara C.; De la Cruz Francisco V.; Argüelles Jiménez J.,NA,CC_BY_4_0,Comisión Nacional para el Conocimiento y Uso de la Biodiversidad (CONABIO),González Gándara C.,NotAType,NA,2025-07-05T04:15:43Z,NA,COORDINATE_ROUNDED;CONTINENT_DERIVED_FROM_COORDINATES;SCIENTIFIC_NAME_ID_NOT_FOUND;TAXON_ID_NOT_FOUND;DEPTH_MIN_MAX_SWAPPED;OCCURRENCE_STATUS_INFERRED_FROM_INDIVIDUAL_COUNT
1835182541,60c45f15-135d-42fb-8b8e-dd11c6375ad8,Proyecto Miranda-LEE_0165,Animalia,Echinodermata,Echinoidea,Camarodonta,Echinometridae,Echinometra,Echinometra lucunter,NA,SPECIES,"Echinometra lucunter (Linnaeus, 1758)",Echinometra lucunter,"(Linnaeus, 1758)",VE,Rocas cerca de playa el diablo,Miranda,PRESENT,NA,1e9400fa-ce73-4737-9eaa-f25df148945c,10.6524,-66.24744,NA,NA,NA,NA,4.5,1.5,2011-09-14,14,9,2011,2278861,2278861,HUMAN_OBSERVATION,USB,Proyecto Miranda-LEE,CV265,NA,NA,NA,CC0_1_0,NA,César Herrera,NA,NA,2025-07-31T12:09:29Z,NA,GEODETIC_DATUM_ASSUMED_WGS84;CONTINENT_DERIVED_FROM_COORDINATES
1418950336,80756e72-f762-11e1-a439-00145eb45e9a,3b5d219ee01760985479942d6b41f243,Animalia,Echinodermata,Echinoidea,Camarodonta,Echinometridae,Echinometra,Echinometra lucunter,NA,SPECIES,"Echinometra lucunter (Linnaeus, 1758)",Echinometra lucunter,"(Linnaeus, 1758)",MX,"Chabihau, Microcuenca de Chabihau, 5km al E de San Crisanto, 10km al O de Santa Clara, Carretera costera a Dzilam de Bravo, vegetación de Manglar.",Yucatan,PRESENT,1,ff90b050-c256-11db-b71b-b8a03c50a862,21.389333,-89.093028,70,NA,0,0,2.5,2.5,2002-02-01,1,2,2002,2278861,2278861,PRESERVED_SPECIMEN,CINVESTAV-IPN,CINVESTAV,EHLH-00253,NA,Tejeda Yazmín,NA,CC_BY_4_0,Comisión Nacional para el Conocimiento y Uso de la Biodiversidad (CONABIO),Avilés Gerardo; Yerbes Margarita; Vera David; Uch Carlos; Canul Irving; Valdez Johnny,NotAType,NA,2025-07-05T04:11:33Z,NA,COORDINATE_ROUNDED;GEODETIC_DATUM_ASSUMED_WGS84;CONTINENT_DERIVED_FROM_COORDINATES;SCIENTIFIC_NAME_ID_NOT_FOUND;TAXON_ID_NOT_FOUND;DEPTH_MIN_MAX_SWAPPED;OCCURRENCE_STATUS_INFERRED_FROM_INDIVIDUAL_COUNT;COLLECTION_MATCH_NONE;INSTITUTION_MATCH_FUZZY;DIFFERENT_OWNER_INSTITUTION
1418950226,80756e72-f762-11e1-a439-00145eb45e9a,70c6bb253b2a10553b4829e06128f633,Animalia,Echinodermata,Echinoidea,Camarodonta,Echinometridae,Echinometra,Echinometra lucunter,NA,SPECIES,"Echinometra lucunter (Linnaeus, 1758)",Echinometra lucunter,"(Linnaeus, 1758)",MX,"Chabihau, Microcuenca de Chabihau, 5km al E de San Crisanto, 10km al O de Santa Clara, Carretera costera a Dzilam de Bravo, vegetación de Manglar.",Yucatan,PRESENT,1,ff90b050-c256-11db-b71b-b8a03c50a862,21.384944,-89.092028,70,NA,0,0,1.5,1.5,2002-02-01,1,2,2002,2278861,2278861,PRESERVED_SPECIMEN,CINVESTAV-IPN,CINVESTAV,EHLH-00254,NA,Tejeda Yazmín,NA,CC_BY_4_0,Comisión Nacional para el Conocimiento y Uso de la Biodiversidad (CONABIO),Avilés Gerardo; Yerbes Margarita; Vera David; Uch Carlos; Canul Irving; Valdez Johnny,NotAType,NA,2025-07-05T04:11:33Z,NA,COORDINATE_ROUNDED;GEODETIC_DATUM_ASSUMED_WGS84;CONTINENT_DERIVED_FROM_COORDINATES;SCIENTIFIC_NAME_ID_NOT_FOUND;TAXON_ID_NOT_FOUND;DEPTH_MIN_MAX_SWAPPED;OCCURRENCE_STATUS_INFERRED_FROM_INDIVIDUAL_COUNT;COLLECTION_MATCH_NONE;INSTITUTION_MATCH_FUZZY;DIFFERENT_OWNER_INSTITUTION
